times,voltages
0,0
0,0
0,0
0,0
1,0
1,0
1,0
1,0
2,0
2,0
2,0
2,0
3,0
3,0
5,0
10,0
16,0
22,0
28,0
34,0
41,0
48,0
54,0
60,0
66,0
72,0
78,0
84,0
91,0
97,0
103,0
111,0
118,0
125,0
133,0
140,0
147,0
154,0
161,0
168,0
177,0
184,0
191,0
198,0
205,0
212,0
220,0
227,0
234,0
242,0
249,0
257,0
264,0
271,0
278,0
285,0
292,0
300,0
308,0
315,0
322,0
329,0
336,0
344,0
351,0
358,0
365,0
372,0
380,0
388,0
395,0
402,0
409,0
416,0
423,0
431,0
438,0
446,0
453,0
460,0
467,0
475,0
482,0
489,0
496,0
503,0
512,0
519,0
526,0
533,0
540,0
547,0
555,0
562,0
569,0
577,0
584,0
591,0
599,0
606,0
613,0
620,0
627,0
634,0
643,0
650,0
657,0
664,0
671,0
678,0
686,0
693,0
700,0
708,0
715,0
722,0
730,0
737,0
744,0
751,0
758,0
765,0
774,0
781,0
788,0
795,0
802,0
809,0
817,0
824,0
831,0
838,0
846,0
854,0
861,0
868,0
875,0
882,0
889,0
897,0
904,0
912,0
919,0
926,0
933,0
941,0
948,0
955,0
962,0
969,0
977,0
985,0
992,0
999,0
1006,0
1014,0
1022,0
1031,0
1040,0
1048,0
1056,0
1064,0
1073,0
1081,0
1089,0
1097,0
1106,0
1115,0
1123,0
1131,0
1139,0
1147,0
1156,0
1164,0
1173,0
1181,0
1189,0
1198,0
1206,0
1214,0
1222,0
1230,0
1240,0
1248,0
1256,0
1264,0
1272,0
1281,0
1289,0
1297,0
1306,0
1314,0
1323,0
1331,0
1339,0
1347,0
1355,0
1363,0
1373,0
1381,0
1389,0
1397,0
1405,0
1414,0
1422,0
1430,0
1439,0
1447,0
1456,0
1464,0
1472,0
1480,0
1488,0
1497,0
1506,0
1514,0
1522,0
1530,0
1539,0
1547,0
1555,0
1563,0
1572,0
1581,0
1589,0
1597,0
1605,0
1613,0
1622,0
1630,0
1639,0
1647,0
1655,0
1664,0
1672,0
1680,0
1688,0
1696,0
1705,0
1714,0
1722,0
1730,0
1738,0
1746,0
1755,0
1763,0
1772,0
1780,0
1788,0
1797,0
1805,0
1813,0
1821,0
1829,0
1839,0
1847,0
1855,0
1863,0
1871,0
1880,0
1888,0
1896,0
1905,0
1913,0
1922,0
1930,0
1938,0
1946,0
1954,0
1963,0
1972,0
1980,0
1988,0
1996,0
2004,0
2013,0
2021,0
2029,0
2038,0
2046,0
2055,0
2063,0
2071,0
2079,0
2087,0
2096,0
2105,0
2113,0
2121,0
2129,0
2138,0
2146,0
2154,0
2162,0
2171,0
2180,0
2188,0
2196,0
2204,0
2212,0
2221,0
2229,0
2238,0
2246,0
2254,0
2263,0
2271,0
2279,0
2287,0
2295,0
2305,0
2313,0
2321,0
2329,0
2337,0
2345,0
2354,0
2362,0
2371,0
2379,0
2387,0
2396,0
2404,0
2412,0
2420,0
2428,0
2438,0
2446,0
2454,0
2462,0
2470,0
2479,0
2487,0
2495,0
2504,0
2512,0
2521,0
2529,0
2537,0
2545,0
2553,0
2562,0
2571,0
2579,0
2587,0
2595,0
2604,0
2612,0
2620,0
2628,0
2637,0
2646,0
2654,0
2662,0
2670,0
2678,0
2686,0
2695,0
2704,0
2712,0
2720,0
2728,0
2737,0
2745,0
2753,0
2761,0
2770,0
2779,0
2787,0
2795,0
2803,0
2811,0
2820,0
2828,0
2837,0
2845,0
2853,0
2862,0
2870,0
2878,0
2886,0
2894,0
2904,0
2912,0
2920,0
2928,0
2936,0
2945,0
2953,0
2961,0
2970,0
2978,0
2987,0
2995,0
3003,0
3011,0
3019,0
3027,0
3037,0
3045,0
3053,0
3061,0
3069,0
3078,0
3086,0
3094,0
3103,0
3111,0
3120,0
3128,0
3136,0
3144,0
3152,0
3161,0
3170,0
3178,0
3186,0
3194,0
3203,0
3211,0
3219,0
3227,0
3236,0
3245,0
3253,0
3261,0
3269,0
3277,0
3286,0
3294,0
3303,0
3311,0
3319,0
3328,0
3336,0
3344,0
3352,0
3360,0
3369,0
3378,0
3386,0
3394,0
3402,0
3410,0
3419,0
3427,0
3436,0
3444,0
3452,0
3461,0
3469,0
3477,0
3485,0
3493,0
3503,0
3511,0
3519,0
3527,0
3535,0
3544,0
3552,0
3560,0
3569,0
3577,0
3586,0
3594,0
3602,0
3610,0
3618,0
3627,0
3636,0
3644,0
3652,0
3660,0
3668,0
3677,0
3685,0
3693,0
3702,0
3710,0
3719,0
3727,0
3735,0
3743,0
3751,0
3760,0
3769,0
3777,0
3785,0
3793,0
3802,0
3810,0
3818,0
3826,0
3835,0
3844,0
3852,0
3860,0
3868,0
3876,0
3885,0
3893,0
3902,0
3910,0
3918,0
3927,0
3935,0
3943,0
3951,0
3959,0
3969,0
3977,0
3985,0
3993,0
4001,0
4009,0
4018,0
4026,0
4035,0
4043,0
4051,0
4060,0
4068,0
4076,0
4084,0
4092,0
4102,0
4110,0
4118,0
4126,0
4134,0
4143,0
4151,0
4159,0
4168,0
4176,0
4185,0
4193,0
4201,0
4209,0
4217,0
4226,0
4235,0
4243,0
4251,0
4259,0
4268,0
4276,0
4284,0
4292,0
4301,0
4310,0
4318,0
4326,0
4334,0
4342,0
4350,0
4359,0
4368,0
4376,0
4384,0
4392,0
4401,0
4409,0
4417,0
4425,0
4434,0
4443,0
4451,0
4459,0
4467,0
4475,0
4484,0
4492,0
4501,0
4509,0
4517,0
4526,0
4534,0
4542,0
4550,0
4558,0
4568,0
4576,0
4584,0
4592,0
4600,0
4609,0
4617,0
4625,0
4634,0
4642,0
4651,0
4659,0
4667,0
4675,0
4683,0
4691,0
4701,0
4709,0
4717,0
4725,0
4733,0
4742,0
4750,0
4758,0
4767,0
4775,0
4784,0
4792,0
4800,0
4808,0
4816,0
4825,0
4834,0
4842,0
4850,0
4858,0
4867,0
4875,0
4883,0
4891,0
4900,0
4909,0
4917,0
4925,0
4933,0
4941,0
4950,0
4958,0
4967,0
4975,0
4983,0
4992,0
5000,0
5008,0
5016,0
5024,0
5033,0
5042,0
5050,0
5058,0
5066,0
5074,0
5083,0
5091,0
5100,0
5108,0
5116,0
5125,0
5133,0
5141,0
5149,0
5157,0
5167,0
5175,0
5183,0
5191,0
5199,0
5208,0
5216,0
5224,0
5233,0
5241,0
5250,0
5258,0
5266,0
5274,0
5282,0
5291,0
5300,0
5308,0
5316,0
5324,0
5332,0
5341,0
5349,0
5357,0
5366,0
5374,0
5383,0
5391,0
5399,0
5407,0
5415,0
5424,0
5433,0
5441,0
5449,0
5457,0
5466,0
5474,0
5482,0
5490,0
5499,0
5508,0
5516,0
5524,0
5532,0
5540,0
5549,0
5557,0
5566,0
5574,0
5582,0
5591,0
5599,0
5607,0
5615,0
5623,0
5633,0
5641,0
5649,0
5657,0
5665,0
5673,0
5682,0
5690,0
5699,0
5707,0
5715,0
5724,0
5732,0
5740,0
5748,0
5756,0
5766,0
5774,0
5782,0
5790,0
5798,0
5807,0
5815,0
5823,0
5832,0
5840,0
5849,0
5857,0
5865,0
5873,0
5881,0
5890,0
5899,0
5907,0
5915,0
5923,0
5932,0
5940,0
5948,0
5956,0
5965,0
5974,0
5982,0
5990,0
5998,0
6006,0
6014,0
6023,0
6032,0
6040,0
6048,0
6056,0
6065,0
6073,0
6081,0
6089,0
6098,0
6107,0
6115,0
6123,0
6131,0
6139,0
6148,0
6156,0
6165,0
6173,0
6181,0
6190,0
6198,0
6206,0
6214,0
6222,0
6232,0
6240,0
6248,0
6256,0
6264,0
6273,0
6281,0
6289,0
6298,0
6306,0
6315,0
6323,0
6331,0
6339,0
6347,0
6355,0
6365,0
6373,0
6381,0
6389,0
6397,0
6406,0
6414,0
6422,0
6431,0
6439,0
6448,0
6456,0
6464,0
6472,0
6480,0
6489,0
6498,0
6506,0
6514,0
6522,0
6531,0
6539,0
6547,0
6555,0
6564,0
6573,0
6581,0
6589,0
6597,0
6605,0
6614,0
6622,0
6631,0
6639,0
6647,0
6656,0
6664,0
6672,0
6680,0
6688,7
6697,6
6706,12
6715,21
6724,27
6733,36
6743,41
6752,47
6761,52
6771,55
6780,62
6790,65
6799,69
6808,71
6817,76
6827,80
6837,82
6846,86
6855,88
6864,95
6874,96
6883,100
6893,102
6904,102
6915,106
6925,107
6935,109
6945,111
6956,113
6967,116
6977,118
6987,118
6998,122
7008,125
7018,128
7028,130
7040,132
7050,135
7060,139
7070,143
7080,148
7091,153
7102,158
7112,164
7122,168
7133,175
7143,180
7153,180
7164,184
7175,183
7185,160
7195,127
7205,86
7215,61
7224,54
7234,72
7243,92
7252,110
7263,136
7273,145
7283,162
7293,174
7305,182
7315,192
7325,198
7335,204
7346,209
7356,210
7367,213
7377,214
7388,212
7398,205
7408,196
7418,173
7430,127
7440,103
7450,90
7459,86
7469,91
7478,100
7488,106
7499,114
7510,116
7520,115
7530,121
7540,123
7550,125
7561,127
7572,128
7582,133
7592,134
7603,136
7613,141
7623,141
7634,142
7645,144
7655,145
7665,147
7675,147
7686,147
7697,150
7707,152
7717,154
7728,156
7738,157
7748,161
7758,161
7770,162
7780,166
7790,167
7800,168
7811,170
7821,170
7832,173
7842,174
7853,174
7863,177
7873,177
7883,177
7894,179
7905,177
7915,180
7925,179
7936,179
7946,181
7956,180
7967,181
7977,182
7988,181
7998,184
8008,183
8018,183
8030,185
8040,184
8050,184
8060,184
8071,184
8081,185
8091,184
8102,183
8113,184
8123,183
8133,182
8143,181
8154,179
8165,181
8175,179
8185,179
8196,178
8206,177
8216,178
8226,178
8238,176
8248,178
8258,178
8268,177
8279,180
8289,181
8300,183
8310,184
8321,183
8331,186
8341,186
8351,187
8363,190
8373,189
8383,189
8393,165
8403,160
8414,169
8424,178
8435,185
8445,194
8456,199
8466,204
8476,207
8486,208
8498,210
8508,211
8518,213
8528,214
8539,210
8549,202
8559,41
8569,0
8578,0
8586,5
8594,17
8603,27
8612,38
8622,48
8632,59
8641,69
8650,82
8659,107
8670,179
8680,213
8690,232
8701,245
8712,255
8722,258
8732,262
8742,261
8753,256
8764,253
8774,246
8784,239
8795,235
8805,228
8815,217
8825,203
8837,195
8847,194
8857,206
8867,239
8878,294
8888,498
8899,535
8909,551
8920,569
8930,595
8940,621
8950,642
8962,660
8972,672
8982,672
8992,659
9003,640
9013,626
9023,612
9034,604
9044,601
9055,597
9065,602
9075,604
9085,609
9097,618
9107,623
9117,628
9127,622
9138,583
9148,520
9158,365
9169,152
9180,76
9189,91
9198,114
9208,136
9219,157
9230,183
9240,206
9250,227
9261,247
9271,267
9281,287
9291,295
9303,300
9313,304
9323,303
9333,296
9344,283
9354,262
9365,239
9375,208
9385,167
9396,111
9406,24
9415,0
9423,0
9433,0
9441,0
9449,0
9457,0
9465,0
9474,0
9482,0
9490,77
9500,266
9510,608
9521,791
9531,920
9541,979
9551,987
9563,1002
9574,1004
9585,996
9595,976
9606,942
9616,903
9627,866
9637,825
9648,786
9658,743
9668,706
9678,686
9689,675
9700,676
9710,686
9720,699
9731,717
9741,728
9751,730
9762,725
9773,712
9783,703
9793,699
9803,692
9814,683
9824,677
9835,673
9845,676
9856,678
9866,679
9876,682
9886,683
9897,685
9908,684
9918,680
9928,676
9938,673
9949,669
9960,667
9970,664
9980,661
9991,658
10001,656
10012,655
10023,656
10036,657
10047,656
10058,657
10070,660
10081,667
10093,667
10104,668
10116,669
10127,670
10138,670
10149,671
10162,672
10173,675
10184,674
10195,673
10207,672
10218,671
10230,670
10242,667
10253,664
10264,660
10275,654
10287,652
10299,651
10310,647
10321,604
10333,557
10344,545
10355,566
10368,619
10379,699
10390,800
10401,933
10413,1012
10426,1023
10438,1023
10450,1006
10463,961
10474,931
10485,885
10498,735
10509,701
10520,687
10531,679
10543,674
10554,672
10566,673
10577,676
10589,678
10600,680
10611,684
10622,687
10635,688
10646,693
10657,695
10669,695
10680,698
10692,698
10703,697
10715,697
10726,695
10737,691
10748,690
10761,667
10772,658
10783,651
10795,650
10806,649
10817,653
10829,659
10841,662
10852,665
10863,671
10874,676
10886,678
10898,683
10909,686
10920,686
10932,687
10943,687
10954,671
10967,657
10978,651
10989,647
11000,644
11012,648
11024,649
11035,649
11046,651
11058,651
11069,650
11080,650
11092,649
11104,649
11115,648
11126,648
11138,648
11149,647
11161,647
11172,646
11184,646
11195,646
11206,645
11217,643
11230,643
11241,642
11252,642
11264,641
11275,641
11286,640
11298,639
11310,639
11321,638
11332,638
11343,638
11355,637
11367,637
11378,637
11389,636
11401,636
11412,635
11424,635
11436,634
11447,634
11458,633
11469,633
11481,633
11493,632
11504,632
11515,631
11527,631
11538,630
11549,630
11561,630
11573,629
11584,629
11595,629
11607,629
11618,628
11630,628
11641,627
11653,627
11664,627
11675,626
11686,626
11699,625
11710,625
11721,624
11732,624
11744,624
11756,623
11767,623
11779,623
11790,622
11801,622
11812,621
11825,620
11836,620
11847,619
11858,619
11870,618
11881,618
11893,617
11905,617
11916,616
11927,616
11938,616
11950,615
11962,615
11973,615
11984,614
11996,613
12007,613
12018,612
12030,612
12042,611
12053,605
12064,597
12076,590
12087,584
12099,580
12110,577
12122,574
12133,574
12144,578
12156,580
12168,576
12179,573
12190,566
12201,1001
12214,1000
12227,998
12238,997
12250,995
12261,994
12272,992
12283,991
12296,989
12307,988
12318,986
12329,985
12341,984
12352,982
12364,981
12376,979
12387,978
12398,976
12409,975
12422,973
12433,972
12444,970
12455,968
12467,967
12478,966
12490,964
12502,963
12513,962
12524,961
12535,959
12547,957
12559,956
12570,954
12581,953
12593,952
12604,951
12615,949
12627,947
12639,946
12650,945
12661,943
12673,942
12684,941
12696,939
12707,938
12719,936
12730,935
12741,934
12752,933
12765,931
12776,929
12787,928
12798,928
12810,926
12822,924
12833,923
12845,921
12856,920
12867,919
12878,918
12891,916
12902,915
12913,914
12924,912
12936,911
12947,910
12959,909
12971,907
12982,906
12993,904
13004,903
13016,901
13028,901
13039,898
13050,898
13062,896
13073,895
13084,894
13096,892
13108,891
13119,890
13130,889
13142,887
13154,886
13165,885
13176,883
13188,882
13199,881
13210,880
13222,878
13234,877
13245,876
13256,875
13267,873
13279,872
13291,871
13302,870
13314,869
13325,867
13336,866
13347,864
13360,863
13371,862
13382,861
13393,860
13405,858
13416,857
13428,857
13440,855
13451,854
13462,852
13473,851
13485,850
13497,849
13508,848
13519,847
13531,845
13542,844
13554,842
13565,841
13577,840
13588,839
13599,837
13611,837
13623,835
13634,834
13645,833
13657,832
13668,831
13679,830
13691,828
13703,827
13714,826
13725,825
13736,824
13748,822
13760,822
13771,820
13783,819
13794,818
13805,817
13816,815
13829,814
13840,813
13851,813
13862,811
13874,810
13886,808
13897,808
13908,807
13920,805
13931,804
13942,803
13955,802
13966,801
13977,800
13988,799
14000,797
14011,796
14023,795
14034,794
14046,793
14057,792
14068,791
14080,790
14092,788
14103,787
14114,786
14126,784
14137,784
14148,783
14160,782
14172,780
14183,779
14194,779
14205,778
14217,776
14229,775
14240,774
14252,773
14263,772
14274,771
14286,770
14298,768
14309,767
14320,767
14331,765
14343,764
14355,763
14366,762
14377,761
14389,760
14400,759
14411,758
14424,757
14435,756
14446,754
14457,753
14469,753
14480,751
14492,750
14503,749
14515,748
14526,747
14537,746
14548,745
14561,744
14572,743
14583,742
14595,741
14606,740
14618,739
14629,738
14641,737
14652,735
14663,735
14674,734
14687,733
14698,732
14709,731
14721,730
14732,729
14743,727
14755,727
14767,726
14778,725
14789,724
14800,723
14812,722
14824,721
14835,720
14846,719
14858,718
14869,717
14880,715
14893,714
14904,714
14915,713
14926,711
14938,711
14949,710
14961,709
14972,708
14984,707
14995,706
15006,705
15019,704
15030,703
15041,702
15052,701
15064,700
15075,699
15087,698
15098,697
15110,696
15121,695
15132,694
15143,693
15156,692
15167,691
15178,690
15190,689
15201,688
15212,687
15224,687
15236,686
15247,685
15258,684
15269,683
15281,682
15293,681
15304,681
15315,679
15327,679
15338,678
15350,677
15362,675
15373,675
15384,674
15395,673
15407,672
15419,671
15430,671
15441,669
15453,668
15464,667
15475,667
15488,666
15499,665
15510,664
15521,663
15533,662
15544,662
15556,661
15567,660
15579,659
15590,657
15601,657
15612,656
15625,655
15636,655
15647,654
15659,652
15670,652
15681,651
15693,650
15705,649
15716,648
15727,647
15738,646
15751,646
15762,645
15773,644
15784,643
15796,642
15807,641
15819,641
15831,640
15842,639
15853,637
15864,637
15876,636
15888,635
15899,634
15910,634
15922,632
15933,632
15944,631
15956,630
15968,629
15979,629
15990,627
16002,627
16013,625
16025,625
16036,624
16048,623
16059,622
16070,622
16082,621
16094,620
16105,619
16116,618
16128,617
16139,617
16151,616
16162,615
16174,614
16185,613
16196,612
16207,612
16220,610
16231,610
16242,609
16253,608
16265,607
16276,607
16288,606
16300,606
16311,604
16322,603
16333,603
16345,602
16357,601
16368,600
16379,599
16391,598
16402,598
16413,597
16425,596
16437,596
16448,594
16459,594
16471,593
16483,592
16494,591
16505,591
16517,589
16528,589
16539,588
16551,587
16563,587
16574,586
16585,585
16596,584
16608,584
16620,582
16631,582
16643,581
16654,580
16665,580
16676,579
16689,578
16700,577
16711,576
16722,576
16734,575
16745,574
16757,573
16769,573
16780,572
16791,571
16802,570
16815,569
16826,569
16837,568
16848,567
16860,567
16871,566
16883,565
16894,564
16906,563
16917,563
16928,562
16940,561
16952,561
16963,559
16974,559
16986,558
16997,557
17008,557
17020,556
17032,555
17043,554
17054,554
17065,553
17077,553
17089,551
17100,551
17112,550
17123,550
17134,549
17145,548
17158,548
17169,547
17180,546
17191,545
17203,544
17215,544
17226,543
17238,543
17249,542
17260,541
17271,541
17284,539
17295,539
17306,538
17317,537
17329,537
17340,536
17352,535
17363,535
17375,534
17386,533
17397,533
17409,531
17421,531
17432,530
17443,530
17455,529
17466,529
17477,528
17489,527
17501,526
17512,525
17523,525
17534,524
17547,524
17558,523
17569,522
17581,521
17592,520
17603,520
17615,519
17627,518
17638,518
17649,517
17660,517
17672,516
17684,515
17695,514
17707,514
17718,513
17729,512
17740,511
17753,511
17764,510
17775,509
17786,509
17798,508
17809,507
17821,506
17832,506
17844,505
17855,505
17866,504
17878,503
17890,502
17901,502
17912,501
17924,501
17935,500
17947,499
17958,499
17970,499
17981,498
17992,496
18003,496
18016,496
18027,495
18038,494
18050,493
18061,493
18072,492
18084,492
18096,491
18107,490
18118,489
18129,489
18141,489
18153,487
18164,487
18176,486
18187,486
18198,485
18209,485
18222,484
18233,483
18244,483
18255,482
18267,481
18279,481
18290,480
18301,479
18313,479
18324,479
18335,478
18348,477
18359,476
18370,476
18381,475
18393,474
18404,474
18416,474
18427,473
18439,472
18450,472
18461,471
18472,471
18485,470
18496,469
18507,468
18519,468
18530,467
18541,467
18553,466
18565,465
18576,465
18587,465
18598,463
18610,463
18622,463
18633,461
18644,461
18656,460
18667,460
18679,459
18691,459
18702,458
18713,457
18724,457
18736,456
18748,456
18759,455
18770,454
18782,454
18793,453
18804,452
18817,452
18828,452
18839,451
18850,450
18862,449
18873,449
18885,448
18896,448
18908,448
18919,447
18930,446
18941,446
18954,445
18965,444
18976,443
18988,443
18999,443
19011,442
19022,442
19034,441
19045,440
19056,440
19067,439
19080,438
19091,438
19102,438
19113,437
19125,436
19136,435
19148,435
19160,435
19171,434
19182,433
19193,432
19205,432
19217,431
19228,431
19239,431
19251,430
19262,429
19273,429
19286,428
19297,428
19308,427
19319,427
19331,426
19342,425
19354,425
19365,424
19377,424
19388,423
19399,422
19411,422
19423,422
19434,421
19445,420
19457,420
19468,420
19480,418
19491,418
19503,417
19514,417
19525,416
19536,416
19549,415
19560,415
19571,415
19582,414
19594,413
19605,413
19617,412
19629,412
19640,411
19651,411
19662,410
19674,409
19686,409
19697,409
19708,408
19720,407
19731,407
19743,406
19755,406
19766,405
19777,405
19788,404
19800,403
19812,404
19823,403
19834,402
19846,402
19857,402
19868,400
19880,400
19892,400
19903,399
19914,399
19926,399
19937,397
19949,397
19960,396
19972,396
19983,395
19994,395
20005,395
20018,394
20029,393
20040,393
20051,393
20063,392
20074,391
20086,391
20098,391
20109,390
20120,389
20131,389
20144,388
20155,388
20166,388
20177,386
20189,386
20200,386
20212,385
20224,385
20235,384
20246,384
20257,383
20269,383
20281,382
20292,382
20303,381
20315,381
20326,380
20337,379
20349,379
20361,379
20372,379
20383,377
20395,377
20406,377
20418,376
20429,376
20441,375
20452,375
20463,374
20475,374
20487,373
20498,373
20509,372
20520,372
20532,371
20544,371
20555,371
20567,370
20578,370
20589,369
20600,368
20613,368
20624,368
20635,367
20646,367
20658,366
20669,366
20681,365
20692,364
20704,364
20715,363
20726,364
20738,363
20750,362
20761,362
20772,361
20784,361
20795,361
20806,360
20818,359
20830,359
20841,358
20852,358
20864,357
20876,357
20887,357
20898,356
20910,356
20921,355
20932,355
20944,354
20956,354
20967,353
20978,353
20989,353
21001,352
21013,352
21024,352
21036,351
21047,350
21058,350
21069,349
21082,349
21093,348
21104,348
21115,348
21127,347
21138,347
21150,346
21161,346
21173,345
21184,345
21195,345
21208,344
21219,344
21230,343
21241,343
21253,343
21264,342
21276,342
21287,341
21299,342
21310,341
21321,340
21332,339
21345,339
21356,340
21367,339
21379,338
21390,338
21401,338
21413,337
21425,337
21436,336
21447,336
21458,336
21470,335
21482,334
21493,334
21505,334
21516,334
21527,333
21538,333
21551,332
21562,332
21573,332
21584,331
21596,331
21608,331
21619,330
21630,330
21642,329
21653,329
21664,328
21677,328
21688,328
21699,327
21710,327
21722,326
21733,326
21745,325
21756,326
21768,325
21779,324
21790,325
21801,324
21814,323
21825,323
21836,323
21848,322
21859,322
21870,321
21882,321
21894,321
21905,320
21916,320
21927,320
21940,320
21951,319
21962,318
21974,318
21985,318
21996,318
22008,317
22020,317
22031,317
22042,316
22053,316
22065,316
22077,315
22088,314
22099,315
22111,314
22122,313
22133,313
22146,313
22157,313
22168,312
22179,312
22191,311
22202,311
22214,310
22225,311
22237,310
22248,309
22259,309
22270,309
22283,308
22294,308
22305,308
22317,307
22328,307
22340,307
22351,306
22363,306
22374,306
22385,305
22396,305
22409,304
22420,305
22431,304
22443,303
22454,303
22465,303
22477,303
22489,302
22500,301
22511,301
22522,301
22534,301
22546,300
22557,300
22568,299
22580,299
22591,299
22602,299
22615,298
22626,298
22637,297
22648,297
22660,296
22672,296
22683,296
22694,296
22706,296
22717,294
22728,294
22740,294
22752,295
22763,293
22774,293
22786,293
22797,292
22809,292
22820,292
22832,292
22843,291
22854,291
22865,291
22878,290
22889,289
22900,290
22912,289
22923,289
22934,288
22946,288
22958,288
22969,288
22980,287
22991,287
23003,286
23015,286
23026,286
23037,285
23049,286
23060,285
23072,284
23084,284
23095,284
23106,284
23117,283
23129,283
23141,283
23152,282
23163,282
23175,281
23186,280
23197,281
23209,281
23221,280
23232,280
23243,279
23255,279
23266,279
23278,279
23289,278
23301,278
23312,277
23323,277
23334,277
23347,277
23358,277
23369,275
23380,276
23392,275
23404,275
23415,275
23427,274
23438,274
23449,274
23460,273
23473,273
23484,273
23495,272
23506,272
23518,272
23529,272
23541,272
23553,271
23564,271
23575,270
23586,270
23598,269
23610,269
23621,269
23632,268
23644,268
23655,268
23666,268
23678,267
23690,267
23701,267
23712,266
23724,267
23735,266
23747,266
23758,265
23770,265
23781,265
23792,265
23804,264
23816,264
23827,264
23838,263
23849,263
23861,262
23873,262
23884,261
23896,262
23907,261
23918,261
23929,261
23942,260
23953,260
23964,260
23975,259
23987,259
23998,259
24010,258
24022,258
24033,258
24044,257
24055,257
24067,257
24079,257
24090,256
24101,256
24113,256
24124,256
24136,256
24147,255
24159,255
24170,254
24181,254
24193,253
24205,253
24216,253
24227,254
24239,252
24250,252
24261,252
24273,252
24285,251
24296,251
24307,251
24318,251
24330,250
24342,250
24353,250
24365,249
24376,249
24387,249
24398,248
24411,248
24422,247
24433,248
24444,247
24456,247
24467,247
24479,247
24491,246
24502,246
24513,246
24524,245
24537,245
24548,244
24559,245
24570,244
24582,244
24593,244
24605,244
24616,243
24628,242
24639,242
24650,242
24662,242
24674,241
24685,241
24696,241
24708,240
24719,241
24730,240
24742,240
24754,239
24765,239
24776,239
24787,239
24799,239
24811,238
24822,238
24834,237
24845,237
24856,237
24868,237
24880,237
24891,236
24902,237
24913,235
24925,235
24937,235
24948,235
24960,235
24971,234
24982,234
24993,234
25006,233
25017,233
25028,233
25039,233
25051,232
25062,232
25074,232
25085,232
25097,232
25108,231
25119,231
25131,231
25143,231
25154,230
25165,230
25177,229
25188,229
25199,229
25211,229
25223,229
25234,228
25245,228
25256,227
25269,227
25280,227
25291,227
25303,227
25314,226
25325,226
25337,226
25349,226
25360,225
25371,225
25382,225
25394,225
25406,225
25417,224
25428,224
25440,223
25451,223
25462,223
25475,223
25486,223
25497,222
25508,222
25520,222
25531,222
25543,221
25554,221
25566,221
25577,220
25588,220
25601,220
25612,220
25623,220
25634,219
25646,220
25657,219
25669,219
25680,218
25692,219
25703,218
25714,217
25725,217
25738,217
25749,216
25760,216
25772,216
25783,216
25794,216
25806,216
25818,216
25829,215
25840,215
25851,214
25863,214
25875,214
25886,213
25897,214
25909,213
25920,213
25931,213
25944,213
25955,212
25966,212
25977,212
25989,212
26001,211
26012,211
26023,211
26035,211
26046,211
26057,210
26070,210
26081,210
26092,209
26103,209
26115,209
26126,208
26138,208
26149,208
26161,208
26172,208
26183,208
26194,208
26207,207
26218,207
26229,207
26241,207
26252,206
26263,206
26275,206
26287,206
26298,206
26309,205
26320,205
26333,205
26344,204
26355,204
26366,203
26378,204
26389,204
26401,203
26413,203
26424,202
26435,202
26446,202
26458,202
26470,202
26481,201
26492,201
26504,201
26515,201
26526,201
26539,200
26550,200
26561,200
26572,199
26584,200
26595,199
26607,199
26618,199
26630,198
26641,198
26652,199
26663,198
26676,198
26687,198
26698,197
26710,197
26721,197
26733,196
26744,196
26756,196
26767,195
26778,196
26789,195
26802,196
26813,195
26824,195
26835,195
26847,195
26858,194
26870,194
26882,193
26893,193
26904,194
26915,193
26927,193
26939,192
26950,193
26961,192
26973,192
26984,192
26995,191
27008,191
27019,191
27030,191
27041,190
27053,190
27065,191
27076,190
27087,190
27099,189
27110,189
27121,189
27133,189
27145,189
27156,188
27167,188
27179,187
27190,188
27202,187
27213,187
27225,187
27236,187
27247,187
27258,186
27271,186
27282,186
27293,186
27304,186
27316,186
27327,185
27339,185
27351,185
27362,185
27373,185
27384,184
27396,184
27408,184
27419,183
27430,183
27442,183
27453,183
27465,182
27476,182
27488,182
27499,182
27510,182
27522,182
27534,181
27545,181
27556,181
27568,181
27579,180
27590,181
27602,180
27614,180
27625,180
27636,180
27648,179
27659,179
27671,179
27682,179
27694,178
27705,178
27716,178
27727,178
27740,178
27751,177
27762,177
27773,177
27785,177
27797,177
27808,177
27820,176
27831,176
27842,176
27853,176
27866,176
27877,175
27888,175
27899,175
27911,175
27922,174
27934,174
27945,174
27957,174
27968,174
27979,173
27991,173
28003,173
28014,173
28025,173
28037,173
28048,173
28059,173
28071,172
28083,171
28094,171
28105,171
28116,171
28128,170
28140,171
28151,171
28163,170
28174,170
28185,170
28197,169
28209,170
28220,170
28231,169
28242,169
28254,169
28266,169
28277,169
28289,168
28300,168
28311,168
28322,167
28335,168
28346,167
28357,167
28368,167
28380,166
28391,166
28403,166
28414,166
28426,166
28437,166
28448,166
28460,166
28472,165
28483,165
28494,165
28506,165
28517,164
28529,164
28540,165
28552,164
28563,164
28574,164
28585,164
28598,163
28609,164
28620,163
28632,162
28643,162
28654,162
28666,162
28678,162
28689,162
28700,162
28711,161
28723,161
28735,162
28746,161
28758,161
28769,160
28780,161
28791,160
28804,160
28815,160
28826,160
28837,159
28849,160
28860,159
28872,159
28883,159
28895,159
28906,158
28917,158
28930,158
28941,158
28952,157
28963,157
28975,157
28986,157
28998,157
29009,157
29021,156
29032,157
29043,157
29054,156
29067,156
29078,155
29089,156
29101,156
29112,155
29123,155
29135,155
29147,155
29158,154
29169,154
29180,154
29192,154
29204,154
29215,154
29227,153
29238,153
29249,152
29261,153
29273,153
29284,152
29295,152
29306,152
29318,152
29330,152
29341,151
29352,151
29364,151
29375,151
29386,152
29399,150
29410,151
29421,151
29432,151
29444,150
29455,150
29467,150
29478,150
29490,150
29501,149
29512,149
29523,148
29536,149
29547,148
29558,148
29570,149
29581,148
29592,149
29604,148
29616,147
29627,147
29638,148
29649,147
29662,147
29673,147
29684,147
29696,146
29707,146
29718,146
29730,146
29742,146
29753,146
29764,146
29775,145
29787,146
29799,145
29810,145
29821,145
29833,144
29844,145
29855,144
29868,144
29879,144
29890,144
29901,143
29913,144
29924,143
29936,143
29947,143
29959,143
29970,143
29981,142
29993,142
30005,142
30016,143
30027,142
30039,141
30050,141
30062,141
30073,141
30085,141
30096,141
30107,141
30118,140
30131,141
30142,140
30153,140
30164,140
30176,140
30187,140
30199,140
30211,140
30222,139
30233,140
30244,139
30256,139
30268,138
30279,138
30290,138
30302,138
30313,138
30324,138
30337,137
30348,137
30359,137
30370,137
30382,137
30394,137
30405,137
30416,137
30428,136
30439,137
30450,136
30462,136
30474,136
30485,136
30496,136
30508,136
30519,136
30531,135
30542,136
30554,135
30565,135
30576,134
30587,134
30600,134
30611,134
30622,134
30633,134
30645,133
30656,134
30668,133
30680,133
30691,133
30702,133
30713,132
30726,132
30737,132
30748,133
30759,132
30771,132
30782,131
30794,132
30806,131
30817,132
30828,131
30839,131
30851,131
30863,131
30874,131
30885,132
30897,130
30908,130
30919,130
30931,129
30943,130
30954,130
30965,130
30977,129
30988,130
31000,129
31011,129
31023,128
31034,129
31045,128
31056,128
31069,129
31080,128
31091,128
31102,128
31114,128
31126,128
31137,128
31149,127
31160,127
31171,127
31182,127
31195,126
31206,126
31217,126
31228,126
31240,125
31251,127
31263,126
31275,126
31286,125
31297,125
31308,125
31320,126
31332,125
31343,124
31354,125
31366,125
31377,124
31388,124
31400,124
31412,124
31423,124
31434,123
31446,123
31458,123
31469,123
31480,123
31492,123
31503,123
31514,123
31526,122
31538,122
31549,122
31560,122
31571,123
31583,122
31595,122
31606,121
31618,121
31629,121
31640,121
31651,121
31664,121
31675,121
31686,120
31697,121
31709,120
31720,120
31732,120
31744,120
31755,120
31766,120
31777,120
31789,119
31801,119
31812,119
31823,119
31835,119
31846,119
31858,119
31869,118
31881,118
31892,118
31903,118
31915,119
31927,118
31938,117
31949,118
31961,118
31972,117
31983,117
31995,117
32007,117
32018,118
32029,117
32040,117
32052,116
32064,116
32075,117
32087,116
32098,116
32109,115
32120,115
32133,116
32144,116
32155,115
32166,115
32178,115
32190,115
32201,115
32212,115
32224,115
32235,115
32246,114
32259,114
32270,114
32281,114
32292,114
32304,114
32315,114
32327,114
32338,113
32350,113
32361,113
32372,112
32384,113
32396,113
32407,113
32418,112
32430,113
32441,112
32452,112
32464,112
32476,112
32487,112
32498,112
32509,111
32521,111
32533,112
32544,111
32556,111
32567,112
32578,111
32590,111
32602,111
32613,111
32624,111
32635,110
32647,110
32659,110
32670,110
32681,110
32693,109
32704,110
32715,109
32728,110
32739,109
32750,109
32761,109
32773,109
32784,109
32796,108
32807,108
32819,108
32830,109
32841,108
32852,108
32865,108
32876,108
32887,108
32899,108
32910,108
32922,107
32933,108
32945,108
32956,107
32967,107
32978,106
32991,106
33002,106
33013,107
33025,106
33036,106
33047,106
33059,106
33071,106
33082,106
33093,105
33104,105
33116,105
33128,106
33139,105
33150,105
33162,105
33173,105
33184,105
33197,104
33208,105
33219,105
33230,104
33242,104
33253,104
33265,104
33276,104
33288,103
33299,103
33310,103
33323,104
33334,103
33345,103
33356,103
33368,103
33379,102
33391,103
33402,102
33414,103
33425,103
33436,102
33447,102
33460,102
33471,102
33482,102
33494,101
33505,102
33516,102
33528,101
33540,101
33551,101
33562,101
33573,101
33585,101
33597,100
33608,101
33619,101
33631,100
33642,100
33654,100
33666,100
33677,100
33688,99
33698,100
33710,99
33721,99
33731,99
33741,100
33753,99
33763,98
33773,98
33783,99
33795,99
33805,98
33815,98
33825,98
33836,99
33846,98
33857,98
33867,98
33878,98
33888,98
33898,98
33908,98
33918,98
33930,98
33940,97
33950,98
33960,98
33971,97
33981,97
33992,97
34002,97
34013,97
34023,96
34033,97
34043,97
34055,97
34065,97
34075,96
34085,97
34096,96
34106,96
34116,96
34127,96
34138,96
34148,95
34158,96
34168,96
34179,95
34190,95
34200,95
34210,95
34221,95
34231,94
34241,94
34251,95
34263,94
34273,95
34283,94
34293,94
34304,94
34314,94
34325,94
34335,94
34345,93
34356,94
34366,94
34376,93
34387,93
34398,94
34408,93
34418,93
34428,93
34439,93
34449,93
34460,92
34470,92
34481,93
34491,92
34501,92
34511,92
34523,92
34533,92
34543,92
34553,92
34564,91
34574,93
34584,92
34595,92
34606,92
34616,91
34626,91
34636,91
34647,91
34658,91
34668,91
34678,91
34689,91
34699,91
34709,90
34720,90
34731,91
34741,91
34751,91
34761,91
34771,90
34782,90
34793,90
34803,89
34813,90
34824,90
34834,89
34844,90
34855,89
34866,89
34876,90
34886,89
34896,89
34907,89
34917,89
34928,89
34938,89
34949,89
34959,89
34969,89
34979,88
34991,89
35001,88
35011,88
35021,88
35032,88
35042,88
35053,88
35063,88
35074,88
35084,87
35094,88
35104,88
35115,87
35126,87
35136,87
35146,87
35156,87
35167,87
35177,86
35188,86
35198,87
35209,86
35219,87
35229,87
35239,86
35250,86
35261,86
35271,86
35281,86
35292,86
35302,85
35312,86
35323,86
35334,86
35344,86
35354,86
35364,85
35375,85
35386,85
35396,85
35406,85
35417,85
35427,85
35437,85
35447,85
35459,85
35469,84
35479,84
35489,84
35500,84
35510,84
35521,84
35531,84
35542,83
35552,83
35562,84
35572,84
35582,84
35594,84
35604,84
35614,83
35624,84
35635,83
35645,84
35656,83
35666,82
35677,83
35687,82
35697,83
35707,83
35719,83
35729,82
35739,82
35749,83
35760,82
35770,82
35780,82
35791,82
35802,82
35812,82
35822,81
35832,82
35843,82
35854,82
35864,82
35874,81
35885,81
35895,81
35905,81
35915,81
35927,81
35937,82
35947,81
35957,81
35968,80
35978,80
35989,81
35999,80
36009,80
36020,80
36030,80
36040,80
36051,80
36062,80
36072,80
36082,80
36092,80
36103,79
36113,80
36124,80
36134,80
36145,79
36155,80
36165,79
36175,80
36187,80
36197,79
36207,79
36217,79
36228,79
36238,79
36248,79
36259,79
36270,78
36280,79
36290,78
36300,78
36311,78
36322,79
36332,78
36342,78
36353,78
36363,78
36373,77
36384,77
36395,78
36405,78
36415,77
36425,77
36435,77
36446,77
36457,78
36467,77
36477,77
36488,77
36498,78
36508,77
36519,77
36530,77
36540,77
36550,76
36560,77
36571,76
36581,76
36592,76
36602,77
36613,76
36623,77
36633,76
36643,75
36655,76
36665,76
36675,76
36685,76
36696,75
36706,75
36717,76
36727,75
36738,75
36748,75
36758,75
36768,75
36779,75
36790,75
36800,76
36810,75
36820,75
36831,75
36841,75
36852,75
36862,74
36873,74
36883,74
36893,74
36903,74
36914,74
36925,74
36935,74
36945,74
36956,75
36966,73
36976,74
36987,73
36998,74
37008,73
37018,73
37028,73
37039,73
37050,73
37060,73
37070,73
37081,73
37091,73
37101,72
37111,73
37123,73
37133,72
37143,72
37153,73
37164,72
37174,73
37185,72
37195,73
37206,73
37216,72
37226,72
37236,72
37246,72
37258,72
37268,72
37278,71
37288,71
37299,72
37309,72
37320,72
37330,71
37341,71
37351,72
37361,71
37371,72
37383,71
37393,71
37403,71
37413,71
37424,71
37434,71
37444,70
37455,70
37466,71
37476,70
37486,70
37496,70
37507,70
37518,70
37528,70
37538,71
37549,70
37559,70
37569,69
37579,70
37591,70
37601,70
37611,70
37621,69
37632,70
37642,69
37653,69
37663,69
37673,69
37684,69
37694,69
37704,69
37715,69
37726,69
37736,69
37746,69
37756,69
37767,69
37777,68
37788,69
37798,69
37809,68
37819,68
37829,68
37839,68
37851,68
37861,68
37871,68
37881,67
37892,68
37902,67
37912,68
37923,67
37934,68
37944,68
37954,68
37964,68
37975,68
37986,67
37996,67
38006,67
38017,67
38027,67
38037,67
38048,66
38059,68
38069,67
38079,67
38089,67
38099,66
38110,67
38121,67
38131,66
38141,66
38152,67
38162,66
38172,66
38183,66
38194,66
38204,66
38214,65
38224,67
38235,66
38245,66
38256,66
38266,66
38277,66
38287,66
38297,65
38307,65
38319,65
38329,65
38339,65
38349,66
38360,66
38370,65
38381,65
38391,65
38402,64
38412,65
38422,65
38432,66
38443,65
38454,64
38464,64
38474,64
38484,64
38495,64
38505,64
38516,64
38526,64
38537,64
38547,64
38557,64
38567,64
38578,64
38589,64
38599,64
38609,64
38620,64
38630,64
38640,64
38651,63
38662,64
38672,64
38682,64
38692,63
38703,63
38714,63
38724,63
38734,63
38745,63
38755,63
38765,63
38775,63
38787,63
38797,63
38807,62
38817,62
38828,64
38838,62
38849,63
38859,62
38870,63
38880,62
38890,62
38900,62
38910,62
38922,62
38932,62
38942,62
38952,62
38963,61
38973,62
38984,61
38994,61
39005,62
39015,62
39025,62
39035,61
39047,62
39057,61
39067,61
39077,61
39088,61
39098,61
39108,61
39119,60
39130,61
39140,60
39150,61
39160,61
39171,60
39182,61
39192,61
39202,60
39213,60
39223,60
39233,60
39243,61
39255,60
39265,60
39275,60
39285,61
39296,60
39306,60
39317,60
39327,59
39337,60
39348,59
39358,59
39368,59
39379,59
39390,60
39400,60
39410,59
39420,59
39431,59
39441,59
39452,59
39462,59
39473,59
39483,59
39493,60
39503,59
39515,59
39525,58
39535,59
39545,59
39556,59
39566,58
39576,58
39587,58
39598,58
39608,59
39618,58
39628,58
39639,58
39650,58
39660,58
39670,58
39681,58
39691,58
39701,58
39712,58
39723,58
39733,58
39743,58
39753,58
39763,58
39774,58
39785,57
39795,58
39805,57
39816,58
39826,57
39836,57
39847,58
39858,57
39868,57
39878,57
39888,57
39899,57
39909,57
39920,56
39930,57
39941,57
39951,57
39961,56
39971,57
39983,57
39993,57
40003,56
40013,56
40024,56
40034,57
40045,56
40055,56
40066,55
40076,56
40086,57
40096,57
40107,57
40118,56
40128,56
40138,56
40148,56
40159,56
40169,56
40180,56
40190,56
40201,56
40211,55
40221,55
40231,55
40242,55
40253,55
40263,55
40273,55
40284,56
40294,55
40304,55
40315,55
40326,55
40336,54
40346,55
40356,55
40367,55
40378,55
40388,54
40398,54
40409,54
40419,55
40429,55
40439,55
40451,55
40461,54
40471,54
40481,54
40492,54
40502,54
40513,54
40523,55
40534,54
40544,54
40554,53
40564,54
40574,54
40586,54
40596,54
40606,54
40616,54
40627,54
40637,54
40648,53
40658,53
40669,53
40679,54
40689,53
40699,53
40711,53
40721,53
40731,53
40741,53
40752,54
40762,53
40772,52
40783,53
40794,52
40804,52
40814,53
40824,52
40835,54
40846,52
40856,52
40866,52
40877,53
40887,52
40897,52
40907,52
40919,52
40929,52
40939,52
40949,52
40960,52
40970,52
40981,52
40991,51
41001,52
41012,52
41022,51
41032,52
41043,52
41054,51
41064,52
41074,51
41084,52
41095,52
41105,51
41116,51
41126,50
41137,51
41147,51
41157,51
41167,51
41179,51
41189,51
41199,51
41209,51
41220,52
41230,51
41240,50
41251,51
41262,51
41272,51
41282,51
41292,51
41303,50
41314,50
41324,50
41334,50
41345,50
41355,50
41365,50
41376,50
41387,51
41397,50
41407,50
41417,50
41427,50
41438,50
41449,50
41459,50
41469,50
41480,50
41490,50
41500,50
41511,50
41522,49
41532,49
41542,50
41552,50
41563,50
41573,49
41584,49
41594,49
41605,49
41615,49
41625,49
41635,49
41647,49
41657,49
41667,49
41677,49
41688,49
41698,49
41709,49
41719,49
41730,48
41740,48
41750,48
41760,48
41771,49
41782,49
41792,48
41802,49
41812,48
41823,48
41833,49
41844,48
41854,49
41865,49
41875,48
41885,48
41895,48
41906,48
41917,48
41927,48
41937,48
41948,48
41958,48
41968,48
41979,48
41990,48
42000,48
42010,48
42020,48
42031,47
42042,48
42052,48
42062,47
42073,48
42083,47
42093,48
42103,48
42115,47
42125,47
42135,47
42145,47
42156,47
42166,47
42177,47
42187,47
42198,47
42208,47
42218,47
42228,47
42238,47
42250,46
42260,47
42270,46
42280,47
42291,47
42301,46
42312,46
42322,47
42333,46
42343,46
42353,46
42363,47
42375,46
42385,46
42395,45
42405,46
42416,46
42426,46
42436,46
42447,46
42458,46
42468,46
42478,46
42488,46
42499,45
42510,45
42520,46
42530,46
42541,46
42551,45
42561,45
42571,45
42583,45
42593,45
42603,45
42613,45
42624,45
42634,45
42645,46
42655,46
42665,46
42676,45
42686,45
42696,45
42707,44
42718,45
42728,45
42738,44
42748,45
42759,45
42769,45
42780,45
42790,45
42801,44
42811,45
42821,45
42831,45
42843,45
42853,45
42863,44
42873,45
42884,44
42894,44
42904,44
42915,44
42926,45
42936,44
42946,44
42956,44
42967,44
42978,44
42988,45
42998,45
43009,44
43019,43
43029,43
43040,44
43051,44
43061,44
43071,44
43081,44
43091,43
43102,44
43113,43
43123,44
43133,43
43144,43
43154,43
43164,43
43175,43
43186,43
43196,43
43206,43
43216,43
43227,43
43237,43
43248,43
43258,43
43269,44
43279,43
43289,43
43299,43
43311,43
43321,43
43331,42
43341,43
43352,43
43362,43
43373,43
43383,42
43394,42
43404,43
43414,42
43424,44
43435,42
43446,43
43456,42
43466,42
43476,42
43487,42
43497,42
43508,42
43518,42
43529,42
43539,42
43549,42
43559,42
43570,42
43581,42
43591,42
43601,42
43612,42
43622,42
43632,41
43643,42
43654,41
43664,42
43674,42
43684,42
43695,42
43706,41
43716,41
43726,42
43737,41
43747,42
43757,41
43767,41
43779,41
43789,41
43799,42
43809,41
43820,41
43830,41
43841,41
43851,41
43862,41
43872,41
43882,41
43892,42
43902,41
43914,41
43924,41
43934,41
43944,41
43955,41
43965,41
43976,41
43986,41
43997,40
44007,40
44017,40
44027,40
44039,40
44049,41
44059,41
44069,40
44080,40
44090,40
44100,40
44111,40
44122,40
44132,40
44142,40
44152,40
44163,40
44174,40
44184,40
44194,40
44205,40
44215,40
44225,40
44235,40
44247,40
44257,40
44267,40
44277,40
44288,40
44298,39
44309,39
44319,40
44329,39
44340,40
44350,40
44360,40
44371,40
44382,39
44392,39
44402,40
44412,39
44423,39
44433,40
44444,39
44454,39
44465,39
44475,39
44485,39
44495,39
44507,39
44517,39
44527,38
44537,39
44548,39
44558,39
44568,39
44579,39
44590,38
44600,39
44610,38
44620,39
44631,38
44642,39
44652,39
44662,39
44673,38
44683,38
44693,38
44704,38
44715,39
44725,38
44735,39
44745,38
44755,38
44766,38
44777,38
44787,37
44797,38
44808,38
44818,38
44828,38
44839,38
44850,38
44860,39
44870,38
44880,38
44891,37
44901,37
44912,38
44922,38
44933,37
44943,37
44953,38
44963,38
44975,38
44985,38
44995,38
45005,37
45016,37
45026,37
45037,37
45047,38
45058,38
45068,37
45078,38
45088,37
45099,37
45110,36
45120,37
45130,37
45140,37
45151,37
45161,37
45172,37
45182,37
45193,37
45203,37
45213,37
45223,37
45234,37
45245,36
45255,37
45265,38
45276,37
45286,37
45296,37
45307,36
45318,36
45328,37
45338,37
45348,36
45359,37
45370,37
45380,36
45390,36
45401,36
45411,36
45421,36
45431,37
45443,36
45453,36
45463,36
45473,36
45484,37
45494,36
45505,36
45515,36
45526,36
45536,36
45546,36
45556,36
45566,36
45578,36
45588,36
45598,36
45608,36
45619,36
45629,36
45640,36
45650,36
45661,36
45671,35
45681,35
45691,35
45703,36
45713,36
45723,35
45733,36
45744,35
45754,36
45764,35
45775,35
45786,35
45796,35
45806,36
45816,35
45827,35
45838,35
45848,35
45858,36
45869,36
45879,35
45889,35
45899,35
45911,36
45921,34
45931,35
45941,35
45952,35
45962,35
45973,35
45983,35
45993,35
46004,34
46014,35
46024,35
46035,34
46046,35
46056,34
46066,35
46076,36
46087,35
46097,34
46108,35
46118,34
46129,35
46139,35
46149,35
46159,35
46171,34
46181,34
46191,34
46201,34
46212,34
46222,34
46232,35
46243,34
46254,35
46264,34
46274,35
46284,34
46295,34
46306,34
46316,34
46326,35
46337,34
46347,34
46357,34
46368,34
46379,34
46389,34
46399,34
46409,34
46419,34
46430,34
46441,34
46451,34
46461,33
46472,33
46482,34
46492,34
46503,33
46514,33
46524,33
46534,34
46544,34
46555,33
46565,33
46576,33
46586,33
46597,34
46607,33
46617,33
46627,34
46639,34
46649,34
46659,34
46669,33
46680,33
46690,33
46701,33
46711,33
46722,34
46732,33
46742,33
46752,33
46763,33
46774,34
46784,33
46794,33
46804,34
46815,34
46825,33
46836,32
46846,33
46857,32
46867,32
46877,33
46887,33
46898,34
46909,32
46919,33
46929,33
46940,32
46950,32
46960,33
46971,32
46982,32
46992,32
47002,32
47012,32
47023,32
47034,32
47044,32
47054,32
47065,32
47075,32
47085,32
47095,32
47107,32
47117,32
47127,32
47137,32
47148,32
47158,32
47169,32
47179,32
47190,32
47200,32
47210,32
47220,32
47230,32
47242,32
47252,32
47262,32
47272,32
47283,32
47293,32
47304,32
47314,32
47325,32
47335,32
47345,32
47355,32
47367,32
47377,32
47387,31
47397,32
47408,31
47418,31
47428,31
47439,32
47450,31
47460,31
47470,32
47480,31
47491,31
47502,31
47512,32
47522,31
47533,31
47543,32
47553,31
47563,31
47575,31
47585,31
47595,32
47605,31
47616,31
47626,30
47637,31
47647,30
47657,31
47668,31
47678,31
47688,31
47699,30
47710,32
47720,32
47730,31
47740,31
47751,31
47761,30
47772,31
47782,30
47793,31
47803,30
47813,30
47823,30
47835,30
47845,31
47855,31
47865,31
47876,30
47886,31
47896,31
47907,30
47918,30
47928,30
47938,30
47948,30
47959,30
47970,30
47980,30
47990,30
48001,30
48011,30
48021,30
48032,30
48043,30
48053,30
48063,31
48073,30
48083,29
48094,29
48105,30
48115,30
48125,30
48136,29
48146,30
48156,30
48167,30
48178,30
48188,30
48198,30
48208,30
48219,29
48229,30
48240,30
48250,30
48261,29
48271,30
48281,29
48291,29
48303,30
48313,29
48323,30
48333,29
48344,29
48354,30
48365,29
48375,29
48386,30
48396,29
48406,29
48416,29
48427,29
48438,29
48448,30
48458,29
48468,29
48479,29
48489,29
48500,29
48510,29
48521,29
48531,29
48541,29
48551,29
48562,28
48573,29
48583,29
48593,29
48604,29
48614,29
48624,28
48635,29
48646,28
48656,29
48666,29
48676,28
48687,29
48698,29
48708,29
48718,28
48729,28
48739,29
48749,28
48759,29
48771,29
48781,29
48791,28
48801,28
48812,29
48822,28
48833,29
48843,28
48854,28
48864,29
48874,28
48884,28
48894,28
48906,29
48916,28
48926,28
48936,29
48947,28
48957,28
48968,29
48978,27
48989,28
48999,28
49009,28
49019,28
49031,28
49041,28
49051,28
49061,28
49072,28
49082,27
49092,28
49103,28
49114,27
49124,28
49134,28
49144,27
49155,28
49166,27
49176,28
49186,27
49197,28
49207,28
49217,28
49227,27
49239,28
49249,28
49259,28
49269,27
49280,27
49290,27
49301,27
49311,28
49321,28
49332,27
49342,27
49352,28
49363,27
49374,27
49384,27
49394,27
49404,27
49415,28
49425,27
49436,27
49446,27
49457,28
49467,28
49477,28
49487,27
49499,27
49509,27
49519,27
49529,27
49540,27
49550,27
49560,27
49571,27
49582,27
49592,27
49602,27
49612,27
49623,27
49634,27
49644,27
49654,26
49665,27
49675,26
49685,27
49696,27
49707,27
49717,26
49727,26
49737,27
49747,27
49758,26
49769,27
49779,27
49789,26
49800,27
49810,27
49820,26
49831,26
49842,27
49852,27
49862,26
49872,26
49883,26
49893,27
49904,26
49914,27
49925,26
49935,26
49945,26
49955,26
49967,27
49977,27
49987,27
49997,26
50008,27
50018,26
50029,26
50039,25
50050,26
50060,26
50070,26
50080,25
50091,26
50102,26
50112,25
50122,26
50132,26
50143,26
50153,26
50164,26
50174,25
50185,26
50195,26
50205,26
50215,26
50226,25
50237,26
50247,25
50257,25
50268,25
50278,26
50288,26
50299,26
50310,26
50320,26
50330,26
50340,25
50351,26
50362,26
50372,25
50382,26
50393,25
50403,26
50413,26
50423,25
50435,26
50445,26
50455,25
50465,26
50476,25
50486,25
50497,25
50507,25
50518,26
50528,25
50538,25
50548,25
50558,26
50570,25
50580,25
50590,25
50600,25
50611,25
50621,25
50632,25
50642,25
50653,25
50663,25
50673,25
50683,25
50695,25
50705,25
50715,25
50725,25
50736,25
50746,25
50756,24
50767,24
50778,25
50788,25
50798,25
50808,25
50819,25
50830,25
50840,25
50850,24
50861,25
50871,24
50881,25
50891,25
50903,25
50913,24
50923,24
50933,25
50944,24
50954,24
50965,24
50975,25
50985,25
50996,24
51006,24
51016,24
51027,25
51038,24
51048,24
51058,24
51068,25
51079,24
51089,25
51100,24
51110,24
51121,24
51131,24
51141,25
51151,25
51163,25
51173,24
51183,24
51193,24
51204,23
51214,24
51224,25
51235,23
51246,24
51256,24
51266,24
51276,24
51287,24
51298,24
51308,23
51318,24
51329,24
51339,25
51349,24
51360,24
51371,23
51381,24
51391,24
51401,23
51411,24
51422,24
51433,24
51443,24
51453,24
51464,23
51474,24
51484,23
51495,24
51506,23
51516,24
51526,24
51536,23
51547,23
51557,24
51568,23
51578,23
51589,23
51599,24
51609,23
51619,23
51631,23
51641,23
51651,23
51661,23
51672,24
51682,23
51693,23
51703,24
51714,24
51724,24
51734,23
51744,24
51755,23
51766,24
51776,24
51786,23
51796,23
51807,23
51817,23
51828,24
51838,23
51849,23
51859,23
51869,23
51879,23
51890,23
51901,23
51911,23
51921,23
51932,23
51942,22
51952,24
51963,23
51974,23
51984,23
51994,23
52004,23
52015,23
52026,23
52036,23
52046,23
52057,23
52067,23
52077,24
52087,23
52099,23
52109,23
52119,23
52129,23
52140,23
52150,22
52161,22
52171,22
52182,23
52192,23
52202,22
52212,23
52222,22
52234,22
52244,23
52254,22
52264,22
52275,23
52285,22
52296,22
52306,22
52317,22
52327,22
52337,22
52347,22
52359,22
52369,22
52379,22
52389,22
52400,22
52410,22
52420,22
52431,22
52442,22
52452,22
52462,22
52472,22
52483,23
52494,22
52504,22
52514,22
52525,23
52535,22
52545,22
52555,22
52567,22
52577,22
52587,22
52597,22
52608,22
52618,21
52629,22
52639,21
52649,22
52660,22
52670,22
52680,21
52691,22
52702,22
52712,22
52722,22
52732,22
52743,23
52753,22
52764,22
52774,21
52785,21
52795,22
52805,22
52815,22
52827,22
52837,21
52847,21
52857,21
52868,21
52878,22
52888,22
52899,21
52910,22
52920,22
52930,22
52940,21
52951,21
52962,22
52972,21
52982,21
52993,22
53003,22
53013,21
53024,22
53035,21
53045,21
53055,22
53065,22
53075,21
53086,22
53097,21
53107,21
53117,21
53128,22
53138,21
53148,21
53159,21
53170,21
53180,21
53190,21
53200,21
53211,21
53221,21
53232,21
53242,22
53253,22
53263,21
53273,21
53283,21
53295,21
53305,21
53315,21
53325,20
53336,21
53346,21
53357,21
53367,21
53378,20
53388,21
53398,21
53408,21
53419,21
53430,21
53440,21
53450,22
53460,21
53471,20
53481,22
53492,20
53502,21
53513,21
53523,20
53533,20
53543,21
53554,21
53565,21
53575,20
53585,21
53596,21
53606,20
53616,20
53627,21
53638,21
53648,21
53658,20
53668,21
53679,21
53690,20
53700,21
53710,21
53721,20
53731,21
53741,21
53751,20
53763,20
53773,20
53783,20
53793,20
53804,20
53814,20
53825,21
53835,20
53846,21
53856,20
53866,20
53876,20
53886,20
53898,20
53908,21
53918,20
53928,20
53939,20
53949,20
53960,21
53970,20
53981,20
53991,21
54001,21
54011,20
54023,21
54033,20
54043,20
54053,20
54064,20
54074,20
54084,20
54095,20
54106,20
54116,20
54126,20
54136,21
54147,20
54158,20
54168,20
54178,20
54189,20
54199,20
54209,20
54219,19
54231,20
54241,20
54251,21
54261,20
54272,20
54282,20
54293,20
54303,20
54313,20
54324,21
54334,20
54344,19
54355,20
54366,19
54376,20
54386,20
54396,20
54407,20
54417,19
54428,19
54438,20
54449,19
54459,19
54469,20
54479,20
54491,19
54501,19
54511,20
54521,19
54532,19
54542,19
54552,20
54563,19
54574,19
54584,20
54594,19
54604,20
54615,19
54626,19
54636,20
54646,19
54657,19
54667,20
54677,19
54688,19
54699,19
54709,19
54719,19
54729,20
54739,19
54750,20
54761,19
54771,20
54781,19
54792,19
54802,20
54812,19
54823,19
54834,19
54844,19
54854,19
54864,19
54875,19
54885,20
54896,19
54906,19
54917,19
54927,18
54937,19
54947,19
54959,19
54969,19
54979,19
54989,19
55000,19
55010,19
55021,19
55031,19
55042,19
55052,19
55062,19
55072,19
55083,19
55094,18
55104,19
55114,18
55124,18
55135,19
55145,19
55156,19
55166,19
55177,19
55187,19
55197,19
55207,19
55218,19
55229,18
55239,19
55249,19
55260,19
55270,18
55280,18
55291,18
55302,18
55312,18
55322,19
55332,19
55343,18
55354,18
55364,19
55374,18
55385,19
55395,18
55405,19
55415,19
55427,18
55437,19
55447,18
55457,18
55468,18
55478,18
55489,18
55499,18
55510,18
55520,19
55530,19
55540,18
55550,18
55562,19
55572,18
55582,19
55592,19
55603,18
55613,19
55624,18
55634,18
55645,18
55655,18
55665,19
55675,19
55687,18
55697,18
55707,18
55717,18
55728,18
55738,18
55748,18
55759,18
55770,18
55780,18
55790,19
55800,18
55811,18
55822,18
55832,18
55842,18
55853,18
55863,18
55873,18
55883,18
55895,18
55905,18
55915,18
55925,18
55936,18
55946,19
55957,18
55967,18
55977,18
55988,17
55998,18
56008,18
56019,18
56030,18
56040,18
56050,18
56060,17
56071,18
56081,18
56092,18
56102,18
56113,18
56123,18
56133,18
56143,18
56155,17
56165,17
56175,18
56185,18
56196,17
56206,17
56216,17
56227,18
56238,18
56248,17
56258,17
56268,18
56279,18
56290,18
56300,17
56310,18
56321,17
56331,17
56341,18
56352,18
56363,17
56373,17
56383,18
56393,17
56403,17
56414,17
56425,18
56435,17
56445,17
56456,17
56466,17
56476,18
56487,17
56498,17
56508,17
56518,17
56528,17
56539,17
56549,18
56560,17
56570,17
56581,17
56591,18
56601,18
56611,17
56623,17
56633,17
56643,17
56653,17
56664,17
56674,18
56685,18
56695,17
56706,17
56716,17
56726,17
56736,17
56747,17
56758,17
56768,17
56778,18
56788,17
56799,17
56809,18
56820,17
56830,16
56841,17
56851,17
56861,17
56871,17
56882,17
56893,17
56903,18
56913,17
56924,17
56934,17
56944,18
56955,17
56966,17
56976,17
56986,16
56996,17
57007,16
57018,17
57028,17
57038,17
57049,17
57059,17
57069,17
57079,17
57091,17
57101,16
57111,17
57121,16
57132,17
57142,16
57153,17
57163,17
57174,16
57184,16
57194,18
57204,17
57214,17
57226,17
57236,16
57246,17
57256,16
57267,16
57277,16
57288,16
57298,16
57309,18
57319,16
57329,16
57339,16
57351,16
57361,16
57371,16
57381,17
57392,16
57402,17
57412,16
57423,16
57434,16
57444,16
57454,16
57464,17
57475,16
57486,16
57496,17
57506,16
57517,16
57527,16
57537,16
57547,16
57559,16
57569,16
57579,17
57589,17
57600,16
57610,16
57621,16
57631,16
57641,16
57652,16
57662,16
57672,16
57683,16
57694,16
57704,16
57714,16
57724,16
57735,17
57745,16
57756,16
57766,17
57777,16
57787,16
57797,16
57807,16
57819,16
57829,16
57839,16
57849,16
57860,16
57870,16
57880,16
57891,16
57902,16
57912,16
57922,16
57932,16
57943,17
57954,16
57964,16
57974,16
57985,16
57995,16
58005,16
58016,16
58027,16
58037,16
58047,16
58057,16
58067,16
58078,16
58089,16
58099,16
58109,16
58120,16
58130,16
58140,15
58151,16
58162,16
58172,16
58182,16
58192,16
58203,16
58213,16
58224,16
58234,16
58245,16
58255,16
58265,16
58275,16
58287,16
58297,16
58307,15
58317,16
58328,15
58338,15
58349,16
58359,16
58370,16
58380,16
58390,16
58400,16
58411,16
58422,16
58432,15
58442,16
58452,15
58463,16
58473,16
58484,16
58494,16
58505,15
58515,16
58525,15
58535,16
58546,16
58557,15
58567,16
58577,16
58588,16
58598,16
58608,15
58619,16
58630,16
58640,16
58650,16
58660,16
58671,15
58682,16
58692,15
58702,16
58713,16
58723,15
58733,15
58743,16
58755,16
58765,15
58775,16
58785,16
58796,15
58806,16
58817,16
58827,16
58838,16
58848,15
58858,15
58868,15
58878,15
58890,15
58900,15
58910,15
58920,15
58931,15
58941,15
58952,15
58962,15
58973,15
58983,16
58993,15
59003,15
59015,15
59025,15
59035,15
59045,15
59056,15
59066,15
59076,15
59087,15
59098,15
59108,15
59118,15
59128,15
59139,15
59150,16
59160,15
59170,15
59181,15
59191,15
59201,14
59211,15
59223,16
59233,15
59243,14
59253,15
59264,15
59274,15
59285,15
59295,14
59305,15
59316,15
59326,16
59336,14
59347,14
59358,15
59368,15
59378,15
59388,15
59399,15
59409,15
59420,14
59430,15
59441,14
59451,15
59461,14
59471,14
59483,15
59493,15
59503,14
59513,15
59524,15
59534,15
59544,15
59555,14
59566,15
59576,16
59586,14
59596,15
59607,15
59618,15
59628,14
59638,14
59649,14
59659,14
59669,16
59680,15
59691,15
59701,15
59711,14
59721,14
59731,14
59742,14
59753,14
59763,15
59773,15
59784,14
59794,14
59804,14
59815,15
59826,15
59836,14
59846,14
59856,14
59867,14
59877,14
59888,14
59898,15
59909,14
59919,14
59929,14
59939,14
59951,14
59961,14
59971,14
59981,15
59992,14
60002,14
60013,14
60023,14
60034,15
60044,13
60054,14
60064,14
60075,14
60086,14
60096,14
60106,15
60116,14
60127,14
60137,14
60148,14
60158,14
60169,15
60179,14
60189,14
60199,14
60210,14
60221,14
60231,14
60241,14
60252,14
60262,14
60272,15
60283,14
60294,14
60304,14
60314,14
60324,14
60335,13
60346,14
60356,14
60366,14
60377,14
60387,14
60397,14
60407,14
60419,15
60429,14
60439,14
60449,14
60460,13
60470,14
60481,14
60491,14
60502,14
60512,14
60522,13
60532,15
60542,14
60554,14
60564,14
60574,14
60584,14
60595,14
60605,15
60616,14
60626,14
60637,14
60647,13
60657,14
60667,14
60679,14
60689,14
60699,14
60709,13
60720,13
60730,14
60740,14
60751,14
60762,14
60772,14
60782,14
60792,14
60803,14
60814,13
60824,14
60834,14
60845,14
60855,14
60865,14
60875,14
60887,14
60897,14
60907,13
60917,14
60928,13
60938,13
60949,14
60959,13
60969,13
60980,14
60990,13
61000,14
61011,14
61022,14
61032,13
61042,14
61052,13
61063,14
61073,13
61084,13
61094,13
61105,13
61115,14
61125,14
61135,13
61147,13
61157,13
61167,13
61177,14
61188,14
61198,13
61208,13
61219,13
61230,13
61240,13
61250,13
61260,14
61271,13
61282,14
61292,13
61302,13
61313,13
61323,13
61333,14
61344,13
61355,13
61365,14
61375,13
61385,13
61395,14
61406,13
61417,13
61427,13
61437,14
61448,13
61458,14
61468,14
61479,12
61490,13
61500,13
61510,13
61520,13
61531,13
61541,13
61552,14
61562,13
61573,12
61583,13
61593,13
61603,13
61615,13
61625,13
61635,14
61645,14
61656,13
61666,14
61677,13
61687,13
61698,13
61708,13
61718,13
61728,13
61739,13
61750,13
61760,14
61770,13
61780,12
61791,12
61801,13
61812,13
61822,13
61833,13
61843,13
61853,13
61863,13
61874,13
61885,13
61895,13
61905,13
61916,13
61926,14
61936,12
61947,13
61958,13
61968,13
61978,12
61988,13
61999,13
62010,13
62020,13
62030,13
62041,12
62051,13
62061,13
62071,13
62083,13
62093,14
62103,13
62113,12
62124,12
62134,13
62145,13
62155,13
62166,13
62176,13
62186,12
62196,12
62206,13
62218,13
62228,13
62238,13
62248,13
62259,13
62269,12
62280,13
62290,13
62301,13
62311,13
62321,12
62331,13
62343,12
62353,13
62363,12
62373,12
62384,12
62394,12
62404,12
62415,12
62426,13
62436,13
62446,13
62456,13
62467,13
62478,13
62488,13
62498,12
62509,13
62519,12
62529,13
62539,13
62551,13
62561,13
62571,12
62581,13
62592,12
62602,12
62613,13
62623,13
62633,13
62644,13
62654,13
62664,12
62675,13
62686,12
62696,13
62706,12
62716,12
62727,13
62737,12
62748,13
62758,12
62769,12
62779,12
62789,12
62799,13
62811,12
62821,13
62831,12
62841,13
62852,12
62862,13
62872,12
62883,13
62894,12
62904,13
62914,13
62924,12
62935,12
62946,11
62956,12
62966,12
62977,13
62987,13
62997,12
63008,12
63019,12
63029,12
63039,12
63049,12
63059,12
63070,12
63081,12
63091,12
63101,12
63112,12
63122,12
63132,11
63143,13
63154,13
63164,12
63174,12
63184,12
63195,12
63205,12
63216,12
63226,12
63237,12
63247,11
63257,12
63267,12
63279,11
63289,12
63299,12
63309,12
63320,12
63330,12
63341,12
63351,12
63362,13
63372,13
63382,12
63392,12
63403,12
63414,12
63424,12
63434,12
63444,12
63455,12
63465,12
63476,12
63486,12
63497,12
63507,12
63517,11
63527,12
63538,12
63549,11
63559,12
63569,12
63580,12
63590,12
63600,12
63611,12
63622,11
63632,11
63642,12
63652,12
63663,12
63674,12
63684,12
63694,12
63705,12
63715,11
63725,12
63735,12
63747,11
63757,12
63767,11
63777,12
63788,12
63798,12
63809,12
63819,12
63830,12
63840,12
63850,12
63860,11
63870,11
63882,12
63892,12
63902,12
63912,11
63923,12
63933,12
63944,12
63954,12
63965,12
63975,12
63985,12
63995,12
64007,12
64017,12
64027,11
64037,12
64048,12
64058,11
64068,12
64079,11
64090,11
64100,12
64110,11
64120,12
64131,11
64142,12
64152,12
64162,11
64173,11
64183,12
64193,11
64203,11
64215,11
64225,11
64235,11
64245,11
64256,11
64266,12
64277,12
64287,12
64297,11
64308,12
64318,12
64328,11
64339,11
64350,11
64360,12
64370,11
64380,11
64391,12
64401,11
64412,12
64422,11
64433,11
64443,11
64453,11
64463,11
64475,11
64485,11
64495,11
64505,11
64516,12
64526,11
64536,11
64547,11
64558,11
64568,11
64578,12
64588,11
64599,11
64610,12
64620,12
64630,11
64641,11
64651,11
64661,11
64672,11
64683,11
64693,12
64703,11
64713,10
64723,11
64734,11
64745,12
64755,11
64765,11
64776,11
64786,11
64796,12
64807,11
64818,11
64828,11
64838,12
64848,11
64859,11
64869,11
64880,11
64890,11
64901,11
64911,11
64921,11
64931,11
64943,11
64953,12
64963,11
64973,11
64984,11
64994,11
65005,12
65015,11
65026,10
65036,11
65046,11
65056,12
65067,11
65078,10
65088,11
65098,11
65108,11
65119,11
65129,11
65140,11
65150,11
65161,11
65171,11
65181,11
65191,12
65202,11
65213,11
65223,11
65233,11
65244,12
65254,11
65264,11
65275,11
65286,11
65296,11
65306,11
65316,11
65327,11
65338,11
65348,11
65358,11
65369,10
65379,11
65389,11
65399,11
65411,11
65421,11
65431,11
65441,11
65452,11
65462,12
65473,11
65483,11
65494,10
65504,11
65514,11
65524,11
65534,11
65546,11
65556,11
65566,11
65576,11
65587,11
65597,11
65608,12
65618,11
65629,11
65639,11
65649,10
65659,10
65671,11
65681,11
65691,11
65701,11
65712,10
65722,10
65732,10
65743,11
65754,10
65764,11
65774,11
65784,11
65795,11
65806,11
65816,10
65826,10
65837,11
65847,10
65857,10
65867,11
65879,10
65889,11
65899,11
65909,11
65920,11
65930,11
65941,11
65951,10
65961,11
65972,11
65982,11
65992,10
66003,10
66014,11
66024,10
66034,11
66044,11
66055,11
66065,11
66076,10
66086,11
66097,11
66107,10
66117,11
66127,11
66139,10
66149,11
66159,10
66169,10
66180,11
66190,10
66200,10
66211,10
66222,11
66232,10
66242,10
66252,10
66263,11
66274,11
66284,10
66294,10
66305,10
66315,11
66325,11
66336,11
66347,11
66357,10
66367,11
66377,10
66387,11
66398,10
66409,10
66419,10
66429,11
66440,11
66450,10
66460,10
66471,10
66482,10
66492,10
66502,10
66512,10
66523,10
66533,11
66544,10
66554,10
66565,10
66575,10
66585,10
66595,11
66607,10
66617,10
66627,10
66637,10
66648,10
66658,10
66669,10
66679,10
66690,10
66700,10
66710,10
66720,10
66731,11
66742,10
66752,10
66762,10
66772,10
66783,9
66792,10
66803,10
66813,10
66824,11
66834,10
66844,10
66854,10
66865,10
66876,10
66886,11
66896,9
66906,10
66916,11
66926,10
66937,10
66948,10
66958,10
66968,10
66978,10
66989,10
66999,10
67010,10
67020,10
67031,10
67041,10
67051,10
67061,10
67073,11
67083,10
67093,10
67103,10
67113,10
67124,10
67135,9
67144,10
67154,10
67165,10
67175,10
67185,10
67195,10
67207,10
67217,10
67227,10
67237,10
67248,11
67258,10
67269,10
67279,10
67290,10
67300,10
67310,10
67320,10
67331,10
67342,11
67352,10
67362,11
67373,10
67383,10
67393,10
67404,10
67415,9
67424,10
67434,11
67444,10
67454,10
67465,10
67476,10
67486,10
67496,10
67507,10
67517,10
67527,10
67538,10
67549,10
67559,10
67569,10
67579,10
67590,10
67601,10
67611,9
67620,10
67631,10
67641,10
67651,10
67661,10
67673,10
67683,10
67693,10
67703,10
67714,10
67724,10
67735,10
67745,10
67756,10
67766,10
67776,9
67785,9
67794,10
67806,10
67816,9
67825,10
67835,10
67846,9
67855,10
67866,10
67876,10
67887,9
67896,10
67906,10
67916,9
67926,10
67937,10
67947,10
67957,9
67966,10
67977,10
67987,10
67997,10
68008,9
68018,10
68028,11
68038,10
68048,10
68059,9
68069,10
68079,10
68089,10
68100,10
68110,9
68119,10
68129,10
68141,10
68151,9
68160,10
68170,10
68180,10
68191,10
68202,11
68212,10
68222,10
68233,10
68243,9
68252,10
68262,9
68273,10
68283,10
68293,10
68303,10
68314,11
68324,10
68335,10
68345,10
68356,10
68366,9
68375,9
68384,10
68395,9
68405,10
68415,9
68424,10
68434,10
68445,9
68454,10
68465,10
68475,9
68485,10
68495,10
68505,9
68514,10
68525,10
68536,9
68545,9
68554,10
68564,10
68575,9
68584,10
68594,10
68605,9
68615,10
68625,10
68635,9
68644,10
68655,9
68665,9
68674,10
68684,10
68695,10
68705,10
68715,10
68725,9
68736,9
68745,9
68754,10
68764,9
68773,10
68784,10
68794,10
68805,10
68815,9
68825,10
68835,10
68845,10
68855,10
68867,9
68876,10
68886,9
68895,9
68904,10
68915,9
68924,9
68934,9
68943,9
68953,10
68963,9
68972,9
68981,9
68990,9
69001,9
69010,9
69019,10
69029,9
69039,9
69048,10
69058,9
69068,9
69078,9
69087,9
69096,10
69106,9
69115,9
69125,9
69135,10
69145,9
69154,9
69164,9
69173,10
69183,9
69192,9
69202,9
69212,9
69221,9
69230,9
69239,9
69249,9
69258,10
69269,9
69278,9
69287,9
69297,9
69306,9
69315,9
69324,9
69335,10
69345,9
69354,10
69364,9
69373,10
69384,9
69393,10
69404,9
69413,9
69423,10
69433,9
69442,9
69451,9
69460,9
69471,9
69480,9
69489,9
69498,10
69509,9
69518,9
69527,9
69537,9
69547,8
69556,9
69565,9
69574,9
69583,9
69593,9
69603,9
69612,9
69621,9
69630,9
69640,9
69649,9
69658,9
69668,9
69678,9
69687,9
69696,9
69705,9
69714,10
69725,9
69735,9
69744,10
69754,9
69764,9
69773,10
69783,9
69792,10
69804,9
69813,9
69822,9
69831,9
69840,9
69850,9
69859,10
69870,9
69879,8
69889,9
69898,9
69907,10
69917,9
69926,9
69937,9
69946,9
69955,9
69964,9
69974,9
69983,9
69992,8
70002,10
70012,9
70022,9
70031,9
70040,9
70049,10
70060,9
70070,9
70079,9
70088,9
70097,9
70107,9
70116,9
70125,9
70135,9
70145,9
70154,9
70163,8
70172,10
70182,9
70192,10
70203,9
70212,10
70222,9
70232,9
70241,9
70250,9
70259,8
70269,9
70279,9
70288,9
70297,9
70306,9
70316,9
70325,9
70335,9
70344,9
70353,9
70363,8
70372,9
70381,9
70390,9
70401,10
70411,9
70420,9
70429,9
70438,8
70448,8
70457,9
70467,10
70477,9
70487,9
70496,9
70505,9
70514,9
70523,9
70534,10
70544,9
70553,9
70562,9
70572,10
70582,9
70591,9
70601,8
70610,9
70620,9
70629,9
70638,10
70648,9
70658,9
70668,9
70677,9
70686,9
70695,9
70705,9
70714,9
70723,9
70733,8
70743,9
70752,9
70761,9
70770,9
70779,9
70789,9
70799,9
70808,9
70817,9
70827,9
70836,9
70845,9
70854,9
70864,9
70874,9
70883,8
70892,9
70901,8
70910,9
70920,8
70930,9
70939,9
70948,9
70958,9
70967,10
70977,9
70986,9
70996,8
71006,8
71015,9
71024,9
71033,8
71043,9
71052,8
71062,9
71071,9
71080,9
71090,8
71099,9
71108,9
71117,8
71128,9
71137,9
71146,9
71155,8
71164,9
71174,8
71183,9
71192,9
71202,9
71212,8
71221,8
71230,9
71239,9
71248,9
71258,9
71268,9
71277,8
71286,9
71296,9
71305,9
71314,8
71323,9
71333,9
71343,9
71352,9
71361,8
71370,8
71379,9
71389,9
71399,8
71408,8
71417,9
71427,8
71436,9
71445,8
71454,9
71464,8
71474,8
71483,8
71492,8
71501,9
71511,9
71520,9
71530,9
71539,9
71548,8
71558,9
71567,9
71576,8
71585,9
71596,8
71605,8
71614,9
71623,8
71632,9
71642,9
71651,8
71661,8
71670,8
71680,9
71689,9
71698,8
71707,8
71716,8
71727,9
71736,8
71745,9
71754,8
71763,8
71773,8
71782,9
71791,9
71801,9
71811,8
71820,8
71829,8
71838,9
71847,9
71857,8
71867,8
71876,9
71885,8
71895,8
71904,8
71913,8
71922,9
71932,9
71942,8
71951,8
71960,9
71969,8
71979,8
71988,9
71998,8
72007,8
72016,8
72026,8
72035,8
72044,9
72053,9
72064,8
72073,8
72082,9
72091,8
72100,8
72110,8
72119,8
72129,8
72138,9
72147,9
72157,8
72166,8
72175,9
72184,9
72195,8
72204,8
72213,9
72222,8
72231,8
72241,8
72250,8
72260,8
72269,8
72279,8
72288,9
72297,8
72306,8
72315,9
72326,8
72335,8
72344,9
72353,8
72363,8
72372,9
72381,9
72390,8
72400,8
72410,8
72419,8
72428,8
72437,8
72446,8
72456,9
72466,9
72475,8
72484,8
72494,8
72503,8
72512,9
72521,8
72531,8
72541,8
72550,8
72559,8
72568,9
72578,9
72587,8
72597,8
72606,8
72615,8
72625,9
72634,8
72643,8
72652,8
72663,9
72672,8
72681,8
72690,9
72699,9
72709,8
72718,8
72728,8
72737,8
72747,9
72756,8
72765,8
72774,8
72783,8
72794,9
72803,8
72812,8
72821,8
72830,8
72840,8
72849,8
72859,8
72868,8
72878,8
72887,8
72896,8
72905,8
72914,8
72925,8
72934,8
72943,8
72952,8
72962,8
72971,8
72980,8
72989,8
72999,8
73009,8
73018,8
73027,8
73036,8
73046,8
73055,8
73065,7
73074,8
73083,8
73093,8
73102,8
73111,8
73120,8
73131,8
73140,8
73149,8
73158,8
73167,7
73177,8
73186,8
73196,7
73205,8
73214,8
73224,7
73233,8
73242,8
73251,8
73262,9
73271,8
73280,8
73289,7
73298,8
73308,8
73317,8
73327,7
73336,7
73346,9
73355,8
73364,8
73373,8
73382,8
73393,8
73402,8
73411,8
73420,8
73430,8
73439,7
73448,8
73458,8
73467,8
73477,8
73486,8
73495,8
73504,8
73513,8
73524,8
73533,8
73542,8
73551,8
73561,9
73570,9
73579,9
73588,8
73598,8
73608,7
73617,8
73626,8
73635,7
73645,8
73654,8
73664,8
73673,8
73682,9
73692,8
73701,8
73710,8
73719,8
73730,8
73739,8
73748,8
73757,8
73766,8
73776,8
73785,8
73795,8
73804,8
73814,8
73823,8
73832,8
73841,7
73850,8
73861,8
73870,8
73879,8
73888,8
73897,8
73907,7
73916,8
73926,8
73935,8
73945,8
73954,8
73963,8
73972,8
73981,8
73992,8
74001,7
74010,7
74019,8
74029,7
74038,8
74047,8
74057,8
74066,8
74076,8
74085,8
74094,8
74103,8
74113,8
74123,8
74132,8
74141,8
74150,7
74160,8
74169,8
74178,8
74187,8
74198,8
74207,8
74216,8
74225,8
74234,8
74244,8
74253,8
74263,7
74272,8
74281,8
74291,8
74300,8
74309,8
74318,8
74329,7
74338,7
74347,7
74356,8
74365,8
74375,8
74384,8
74394,8
74403,8
74413,8
74422,8
74431,8
74440,8
74449,8
74460,8
74469,9
74478,8
74487,8
74497,8
74506,8
74515,7
74525,8
74534,8
74544,8
74553,8
74562,8
74571,8
74580,8
74591,8
74600,7
74609,9
74618,7
74628,8
74637,8
74646,8
74656,7
74665,8
74675,8
74684,8
74693,7
74702,8
74712,7
74722,8
74731,8
74740,8
74749,8
74759,7
74768,8
74777,8
74786,8
74797,8
74806,8
74815,8
74824,7
74833,7
74843,7
74852,8
74862,7
74871,8
74881,7
74890,7
74899,8
74908,8
74917,7
74928,8
74937,8
74946,8
74955,7
74964,8
74974,8
74983,7
74993,8
75002,8
75012,8
75021,8
75030,8
75039,8
75048,8
75059,8
75068,8
75077,8
75086,8
75096,7
75105,8
75114,7
75124,7
75133,8
75143,8
75152,8
75161,7
75170,8
75180,8
75190,8
75199,8
75208,8
75217,8
75227,8
75236,7
75245,8
75255,7
75265,7
75274,7
75283,8
75292,7
75301,7
75311,7
75321,8
75330,7
75339,8
75348,7
75358,8
75367,8
75376,7
75385,7
75396,7
75405,7
75414,7
75423,8
75432,8
75442,7
75451,7
75461,8
75470,8
75480,7
75489,7
75498,8
75507,8
75516,7
75527,8
75536,7
75545,8
75554,7
75564,7
75573,8
75582,7
75592,7
75601,7
75611,7
75620,7
75629,7
75638,7
75648,7
75658,7
75667,8
75676,8
75685,7
75695,8
75704,8
75713,8
75723,8
75732,8
75742,7
75751,7
75760,8
75769,7
75779,7
75789,7
75798,7
75807,7
75816,7
75826,8
75835,8
75844,8
75854,7
75864,8
75873,7
75882,8
75891,7
75900,8
75910,7
75920,7
75929,8
75938,8
75948,8
75957,8
75966,7
75975,7
75984,8
75995,8
76004,8
76013,7
76022,7
76032,7
76041,8
76050,7
76060,7
76069,8
76079,8
76088,7
76097,8
76106,7
76115,8
76126,7
76135,7
76144,7
76153,7
76163,7
76172,7
76181,7
76191,7
76200,8
76210,7
76219,7
76228,8
76237,7
76247,7
76257,7
76266,8
76275,8
76284,7
76294,8
76303,7
76312,8
76322,7
76332,7
76341,7
76350,7
76359,8
76368,8
76378,7
76388,7
76397,7
76406,7
76416,7
76425,7
76434,7
76443,7
76453,7
76463,7
76472,7
76481,7
76490,7
76499,7
76509,7
76519,8
76528,7
76537,8
76547,8
76556,7
76565,7
76574,7
76583,6
76594,8
76603,6
76612,7
76621,8
76631,7
76640,7
76649,8
76659,7
76668,7
76678,6
76687,7
76696,6
76705,8
76715,7
76725,7
76734,7
76743,7
76752,7
76762,7
76771,7
76780,7
76790,7
76800,7
76809,8
76818,7
76827,7
76836,8
76846,7
76856,7
76865,8
76874,7
76883,7
76893,7
76902,7
76911,7
76921,7
76931,7
76940,7
76949,7
76958,7
76967,7
76977,7
76987,7
76996,7
77005,6
77015,7
77024,6
77033,7
77042,7
77052,7
77062,7
77071,7
77080,7
77089,7
77099,7
77108,8
77118,7
77127,7
77136,7
77146,8
77155,7
77164,7
77173,7
77182,7
77193,6
77202,7
77211,7
77220,7
77230,6
77239,7
77248,7
77258,6
77267,7
77277,7
77286,7
77295,7
77304,7
77314,6
77324,7
77333,7
77342,7
77351,7
77361,7
77370,8
77379,6
77389,7
77399,7
77408,7
77417,7
77426,7
77435,7
77445,7
77455,7
77464,7
77473,7
77483,6
77492,8
77501,7
77510,7
77520,6
77530,7
77539,7
77548,7
77557,7
77566,7
77576,7
77586,7
77595,7
77604,7
77614,7
77623,6
77632,7
77641,7
77651,7
77661,7
77670,7
77679,7
77688,7
77698,6
77707,7
77717,7
77726,7
77735,7
77745,7
77754,7
77763,7
77772,6
77782,6
77792,8
77801,7
77810,7
77819,7
77829,7
77838,6
77847,6
77857,7
77867,7
77876,7
77885,7
77894,6
77903,7
77913,7
77923,6
77932,7
77941,7
77950,7
77960,7
77969,7
77978,6
77988,7
77998,7
78007,7
78016,6
78025,6
78034,7
78044,7
78054,6
78063,7
78072,6
78082,7
78091,6
78100,7
78109,6
78119,7
78129,7
78138,6
78147,7
78156,7
78166,7
78175,7
78185,7
78194,7
78203,6
78213,6
78222,7
78231,7
78240,7
78251,6
78260,7
78269,7
78278,7
78287,7
78297,7
78306,7
78316,6
78325,6
78334,6
78344,6
78353,7
78362,7
78371,7
78381,7
78391,7
78400,7
78409,7
78418,7
78428,7
78437,6
78446,7
78456,6
78466,6
78475,6
78484,7
78493,6
78502,7
78512,6
78522,7
78531,6
78540,7
78550,7
78559,7
78568,6
78577,6
78587,7
78597,7
78606,7
78615,7
78624,7
78633,7
78643,6
78653,6
78662,7
78671,6
78681,6
78690,7
78699,6
78708,6
78718,7
78728,6
78737,6
78746,6
78755,6
78765,7
78774,7
78784,7
78793,7
78802,7
78812,6
78821,7
78830,6
78839,6
78850,6
78859,7
78868,7
78877,6
78886,6
78896,7
78905,7
78915,6
78924,7
78934,6
78943,7
78952,6
78961,7
78970,6
78980,6
78990,6
78999,6
79008,6
79017,6
79027,6
79036,6
79045,6
79055,6
79065,7
79074,6
79083,7
79092,7
79101,7
79111,7
79121,6
79130,7
79139,6
79149,7
79158,6
79167,6
79176,7
79186,6
79196,7
79205,6
79214,6
79223,6
79233,7
79242,7
79252,7
79261,6
79270,6
79280,7
79289,6
79298,6
79307,6
79318,6
79327,6
79336,6
79345,6
79354,6
79364,6
79373,7
79383,6
79392,6
79401,6
79411,7
79420,6
79429,6
79438,6
79449,7
79458,7
79467,6
79476,7
79485,7
79495,6
79504,6
79514,7
79523,7
79533,6
79542,6
79551,6
79560,6
79569,6
79579,7
79589,6
79598,7
79607,6
79617,6
79626,7
79635,6
79644,6
79654,6
79664,6
79673,6
79682,6
79691,6
79700,6
79710,7
79720,6
79729,6
79738,6
79748,7
79757,6
79766,6
79775,5
79785,7
79795,6
79804,6
79813,6
79822,6
79832,7
79841,6
79851,6
79860,6
79869,6
79879,7
79888,6
79897,6
79906,7
79917,6
79926,6
79935,6
79944,6
79953,7
79963,6
79972,6
79982,6
79991,6
80001,6
80010,6
80019,6
80028,6
80037,6
80048,6
80057,6
80066,6
80075,6
80084,6
80094,6
80103,6
80113,7
80122,7
80132,7
80141,6
80150,6
80159,6
80168,7
80178,6
80188,6
80197,6
80206,6
80216,6
80225,6
80234,7
80243,6
80253,6
80263,6
80272,5
80281,6
80290,6
80300,6
80309,6
80319,6
80328,6
80337,6
80347,6
80356,7
80365,7
80374,6
80385,7
80394,6
80403,7
80412,6
80421,6
80431,7
80440,6
80450,6
80459,6
80468,6
80478,6
80487,6
80496,6
80505,6
80516,6
80525,6
80534,6
80543,6
80552,6
80562,6
80571,6
80581,6
80590,6
80600,6
80609,6
80618,6
80627,7
80636,6
80647,7
80656,5
80665,6
80674,6
80684,5
80693,5
80702,6
80712,5
80721,6
80731,6
80740,6
80749,6
80758,6
80768,6
80777,6
80787,6
80796,6
80805,6
80815,6
80824,6
80833,6
80842,6
80852,5
80862,6
80871,5
80880,6
80889,6
80899,6
80908,5
80918,5
80927,6
80936,6
80946,6
80955,6
80964,6
80973,7
80984,5
80993,6
81002,6
81011,6
81020,6
81030,5
81039,6
81049,5
81058,7
81068,6
81077,6
81086,6
81095,6
81104,6
81115,6
81124,6
81133,6
81142,6
81152,6
81161,6
81170,6
81180,6
81189,6
81199,6
81208,6
81217,6
81226,6
81235,6
81246,6
81255,6
81264,6
81273,6
81283,5
81292,6
81301,6
81311,6
81320,6
81330,6
81339,6
81348,6
81357,5
81367,6
81376,6
81386,6
81395,5
81404,6
81414,5
81423,6
81432,6
81441,6
81452,6
81461,7
81470,6
81479,6
81488,6
81498,6
81507,6
81517,6
81526,7
81536,6
81545,6
81554,6
81563,6
81572,6
81583,6
81592,6
81601,5
81610,6
81619,6
81629,6
81638,6
81648,6
81657,6
81667,6
81676,6
81685,6
81694,6
81703,7
81714,6
81723,6
81732,6
81741,6
81751,6
81760,6
81769,6
81779,6
81788,6
81798,6
81807,6
81816,6
81825,6
81835,6
81845,5
81854,6
81863,6
81872,6
81882,6
81891,6
81900,6
81910,6
81920,5
81929,6
81938,7
81947,6
81956,6
81966,6
81975,6
81985,6
81994,6
82003,5
82013,5
82022,5
82031,6
82040,6
82051,6
82060,6
82069,6
82078,6
82087,5
82097,6
82106,6
82116,6
82125,6
82135,6
82144,6
82153,6
82162,6
82171,6
82182,6
82191,6
82200,5
82209,5
82219,6
82228,6
82237,6
82247,5
82256,6
82266,5
82275,6
82284,6
82293,5
82302,5
82313,6
82322,6
82331,6
82340,6
82350,6
82359,6
82368,6
82378,5
82387,6
82397,6
82406,6
82415,6
82424,5
82434,6
82444,6
82453,6
82462,5
82471,6
82481,6
82490,5
82499,6
82509,6
82519,6
82528,6
82537,6
82546,6
82555,6
82565,6
82574,7
82584,6
82593,6
82603,6
82612,6
82621,6
82630,6
82639,5
82650,6
82659,5
82668,5
82677,5
82686,5
82696,5
82705,6
82715,5
82724,6
82734,5
82743,6
82752,6
82761,6
82770,6
82781,5
82790,5
82799,6
82808,6
82818,6
82827,6
82836,6
82846,6
82855,5
82865,6
82874,6
82883,6
82892,6
82902,6
82912,6
82921,5
82930,6
82939,6
82949,6
82958,6
82967,5
82977,6
82987,6
82996,5
83005,5
83014,6
83023,6
83033,6
83043,5
83052,6
83061,5
83070,6
83080,5
83089,6
83098,6
83108,5
83118,6
83127,6
83136,6
83145,6
83154,6
83164,5
83173,6
83183,6
83192,5
83202,6
83211,6
83220,6
83229,6
83238,6
83249,6
83258,6
83267,6
83276,5
83286,5
83295,6
83304,5
83314,5
83323,6
83333,6
83342,5
83351,6
83360,6
83369,6
83380,6
83389,5
83398,5
83407,5
83417,6
83426,6
83435,5
83445,6
83454,6
83464,6
83473,6
83482,5
83491,5
83501,6
83511,5
83520,5
83529,5
83538,6
83548,6
83557,6
83566,6
83576,5
83586,6
83595,6
83604,6
83613,6
83622,5
83632,6
83642,5
83651,5
83660,6
83670,5
83679,6
83688,6
83697,6
83707,6
83717,5
83726,5
83735,5
83744,6
83753,6
83763,6
83772,5
83782,5
83791,6
83801,5
83810,6
83819,5
83828,5
83837,6
83848,5
83857,5
83866,5
83875,6
83885,6
83894,6
83903,6
83913,5
83922,6
83932,5
83941,6
83950,5
83959,6
83969,6
83979,6
83988,6
83997,5
84006,5
84016,6
84025,5
84034,5
84044,6
84054,6
84063,6
84072,6
84081,5
84090,6
84100,5
84110,5
84119,6
84128,5
84137,5
84147,5
84156,5
84165,6
84175,6
84185,5
84194,6
84203,6
84212,5
84221,5
84231,5
84241,6
84250,6
84259,5
84269,6
84278,5
84287,6
84296,6
84306,6
84316,6
84325,6
84334,5
84343,6
84353,5
84362,5
84371,6
84381,5
84390,6
84400,5
84409,6
84418,5
84427,6
84436,6
84447,6
84456,6
84465,6
84474,5
84484,5
84493,6
84502,5
84512,6
84521,6
84531,6
84540,5
84549,6
84558,6
84568,6
84578,6
84587,6
84596,6
84605,6
84615,6
84624,6
84633,6
84643,5
84653,6
84662,5
84671,6
84680,5
84689,5
84699,5
84709,6
84718,5
84727,5
84737,6
84746,6
84755,5
84764,5
84774,5
84784,5
84793,6
84802,5
84811,5
84820,5
84830,6
84840,5
84849,6
84858,5
84868,6
84877,5
84886,5
84895,6
84905,6
84915,6
84924,5
84933,5
84942,6
84952,6
84961,5
84970,6
84980,6
84989,6
84999,5
85008,5
85017,5
85026,5
85036,5
85046,5
85055,6
85064,6
85073,5
85083,5
85092,5
85101,5
85111,6
85121,5
85130,6
85139,5
85148,6
85157,5
85167,6
85177,5
85186,6
85195,5
85204,5
85214,5
85223,6
85232,6
85242,6
85252,5
85261,6
85270,5
85279,5
85288,6
85298,5
85308,5
85317,6
85326,6
85336,6
85345,6
85354,6
85363,5
85373,5
85383,6
85392,5
85401,6
85410,6
85420,6
85429,6
85439,5
85448,5
85457,5
85467,6
85476,6
85485,6
85494,5
85505,6
85514,5
85523,5
85532,5
85541,5
85551,6
85560,5
85569,5
85579,5
85588,5
85598,5
85607,5
85616,5
85625,5
85635,6
85645,5
85654,5
85663,6
85672,5
85682,6
85691,6
85700,5
85710,5
85720,6
85729,6
85738,5
85747,5
85756,5
85766,5
85776,6
85785,5
85794,5
85804,6
85813,5
85822,6
85831,5
85841,6
85851,5
85860,5
85869,5
85878,5
85888,5
85897,5
85907,5
85916,5
85925,5
85935,6
85944,5
85953,5
85962,5
85972,5
85982,6
85991,5
86000,6
86009,5
86019,5
86028,6
86038,5
86047,5
86056,5
86066,6
86075,5
86084,6
86093,6
86104,5
86113,5
86122,5
86131,5
86140,5
86150,5
86159,6
86168,6
86178,5
86188,5
86197,5
86206,5
86215,5
86224,5
86234,6
86244,5
86253,6
86262,5
86272,5
86281,6
86290,5
86299,6
86309,5
86319,5
86328,5
86337,6
86346,5
86355,5
86365,5
86375,5
86384,5
86393,5
86403,5
86412,5
86421,5
86430,5
86440,6
86450,6
86459,5
86468,6
86477,5
86487,5
86496,5
86506,5
86515,5
86524,5
86534,6
86543,5
86552,5
86561,5
86572,6
86581,5
86590,5
86599,5
86608,5
86618,6
86627,6
86637,5
86646,5
86656,6
86665,5
86674,5
86683,5
86692,5
86703,6
86712,5
86721,5
86730,4
86739,5
86749,5
86758,5
86767,5
86777,5
86787,5
86796,6
86805,5
86814,5
86823,5
86833,6
86843,5
86852,5
86861,5
86871,5
86880,6
86889,6
86898,5
86908,5
86918,5
86927,5
86936,5
86945,5
86955,5
86964,4
86974,5
86983,5
86992,5
87002,5
87011,5
87020,5
87029,5
87040,5
87049,5
87058,5
87067,5
87076,5
87086,5
87095,5
87105,5
87114,5
87123,5
87133,4
87142,5
87151,5
87160,6
87171,5
87180,5
87189,5
87198,5
87207,6
87217,5
87226,5
87236,5
87245,5
87255,5
87264,5
87273,5
87282,5
87291,5
87302,5
87311,5
87320,5
87329,5
87339,5
87348,5
87357,5
87366,5
87376,5
87386,5
87395,4
87404,4
87413,6
87422,5
87432,5
87442,5
87451,5
87460,4
87470,4
87479,5
87488,5
87497,4
87507,6
87517,5
87526,5
87535,5
87544,4
87554,6
87563,6
87573,5
87582,5
87591,5
87601,6
87610,5
87619,5
87628,5
87639,5
87648,5
87657,5
87666,5
87675,6
87685,5
87694,5
87704,5
87713,6
87723,5
87732,5
87741,5
87750,5
87759,5
87770,5
87779,5
87788,5
87797,5
87806,5
87816,6
87825,4
87835,5
87844,5
87854,4
87863,5
87872,4
87881,4
87890,5
87901,5
87910,4
87919,5
87928,5
87938,5
87947,5
87956,4
87965,5
87975,5
87985,5
87994,5
88003,5
88012,4
88022,5
88031,5
88041,5
88050,5
88059,5
88069,5
88078,5
88087,5
88096,5
88107,5
88116,5
88125,5
88134,5
88143,5
88153,5
88162,5
88172,5
88181,5
88190,5
88200,5
88209,5
88218,5
88227,5
88238,5
88247,5
88256,5
88265,5
88274,5
88284,5
88293,5
88303,5
88312,5
88322,5
88331,5
88340,5
88349,5
88358,4
88369,5
88378,5
88387,5
88396,5
88406,5
88415,5
88424,4
88434,5
88443,5
88453,4
88462,5
88471,6
88480,5
88489,4
88500,6
88509,4
88518,5
88527,5
88537,5
88546,5
88555,5
88564,5
88574,5
88584,5
88593,4
88602,4
88611,4
88621,5
88630,5
88640,5
88649,5
88658,5
88668,5
88677,5
88686,5
88695,5
88706,5
88715,5
88724,5
88733,6
88742,5
88752,5
88761,5
88771,5
88780,5
88790,4
88799,5
88808,4
88817,6
88826,5
88837,5
88846,5
88855,5
88864,5
88873,5
88883,5
88892,5
88902,5
88911,4
88921,6
88930,5
88939,5
88948,4
88957,4
88968,5
88977,5
88986,5
88995,5
89005,5
89014,5
89023,5
89033,5
89042,4
89052,4
89061,5
89070,5
89079,5
89089,4
89099,4
89108,5
89117,5
89126,4
89136,4
89145,5
89154,5
89163,5
89174,5
89183,4
89192,4
89201,5
89210,5
89220,4
89229,5
89239,5
89248,5
89257,5
89267,5
89276,5
89285,4
89294,5
89305,5
89314,4
89323,5
89332,4
89341,4
89351,4
89360,5
89370,5
89379,5
89389,4
89398,5
89407,6
89416,5
89425,5
89436,5
89445,4
89454,5
89463,5
89473,4
89482,5
89491,5
89501,5
89510,5
89520,5
89529,5
89538,4
89547,5
89556,5
89567,4
89576,5
89585,5
89594,5
89604,5
89613,5
89622,5
89632,4
89641,5
89651,5
89660,5
89669,6
89678,4
89688,5
89698,4
89707,4
89716,5
89725,5
89735,4
89744,5
89753,5
89762,5
89773,6
89782,5
89791,4
89800,5
89809,4
89819,5
89828,5
89838,5
89847,4
89857,5
89866,4
89875,6
89884,5
89893,4
89904,5
89913,5
89922,5
89931,5
89940,4
89950,5
89959,4
89969,5
89978,4
89988,4
89997,5
90006,4
90015,4
90024,5
90035,5
90044,5
90053,5
90062,5
90072,5
90081,4
90090,5
90100,5
90109,4
90119,5
90128,5
90137,4
90146,5
90156,4
90166,4
90175,5
90184,5
90193,5
90203,5
90212,5
90221,4
90231,5
90241,4
90250,5
90259,5
90268,6
90277,5
90287,5
90297,4
90306,4
90315,5
90324,5
90334,5
90343,4
90352,5
90361,5
90372,5
90381,4
90390,4
90399,5
90408,4
90418,4
90427,5
90437,5
90446,4
90456,5
90465,4
90474,4
90483,5
90492,5
90503,5
90512,5
90521,4
90530,5
90540,4
90549,5
90558,5
90568,5
90577,5
90587,5
90596,5
90605,4
90614,4
90624,5
90634,4
90643,5
90652,5
90661,4
90671,5
90680,5
90689,4
90699,5
90708,5
90718,5
90727,5
90736,4
90745,5
90755,5
90765,5
90774,5
90783,5
90792,5
90802,5
90811,5
90820,5
90830,5
90840,4
90849,5
90858,5
90867,5
90876,4
90886,5
90896,5
90905,4
90914,4
90924,5
90933,5
90942,5
90951,5
90960,5
90971,4
90980,5
90989,5
90998,6
91008,5
91017,5
91026,4
91036,4
91045,5
91055,5
91064,6
91073,4
91082,5
91091,5
91102,5
91111,5
91120,5
91129,5
91139,4
91148,5
91157,5
91167,4
91176,4
91186,5
91195,5
91204,4
91213,5
91223,5
91233,5
91242,5
91251,5
91260,5
91270,5
91279,4
91288,5
91298,5
91308,4
91317,5
91326,5
91335,5
91344,5
91354,5
91364,5
91373,4
91382,4
91392,5
91401,6
91410,5
91419,5
91429,4
91439,4
91448,5
91457,4
91466,5
91475,5
91485,5
91495,5
91504,5
91513,4
91523,5
91532,5
91541,5
91550,4
91559,4
91570,5
91579,4
91588,5
91597,5
91607,4
91616,5
91625,4
91635,5
91644,5
91654,5
91663,4
91672,4
91681,4
91691,5
91701,5
91710,5
91719,5
91728,4
91738,4
91747,5
91756,5
91766,4
91776,5
91785,5
91794,5
91803,5
91812,5
91822,5
91832,5
91841,4
91850,5
91859,4
91869,4
91878,5
91887,4
91897,5
91907,5
91916,5
91925,5
91934,4
91943,4
91953,4
91963,4
91972,5
91981,5
91991,5
92000,4
92009,5
92018,4
92028,4
92038,5
92047,5
92056,5
92065,5
92075,4
92084,5
92094,5
92103,5
92112,4
92122,4
92131,5
92140,4
92149,5
92158,5
92169,5
92178,4
92187,5
92196,5
92206,5
92215,5
92224,4
92234,5
92243,5
92253,5
92262,5
92271,5
92280,4
92290,5
92300,5
92309,5
92318,4
92327,4
92337,4
92346,5
92355,5
92365,5
92375,5
92384,5
92393,4
92402,5
92411,4
92421,5
92431,4
92440,5
92449,4
92459,4
92468,5
92477,4
92486,4
92496,5
92506,4
92515,4
92524,4
92533,5
92542,5
92552,4
92562,5
92571,5
92580,4
92590,4
92599,4
92608,4
92617,5
92627,4
92637,5
92646,4
92655,4
92664,4
92674,4
92683,4
92693,4
92702,4
92711,4
92721,4
92730,4
92739,5
92748,5
92758,4
92768,4
92777,4
92786,5
92795,5
92805,5
92814,5
92823,4
92833,5
92843,4
92852,4
92861,4
92870,5
92879,5
92889,4
92899,4
92908,4
92917,4
92926,4
92936,5
92945,5
92954,5
92964,4
92974,4
92983,5
92992,4
93001,5
93010,5
93020,5
93030,5
93039,4
93048,4
93058,4
93067,4
93076,5
93085,5
93095,5
93105,5
93114,4
93123,4
93132,5
93142,4
93151,4
93161,4
93170,5
93179,4
93189,4
93198,4
93207,4
93216,4
93227,4
93236,4
93245,4
93254,5
93263,4
93273,5
93282,4
93292,5
93301,4
93310,5
93320,4
93329,4
93338,5
93347,4
93357,5
93367,5
93376,4
93385,4
93394,4
93404,4
93413,4
93422,5
93432,4
93442,5
93451,4
93460,4
93469,5
93478,4
93488,4
93498,5
93507,4
93516,4
93526,5
93535,4
93544,4
93553,4
93563,4
93573,4
93582,4
93591,5
93600,4
93609,4
93619,4
93629,5
93638,5
93647,4
93657,4
93666,4
93675,4
93684,4
93694,5
93704,5
93713,4
93722,4
93731,4
93741,4
93750,5
93760,4
93769,4
93778,5
93788,4
93797,4
93806,5
93815,4
93826,4
93835,5
93844,4
93853,4
93862,4
93872,4
93881,4
93891,4
93900,5
93910,4
93919,5
93928,4
93937,5
93946,4
93956,5
93966,4
93975,4
93984,4
93993,4
94003,4
94012,5
94021,4
94031,4
94041,4
94050,5
94059,4
94068,4
94077,5
94087,4
94097,5
94106,4
94115,4
94125,4
94134,4
94143,5
94152,5
94162,4
94172,5
94181,4
94190,4
94199,5
94209,5
94218,3
94228,5
94237,4
94246,5
94256,4
94265,4
94274,4
94283,4
94294,5
94303,4
94312,5
94321,4
94330,4
94340,4
94349,4
94359,5
94368,5
94377,4
94387,4
94396,4
94405,4
94414,4
94425,4
94434,4
94443,4
94452,4
94461,4
94471,4
94480,4
94490,4
94499,4
94509,4
94518,4
94527,4
94536,4
94545,4
94555,4
94565,4
94574,4
94583,5
94593,3
94602,4
94611,5
94620,4
94630,4
94640,5
94649,4
94658,4
94667,4
94676,4
94686,4
94696,4
94705,4
94714,4
94724,4
94733,4
94742,5
94751,4
94761,4
94771,5
94780,4
94789,5
94798,4
94808,5
94817,5
94827,5
94836,4
94845,5
94855,5
94864,4
94873,4
94882,4
94893,5
94902,4
94911,5
94920,4
94929,5
94939,4
94948,5
94958,3
94967,4
94977,4
94986,4
94995,4
95004,5
95013,4
95024,4
95033,4
95042,5
95051,4
95060,4
95070,5
95079,4
95089,4
95098,5
95108,4
95117,4
95126,5
95135,4
95144,4
95154,4
95164,5
95173,4
95182,4
95192,4
95201,4
95210,4
95219,5
95229,4
95239,4
95248,4
95257,5
95266,4
95276,4
95285,4
95295,4
95304,4
95313,4
95323,4
95332,4
95341,4
95350,4
95361,4
95370,4
95379,4
95388,5
95397,4
95407,4
95416,4
95426,5
95435,4
95444,4
95454,4
95463,4
95472,4
95481,4
95492,4
95501,5
95510,4
95519,4
95528,3
95538,5
95547,4
95557,4
95566,5
95576,4
95585,4
95594,4
95603,4
95612,4
95623,3
95632,4
95641,4
95650,4
95660,4
95669,4
95678,4
95688,4
95697,4
95707,4
95716,4
95725,3
95734,5
95744,4
95753,5
95763,4
95772,4
95781,5
95791,4
95800,4
95809,4
95818,4
95828,4
95838,4
95847,3
95856,4
95865,4
95875,4
95884,5
95894,4
95903,4
95912,4
95922,4
95931,4
95940,5
95949,4
95960,3
95969,4
95978,4
95987,4
95996,4
96006,3
96015,4
96025,4
96034,5
96044,4
96053,4
96062,4
96071,4
96080,4
96091,4
96100,4
96109,4
96118,4
96128,4
96137,4
96146,4
96156,4
96165,4
96175,3
96184,3
96193,4
96202,4
96211,4
96222,4
96231,4
96240,5
96249,4
96259,4
96268,4
96277,4
96287,4
96296,4
96306,4
96315,4
96324,4
96333,4
96343,4
96352,4
96362,3
96371,4
96380,4
96390,4
96399,4
96408,4
96417,4
96428,4
96437,4
96446,4
96455,4
96464,4
96474,3
96483,4
96493,4
96502,4
96512,4
96521,4
96530,5
96539,4
96548,4
96559,4
96568,4
96577,3
96586,4
96595,4
96605,4
96614,4
96624,4
96633,4
96643,4
96652,4
96661,4
96670,4
96679,3
96690,4
96699,4
96708,4
96717,4
96727,4
96736,4
96745,4
96755,4
96764,5
96774,4
96783,4
96792,4
96801,4
96811,4
96821,4
96830,4
96839,4
96848,4
96858,4
96867,5
96876,4
96886,4
96896,4
96905,4
96914,4
96923,4
96932,5
96942,4
96951,4
96961,4
96970,4
96979,4
96989,4
96998,4
97007,4
97016,4
97027,4
97036,4
97045,4
97054,4
97063,4
97073,4
97082,4
97092,4
97101,4
97111,4
97120,4
97129,4
97138,3
97147,4
97158,4
97167,4
97176,4
97185,4
97195,4
97204,4
97213,4
97223,4
97232,4
97242,4
97251,3
97260,4
97269,4
97278,4
97289,4
97298,4
97307,4
97316,4
97326,4
97335,4
97344,4
97354,4
97363,5
97373,4
97382,4
97391,4
97400,4
97410,4
97420,5
97429,4
97438,4
97447,4
97457,3
97466,5
97475,4
97485,5
97495,4
97504,4
97513,4
97522,4
97531,4
97541,4
97550,4
97560,4
97569,4
97579,4
97588,4
97597,4
97606,4
97615,4
97626,4
97635,4
97644,4
97653,4
97662,4
97672,3
97681,4
97691,4
97700,4
97710,4
97719,4
97728,5
97737,4
97746,4
97757,4
97766,4
97775,4
97784,3
97794,4
97803,4
97812,4
97822,4
97831,4
97841,4
97850,4
97859,4
97868,3
97878,4
97888,4
97897,4
97906,4
97915,3
97925,4
97934,4
97943,4
97953,3
97963,4
97972,4
97981,4
97990,4
97999,5
98009,4
98019,4
98028,4
98037,4
98046,4
98056,4
98065,4
98074,4
98084,4
98094,4
98103,4
98112,4
98121,4
98130,4
98140,4
98149,4
98159,4
98168,4
98178,4
98187,4
98196,4
98205,4
98214,4
98225,3
98234,4
98243,4
98252,4
98262,4
98271,4
98280,4
98290,4
98299,5
98309,4
98318,3
98327,4
98336,4
98345,5
98356,4
98365,3
98374,4
98383,3
98393,4
98402,4
98411,4
98421,4
98430,4
98440,4
98449,3
98458,4
98467,3
98477,4
98487,4
98496,4
98505,4
98514,4
98524,4
98533,5
98542,4
98552,5
98562,4
98571,4
98580,4
98589,4
98598,3
98608,4
98618,3
98627,4
98636,5
98646,4
98655,5
98664,4
98673,4
98683,4
98693,4
98702,4
98711,4
98720,4
98729,4
98739,4
98748,5
98758,4
98767,4
98777,4
98786,5
98795,4
98804,3
98813,4
98824,4
98833,4
98842,4
98851,4
98861,4
98870,5
98879,3
98889,4
98898,4
98908,4
98917,4
98926,4
98935,4
98945,4
98955,4
98964,4
98973,4
98982,5
98992,3
99001,3
99010,4
99020,4
99030,4
99039,4
99048,4
99057,4
99066,4
99076,4
99086,3
99095,4
99104,4
99113,3
99123,4
99132,4
99141,4
99151,4
99161,3
99170,4
99179,4
99188,4
99197,4
99207,4
99217,4
99226,4
99235,4
99245,4
99254,4
99263,4
99272,4
99282,4
99292,4
99301,4
99310,3
99319,4
99329,4
99338,4
99347,4
99357,4
99366,5
99376,4
99385,4
99394,4
99403,4
99412,4
99423,4
99432,4
99441,4
99450,4
99460,4
99469,4
99478,4
99488,4
99497,4
99507,4
99516,4
99525,4
99534,3
99544,3
99554,4
99563,3
99572,4
99581,4
99591,3
99600,4
99609,5
99619,4
99629,4
99638,4
99647,4
99656,3
99665,4
99675,5
99685,4
99694,4
99703,4
99713,4
99722,4
99731,4
99740,3
99750,4
99760,4
99769,4
99778,5
99787,4
99796,4
99806,4
99816,4
99825,4
99834,4
99844,4
99853,5
99862,4
99871,3
99881,3
99891,4
99900,4
99909,3
99918,4
99928,4
99937,4
99946,4
99956,3
99965,3
99975,4
99984,4
99993,4
100002,4
100013,4
100024,4
100034,4
100044,4
100055,4
100065,5
100075,4
100086,4
100097,4
100107,4
100117,4
100127,4
100137,4
100149,5
100159,4
100169,3
100179,4
100190,4
100200,4
100210,4
100221,4
100232,4
100242,4
100252,4
100262,4
100273,4
100284,4
100294,4
100304,4
100315,4
100325,4
100335,4
100345,4
100357,3
100367,3
100377,4
100387,3
100398,4
100408,3
100419,3
100429,4
100440,4
100450,4
100460,4
100470,3
100482,4
100492,4
100502,4
100512,4
100523,4
100533,4
100543,4
100554,5
100564,5
100575,3
100585,4
100595,4
100605,3
100617,5
100627,4
100637,4
100647,4
100658,4
100668,3
100678,4
100689,3
100700,4
100710,4
100720,4
100730,4
100741,4
100752,3
100762,4
100772,4
100783,4
100793,4
100803,4
100814,4
100825,4
100835,4
100845,4
100855,4
100866,4
100876,4
100887,4
100897,4
100908,4
100918,4
100928,4
100938,4
100950,4
100960,4
100970,4
100980,3
100990,3
101001,4
101011,3
101022,4
101032,4
101043,3
101053,4
101063,4
101073,4
101085,4
101095,4
101105,3
101115,4
101126,4
101136,4
101147,3
101157,4
101168,3
101178,4
101188,4
101198,4
101209,4
101220,4
101230,4
101240,3
101251,4
101261,4
101271,4
101282,4
101293,5
101303,4
101313,4
101323,3
101334,4
101344,3
101355,4
101365,4
101376,4
101386,3
101396,3
101406,4
101417,4
101428,4
101438,4
101448,4
101458,4
101469,4
101480,3
101490,4
101500,4
101511,3
101521,4
101531,3
101541,3
101553,4
101563,4
101573,4
101583,4
101594,4
101604,4
101615,3
101625,3
101636,3
101646,3
101656,4
101666,3
101677,4
101688,4
101698,3
101708,4
101719,3
101729,4
101739,3
101750,4
101761,4
101771,4
101781,4
101791,4
101801,4
101813,4
101823,3
101833,4
101843,3
101854,4
101864,4
101874,4
101885,3
101896,3
101906,4
101916,4
101926,4
101937,3
101948,3
101958,3
101968,4
101979,3
101989,4
101999,3
102009,4
102021,4
102031,4
102041,4
102051,4
102062,3
102072,3
102083,4
102093,4
102104,4
102114,4
102124,4
102134,3
102146,3
102156,4
102166,4
102176,4
102187,4
102197,4
102207,4
102218,3
102228,3
102239,4
102249,3
102259,4
102269,4
102281,4
102291,4
102301,3
102311,3
102322,3
102332,4
102342,4
102353,3
102364,4
102374,3
102384,3
102394,3
102405,4
102416,4
102426,4
102436,3
102447,3
102457,3
102467,3
102478,4
102489,4
102499,3
102509,3
102519,4
102530,4
102540,4
102551,4
102561,3
102572,4
102582,3
102592,4
102602,4
102614,4
102624,4
102634,4
102644,4
102654,3
102665,4
102675,4
102686,3
102696,3
102707,3
102717,3
102727,4
102737,4
102749,3
102759,4
102769,4
102779,4
102790,3
102800,4
102811,4
102821,3
102832,3
102842,4
102852,3
102862,4
102873,4
102884,3
102894,4
102904,4
102915,3
102925,4
102935,4
102946,4
102957,4
102967,4
102977,3
102987,3
102998,3
103008,4
103019,4
103029,4
103040,4
103050,3
103060,4
103070,4
103081,3
103092,4
103102,3
103112,4
103122,3
103133,4
103144,4
103154,3
103164,3
103175,4
103185,4
103195,4
103205,4
103217,4
103227,3
103237,3
103247,3
103258,3
103268,3
103279,4
103289,3
103300,3
103310,3
103320,3
103330,3
103341,3
103352,4
103362,3
103372,4
103383,4
103393,3
103403,4
103414,4
103425,4
103435,4
103445,4
103455,3
103465,3
103477,3
103487,4
103497,3
103507,4
103518,3
103528,4
103538,3
103549,3
103560,4
103570,4
103580,3
103590,3
103601,3
103612,3
103622,5
103632,3
103643,3
103653,4
103663,4
103673,4
103685,4
103695,3
103705,4
103715,4
103726,4
103736,4
103747,3
103757,4
103768,3
103778,4
103788,4
103798,4
103810,3
103820,4
103830,4
103840,3
103851,4
103861,3
103871,4
103882,4
103892,4
103903,3
103913,3
103923,4
103933,4
103945,3
103955,4
103965,4
103975,3
103986,3
103996,4
104006,3
104017,3
104028,4
104038,4
104048,3
104058,3
104069,4
104080,4
104090,4
104100,4
104111,4
104121,4
104131,3
104142,4
104153,4
104163,3
104173,3
104183,4
104194,4
104204,3
104215,4
104225,3
104236,4
104246,3
104256,4
104266,4
104278,3
104288,4
104298,4
104308,4
104318,3
104329,4
104339,4
104350,4
104360,4
104371,3
104381,4
104391,3
104401,3
104413,4
104423,3
104433,4
104443,3
104454,4
104464,3
104475,3
104485,3
104496,4
104506,4
104516,3
104526,4
104537,3
104548,3
104558,4
104568,4
104579,4
104589,3
104599,4
104610,4
104621,3
104631,3
104641,4
104651,4
104662,3
104672,4
104683,4
104693,4
104704,3
104714,3
104724,3
104734,4
104745,3
104756,4
104766,4
104776,4
104786,4
104797,4
104808,4
104818,3
104828,4
104839,4
104849,4
104859,3
104869,3
104881,3
104891,4
104901,3
104911,3
104922,3
104932,3
104943,3
104953,3
104964,3
104974,3
104984,4
104994,3
105005,4
105016,3
105026,3
105036,3
105047,4
105057,4
105067,3
105078,3
105089,4
105099,3
105109,3
105119,3
105129,3
105141,4
105151,4
105161,3
105171,4
105182,4
105192,3
105202,3
105213,4
105224,4
105234,3
105244,4
105254,3
105265,4
105276,4
105286,4
105296,3
105307,4
105317,3
105327,4
105337,3
105349,3
105359,3
105369,4
105379,3
105390,4
105400,3
105411,4
105421,3
105432,4
105442,4
105452,4
105462,4
105474,4
105484,3
105494,4
105504,4
105515,4
105525,4
105535,4
105546,3
105556,3
105567,3
105577,3
105587,3
105597,3
105609,4
105619,3
105629,4
105639,4
105650,4
105660,3
105670,3
105681,3
105692,3
105702,4
105712,4
105722,3
105733,3
105744,3
105754,3
105764,3
105775,4
105785,4
105795,4
105806,3
105817,3
105827,3
105837,3
105847,4
105858,3
105868,3
105879,4
105889,4
105900,4
105910,4
105920,3
105930,3
105942,3
105952,4
105962,3
105972,3
105982,4
105993,4
106003,3
106014,4
106024,3
106035,3
106045,4
106055,4
106065,4
106077,3
106087,3
106097,3
106107,3
106118,4
106128,4
106139,4
106149,3
106160,3
106170,4
106180,3
106190,3
106201,3
106212,3
106222,3
106232,3
106243,3
106253,3
106263,3
106274,4
106285,3
106295,4
106305,4
106315,4
106326,3
106336,4
106347,3
106357,4
106368,4
106378,4
106388,3
106398,4
106409,4
106420,3
106430,4
106440,3
106450,3
106461,4
106472,4
106482,3
106492,3
106503,3
106513,4
106523,3
106533,3
106545,3
106555,4
106565,3
106575,3
106586,2
106596,3
106607,4
106617,3
106628,4
106638,4
106648,4
106658,3
106669,4
106680,3
106690,4
106700,3
106711,4
106721,3
106731,4
106742,4
106753,3
106763,3
106773,4
106783,4
106793,4
106805,3
106815,3
106825,3
106835,3
106846,3
106856,4
106866,3
106877,3
106888,4
106898,3
106908,3
106918,3
106929,4
106940,4
106950,3
106960,3
106971,4
106981,4
106991,3
107001,3
107013,3
107023,3
107033,4
107043,4
107054,3
107064,3
107075,3
107085,3
107096,3
107106,3
107116,4
107126,3
107138,4
107148,4
107158,3
107168,3
107179,4
107189,3
107199,4
107210,4
107220,4
107231,3
107241,3
107251,4
107261,3
107273,3
107283,4
107293,3
107303,3
107314,3
107324,3
107334,3
107345,3
107356,3
107366,3
107376,3
107386,3
107397,3
107408,4
107418,3
107428,3
107439,4
107449,3
107459,4
107470,3
107481,3
107491,3
107501,3
107511,4
107522,3
107532,3
107543,3
107553,3
107564,3
107574,4
107584,3
107594,3
107606,3
107616,3
107626,4
107636,3
107646,4
107657,4
107667,2
107678,3
107688,3
107699,3
107709,3
107719,4
107729,4
107741,3
107751,2
107761,3
107771,3
107782,3
107792,3
107803,4
107813,3
107824,3
107834,3
107844,2
107854,3
107865,3
107876,3
107886,3
107896,3
107907,3
107917,4
107927,3
107938,3
107949,3
107959,3
107969,3
107979,3
107990,3
108000,3
108011,4
108021,3
108032,3
108042,3
108052,3
108062,4
108073,3
108084,4
108094,4
108104,4
108114,4
108125,3
108136,3
108146,2
108156,3
108167,3
108177,4
108187,3
108197,4
108209,3
108219,3
108229,3
108239,3
108250,4
108260,3
108271,3
108281,3
108292,3
108302,3
108312,3
108322,3
108333,3
108344,4
108354,3
108364,3
108375,3
108385,3
108395,3
108406,3
108417,3
108427,3
108437,4
108447,2
108457,3
108469,3
108479,3
108489,3
108499,4
108510,4
108520,3
108530,3
108541,3
108552,3
108562,3
108572,3
108582,3
108593,3
108604,3
108614,4
108624,3
108635,3
108645,3
108655,3
108665,4
108677,4
108687,3
108697,4
108707,4
108718,3
108728,3
108739,3
108749,3
108760,3
108770,3
108780,3
108790,3
108802,3
108812,3
108822,3
108832,3
108843,3
108853,4
108863,4
108874,3
108884,3
108895,3
108905,3
108915,3
108925,3
108937,3
108947,3
108957,3
108967,3
108978,3
108988,3
108998,3
109009,3
109020,3
109030,3
109040,3
109050,3
109061,4
109072,3
109082,3
109092,3
109103,4
109113,3
109123,3
109134,3
109145,2
109155,3
109165,3
109175,3
109186,3
109196,3
109207,3
109217,3
109228,2
109238,3
109248,3
109258,3
109270,4
109280,3
109290,4
109300,3
109310,3
109321,3
109331,3
109342,3
109352,3
109363,3
109373,3
109383,3
109393,3
109405,3
109415,3
109425,3
109435,3
109446,3
109456,3
109467,4
109477,2
109488,3
109498,3
109508,3
109518,3
109529,3
109540,3
109550,3
109560,3
109571,2
109581,3
109591,4
109602,4
109613,3
109623,4
109633,3
109643,3
109654,3
109664,4
109675,3
109685,3
109696,3
109706,4
109716,3
109726,3
109737,3
109748,3
109758,3
109768,4
109778,3
109789,3
109800,3
109810,4
109820,3
109831,4
109841,4
109851,3
109861,4
109873,3
109883,3
109893,4
109903,3
109914,3
109924,3
109935,3
109945,3
109956,3
109966,4
109976,3
109986,3
109997,3
110008,4
110018,3
110028,3
110039,3
110049,3
110059,3
110070,4
110081,3
110091,3
110101,3
110111,3
110121,3
110133,4
110143,3
110153,3
110163,3
110174,3
110184,3
110194,3
110205,4
110216,4
110226,3
110236,3
110246,3
110257,3
110268,3
110278,4
110288,3
110299,3
110309,3
110319,3
110329,4
110341,3
110351,3
110361,4
110371,3
110382,3
110392,4
110403,3
110413,2
110424,4
110434,4
110444,3
110454,3
110466,3
110476,3
110486,3
110496,3
110507,3
110517,3
110527,3
110538,3
110548,4
110559,3
110569,3
110579,3
110589,4
110601,3
110611,3
110621,3
110631,3
110642,2
110652,3
110662,3
110673,3
110684,3
110694,3
110704,3
110714,3
110725,3
110736,3
110746,2
110756,3
110767,4
110777,2
110787,3
110798,3
110809,3
110819,3
110829,3
110839,4
110850,4
110860,3
110871,3
110881,3
110892,3
110902,4
110912,3
110922,3
110934,3
110944,4
110954,3
110964,3
110974,3
110985,3
110995,4
111006,3
111016,3
111027,3
111037,3
111047,3
111057,3
111069,3
111079,3
111089,4
111099,3
111110,4
111120,3
111131,3
111141,3
111152,3
111162,4
111172,3
111182,3
111193,3
111204,3
111214,3
111224,3
111235,3
111245,3
111255,3
111266,3
111277,4
111287,3
111297,3
111307,3
111318,3
111328,4
111339,4
111349,4
111360,4
111370,3
111380,3
111390,3
111401,3
111412,3
111422,3
111432,4
111442,3
111453,3
111464,3
111474,2
111484,3
111495,3
111505,3
111515,3
111525,3
111537,3
111547,3
111557,3
111567,4
111578,3
111588,4
111599,3
111609,4
111620,3
111630,3
111640,3
111650,3
111661,3
111672,3
111682,3
111692,3
111703,3
111713,3
111723,2
111734,3
111745,3
111755,3
111765,4
111775,3
111785,4
111797,3
111807,3
111817,4
111827,3
111838,3
111848,3
111858,3
111869,3
111880,3
111890,3
111900,3
111910,3
111921,4
111932,4
111942,3
111952,3
111963,3
111973,3
111983,3
111993,3
112005,3
112015,3
112025,3
112035,3
112046,3
112056,2
112067,4
112077,3
112088,3
112098,3
112108,4
112118,2
112130,3
112140,3
112150,3
112160,3
112171,3
112181,3
112191,3
112202,2
112212,3
112223,3
112233,3
112243,3
112253,3
112265,3
112275,3
112285,3
112295,3
112306,3
112316,3
112326,3
112337,3
112348,3
112358,3
112368,3
112378,3
112389,3
112400,3
112410,2
112420,4
112431,3
112441,3
112451,3
112462,3
112473,3
112483,2
112493,3
112503,4
112514,3
112524,3
112535,3
112545,3
112556,3
112566,3
112576,3
112586,4
112598,3
112608,3
112618,3
112628,3
112638,3
112649,3
112659,3
112670,3
112680,3
112691,3
112701,4
112711,2
112721,3
112733,3
112743,3
112753,3
112763,3
112774,2
112784,3
112795,3
112805,3
112816,4
112826,3
112836,4
112846,3
112857,3
112868,3
112878,3
112888,3
112899,2
112909,2
112919,3
112930,3
112941,3
112951,2
112961,2
112971,3
112982,3
112992,3
113003,4
113013,3
113024,3
113034,3
113044,3
113054,3
113065,3
113076,4
113086,3
113096,3
113106,3
113117,3
113128,2
113138,3
113148,2
113159,3
113169,3
113179,4
113189,2
113201,2
113211,4
113221,3
113231,3
113242,3
113252,4
113263,3
113273,3
113284,2
113294,3
113304,3
113314,3
113325,3
113336,3
113346,3
113356,3
113367,3
113377,3
113387,3
113398,4
113409,3
113419,3
113429,3
113439,4
113449,3
113461,4
113471,4
113481,3
113491,3
113502,3
113512,2
113522,3
113533,3
113544,3
113554,3
113564,4
113574,3
113585,3
113596,3
113606,4
113616,3
113627,3
113637,3
113647,3
113657,2
113669,4
113679,3
113689,3
113699,2
113710,2
113720,3
113731,3
113741,3
113752,3
113762,3
113772,3
113782,4
113794,3
113804,2
113814,3
113824,2
113835,3
113845,4
113855,3
113866,3
113876,3
113887,4
113897,2
113907,3
113917,3
113929,3
113939,3
113949,4
113959,2
113970,3
113980,3
113990,3
114001,4
114012,3
114022,2
114032,3
114042,4
114053,3
114064,2
114074,3
114084,4
114095,3
114105,3
114115,3
114126,3
114137,3
114147,3
114157,3
114167,3
114178,3
114188,3
114199,2
114209,3
114220,3
114230,3
114240,2
114250,3
114262,3
114272,3
114282,4
114292,3
114302,2
114313,3
114323,4
114334,3
114344,3
114355,3
114365,3
114375,2
114385,3
114397,3
114407,3
114417,3
114427,4
114438,4
114448,2
114459,3
114469,3
114480,2
114490,3
114500,3
114510,3
114521,2
114532,2
114542,3
114552,2
114563,3
114573,2
114583,4
114594,3
114605,3
114615,3
114625,3
114635,2
114646,3
114656,3
114667,2
114677,3
114688,3
114698,3
114708,3
114718,3
114729,3
114740,4
114750,3
114760,4
114770,2
114781,3
114792,4
114802,3
114812,2
114823,3
114833,4
114843,3
114853,3
114865,3
114875,3
114885,3
114895,3
114906,3
114916,3
114927,3
114937,2
114948,3
114958,4
114968,3
114978,3
114989,3
115000,2
115010,3
115020,3
115031,3
115041,3
115051,3
115062,3
115073,2
115083,2
115093,3
115103,3
115113,2
115125,2
115135,3
115145,3
115155,3
115166,2
115176,3
115186,2
115197,3
115208,3
115218,2
115228,2
115238,3
115249,3
115260,3
115270,4
115280,3
115291,3
115301,3
115311,2
115321,3
115333,3
115343,3
115353,3
115363,3
115374,4
115384,3
115395,3
115405,3
115416,3
115426,3
115436,3
115446,3
115458,3
115468,3
115478,3
115488,3
115499,3
115509,3
115519,3
115530,3
115540,2
115551,3
115561,3
115571,3
115581,3
115593,3
115603,3
115613,2
115623,2
115634,3
115644,3
115654,3
115665,3
115676,3
115686,3
115696,3
115706,4
115717,3
115728,2
115738,2
115748,2
115759,2
115769,3
115779,3
115790,3
115801,3
115811,3
115821,3
115831,3
115842,3
115852,2
115863,3
115873,4
115884,3
115894,4
115904,3
115914,3
115926,2
115936,3
115946,3
115956,2
115966,3
115977,2
115987,3
115998,3
116008,2
116019,2
116029,2
116039,3
116049,3
116061,3
116071,3
116081,2
116091,3
116102,2
116112,3
116123,2
116133,3
116144,3
116154,3
116164,4
116174,2
116185,3
116196,2
116206,3
116216,3
116227,2
116237,3
116247,2
116258,2
116269,3
116279,3
116289,3
116299,3
116310,3
116320,2
116331,3
116341,2
116352,3
116362,2
116372,3
116382,3
116393,3
116404,2
116414,3
116424,3
116434,3
116445,2
116456,3
116466,3
116476,3
116487,3
116497,3
116507,2
116517,3
116529,3
116539,3
116549,2
116559,3
116570,3
116580,3
116591,4
116601,2
116612,3
116622,3
116632,3
116642,3
116653,3
116664,3
116674,3
116684,2
116695,3
116705,2
116715,3
116726,3
116737,3
116747,3
116757,3
116767,3
116777,3
116789,2
116799,3
116809,3
116819,2
116830,3
116840,2
116850,2
116861,3
116872,3
116882,3
116892,3
116902,2
116913,4
116924,3
116934,3
116944,3
116955,4
116965,2
116975,3
116985,3
116997,2
117007,3
117017,2
117027,2
117038,3
117048,3
117059,3
117069,3
117080,3
117090,3
117100,2
117110,3
117122,3
117132,2
117142,3
117152,3
117163,3
117173,2
117183,3
117194,3
117204,2
117215,3
117225,4
117235,2
117245,3
117257,2
117267,3
117277,3
117287,3
117298,3
117308,3
117318,2
117329,2
117340,2
117350,3
117360,2
117370,2
117381,3
117392,3
117402,3
117412,3
117423,3
117433,4
117443,3
117454,3
117465,2
117475,2
117485,3
117495,3
117506,3
117516,3
117527,2
117537,3
117548,2
117558,3
117568,3
117578,3
117590,3
117600,3
117610,2
117620,3
117630,3
117641,3
117651,2
117662,3
117672,4
117683,4
117693,2
117703,2
117713,3
117725,2
117735,2
117745,3
117755,3
117766,3
117776,3
117787,3
117797,3
117808,2
117818,3
117828,3
117838,3
117849,2
117860,3
117870,4
117880,3
117891,2
117901,3
117911,2
117922,4
117933,2
117943,3
117953,3
117963,3
117974,3
117984,3
117995,3
118005,3
118016,2
118026,3
118036,3
118046,2
118057,3
118068,2
118078,3
118088,2
118098,2
118109,3
118120,3
118130,2
118140,2
118151,2
118161,2
118171,2
118181,2
118193,4
118203,3
118213,3
118223,2
118234,2
118244,2
118255,2
118265,3
118276,2
118286,2
118296,3
118306,3
118317,2
118328,3
118338,3
118348,3
118359,3
118369,3
118379,2
118390,3
118401,2
118411,3
118421,3
118431,3
118441,2
118453,3
118463,3
118473,3
118483,3
118494,3
118504,3
118514,4
118525,2
118536,2
118546,2
118556,2
118566,3
118577,3
118588,2
118598,2
118608,3
118619,3
118629,3
118639,3
118649,2
118661,2
118671,2
118681,2
118691,3
118702,3
118712,2
118723,2
118733,3
118744,2
118754,3
118764,3
118774,2
118786,2
118796,2
118806,3
118816,3
118827,3
118837,3
118847,3
118858,2
118868,3
118879,3
118889,2
118899,2
118909,2
118921,2
118931,2
118941,2
118951,3
118962,2
118972,3
118982,3
118993,2
119004,2
119014,2
119024,3
119034,3
119045,2
119056,2
119066,3
119076,3
119087,3
119097,2
119107,3
119118,3
119129,2
119139,3
119149,2
119159,3
119170,2
119180,2
119191,3
119201,2
119212,2
119222,2
119232,3
119242,3
119254,3
119264,3
119274,2
119284,2
119294,2
119305,3
119315,2
119326,3
119336,2
119347,2
119357,3
119367,3
119377,3
119389,3
119399,2
119409,3
119419,3
119430,3
119440,2
119451,3
119461,2
119472,3
119482,3
119492,3
119502,2
119513,3
119524,2
119534,3
119544,3
119555,2
119565,2
119575,3
119586,2
119597,2
119607,3
119617,3
119627,3
119638,3
119648,3
119659,3
119669,2
119680,3
119690,2
119700,2
119710,2
119721,2
119732,2
119742,3
119752,2
119762,2
119773,3
119784,3
119794,3
119804,2
119815,3
119825,3
119835,3
119845,3
119857,3
119867,3
119877,3
119887,2
119898,3
119908,2
119919,3
119929,3
119940,4
119950,3
119960,2
119970,3
119981,3
119992,3
120002,2
120012,3
120023,3
120033,2
120043,3
120054,3
120065,3
120075,3
120085,3
120095,3
120105,2
120117,3
120127,2
120137,3
120147,3
120158,2
120168,3
120178,3
120189,2
120200,2
120210,2
120220,3
120230,2
120241,2
120252,2
120262,2
120272,3
120283,3
120293,3
120303,2
120313,2
120325,2
120335,3
120345,2
120355,3
120366,2
120376,3
120387,2
120397,2
120408,3
120418,2
120428,2
120438,3
120450,2
120460,3
120470,2
120480,2
120491,2
120501,3
120511,2
120522,3
120532,2
120543,2
120553,3
120563,2
120573,3
120585,2
120595,3
120605,2
120615,3
120626,2
120636,2
120646,3
120657,3
120668,3
120678,2
120688,2
120698,2
120709,3
120720,3
120730,2
120740,3
120751,3
120761,3
120771,3
120782,3
120793,2
120803,2
120813,2
120823,2
120834,3
120844,2
120855,3
120865,2
120876,2
120886,1
120896,3
120906,3
120918,3
120928,3
120938,3
120948,3
120958,2
120969,3
120979,2
120990,3
121000,2
121011,3
121021,3
121031,3
121041,2
121053,2
121063,2
121073,2
121083,3
121094,2
121104,4
121115,3
121125,3
121136,3
121146,2
121156,2
121166,2
121177,2
121188,3
121198,2
121208,2
121219,3
121229,3
121239,2
121250,2
121261,2
121271,2
121281,2
121291,3
121302,2
121312,2
121323,2
121333,3
121344,2
121354,3
121364,3
121374,3
121385,2
121396,2
121406,3
121416,3
121426,3
121437,3
121448,3
121458,3
121468,3
121479,3
121489,2
121499,2
121509,2
121521,2
121531,3
121541,3
121551,3
121562,3
121572,3
121583,3
121593,3
121604,2
121614,3
121624,2
121634,2
121645,2
121656,2
121666,2
121676,2
121687,3
121697,2
121707,2
121718,3
121729,2
121739,2
121749,2
121759,3
121769,3
121781,2
121791,3
121801,3
121811,2
121822,3
121832,2
121842,2
121853,1
121864,3
121874,3
121884,3
121894,2
121905,2
121916,2
121926,2
121936,3
121947,3
121957,2
121967,3
121977,2
121989,3
121999,2
122009,2
122019,2
122030,2
122040,3
122051,2
122061,3
122072,2
122082,2
122092,2
122102,3
122114,3
122124,3
122134,3
122144,1
122155,3
122165,2
122175,3
122186,3
122196,2
122207,3
122217,3
122227,2
122237,3
122249,2
122259,2
122269,3
122279,3
122290,2
122300,3
122310,2
122321,2
122332,2
122342,2
122352,2
122362,2
122373,3
122384,3
122394,2
122404,3
122415,2
122425,2
122435,2
122446,2
122457,2
122467,2
122477,2
122487,2
122498,3
122508,2
122519,3
122529,2
122540,3
122550,2
122560,2
122570,2
122582,2
122592,2
122602,2
122612,2
122622,3
122633,2
122643,3
122654,2
122664,3
122675,2
122685,2
122695,3
122705,2
122717,3
122727,2
122737,2
122747,3
122758,2
122768,2
122779,2
122789,2
122800,2
122810,3
122820,2
122830,2
122841,2
122852,2
122862,2
122872,3
122883,3
122893,3
122903,2
122914,2
122925,2
122935,3
122945,2
122955,2
122966,3
122976,2
122987,2
122997,2
123008,3
123018,3
123028,2
123038,3
123049,2
123060,3
123070,2
123080,3
123090,3
123101,2
123112,2
123122,2
123132,2
123143,2
123153,2
123163,2
123173,2
123185,2
123195,2
123205,4
123215,2
123226,3
123236,2
123247,2
123257,2
123268,3
123278,3
123288,2
123298,3
123309,2
123320,2
123330,2
123340,3
123351,2
123361,2
123371,2
123382,3
123393,2
123403,2
123413,2
123423,2
123433,3
123445,3
123455,3
123465,2
123475,2
123486,2
123496,2
123506,2
123517,2
123528,3
123538,2
123548,2
123558,2
123569,3
123580,3
123590,2
123600,2
123611,2
123621,2
123631,2
123641,2
123653,3
123663,3
123673,2
123683,2
123694,3
123704,3
123715,3
123725,2
123736,3
123746,2
123756,2
123766,2
123778,2
123788,2
123798,1
123808,2
123819,3
123829,3
123839,2
123850,2
123860,2
123871,3
123881,2
123891,2
123901,2
123913,1
123923,3
123933,2
123943,3
123954,2
123964,2
123974,2
123985,3
123996,3
124006,2
124016,2
124026,2
124037,2
124048,2
124058,2
124068,2
124079,3
124089,2
124099,3
124110,2
124121,2
124131,3
124141,2
124151,2
124162,3
124172,2
124183,2
124193,2
124204,3
124214,2
124224,2
124234,2
124246,2
124256,2
124266,2
124276,2
124286,2
124297,3
124307,3
124318,2
124328,2
124339,2
124349,2
124359,2
124369,3
124381,3
124391,2
124401,3
124411,2
124422,2
124432,2
124443,2
124453,2
124464,3
124474,3
124484,2
124494,2
124505,3
124516,2
124526,2
124536,3
124547,2
124557,3
124567,2
124578,2
124589,3
124599,2
124609,2
124619,2
124630,2
124640,2
124651,3
124661,2
124672,3
124682,2
124692,3
124702,2
124713,2
124724,3
124734,2
124744,2
124754,2
124765,2
124776,2
124786,2
124796,2
124807,3
124817,3
124827,3
124837,2
124849,2
124859,2
124869,1
124879,2
124890,2
124900,2
124911,2
124921,3
124932,2
124942,3
124952,3
124962,2
124973,2
124984,2
124994,2
125004,2
125015,2
125025,2
125035,2
125046,2
125057,2
125067,3
125077,2
125087,3
125097,3
125109,2
125119,2
125129,1
125139,2
125150,2
125160,2
125170,2
125181,2
125192,2
125202,2
125212,2
125222,2
125233,3
125244,3
125254,2
125264,2
125275,2
125285,2
125295,2
125305,2
125317,2
125327,2
125337,3
125347,2
125358,2
125368,2
125379,2
125389,2
125400,2
125410,2
125420,3
125430,2
125442,2
125452,2
125462,2
125472,2
125483,3
125493,2
125503,2
125514,2
125524,2
125535,2
125545,2
125555,3
125565,1
125577,2
125587,3
125597,2
125607,3
125618,2
125628,2
125638,2
125649,2
125660,2
125670,2
125680,2
125690,2
125701,2
125712,3
125722,3
125732,3
125743,3
125753,3
125763,2
125774,1
125785,3
125795,2
125805,3
125815,3
125826,2
125836,2
125847,3
125857,1
125868,3
125878,2
125888,2
125898,2
125910,2
125920,2
125930,2
125940,2
125950,3
125961,2
125971,2
125982,2
125992,3
126003,2
126013,3
126023,2
126033,2
126045,2
126055,3
126065,2
126075,2
126086,2
126096,3
126107,2
126117,2
126128,3
126138,3
126148,2
126158,2
126169,2
126180,2
126190,2
126200,2
126211,2
126221,2
126231,2
126242,2
126253,3
126263,2
126273,2
126283,2
126294,2
126304,2
126315,2
126325,2
126336,2
126346,2
126356,2
126366,2
126377,2
126388,3
126398,2
126408,2
126418,2
126429,2
126440,2
126450,3
126460,2
126471,2
126481,2
126491,2
126501,2
126513,2
126523,2
126533,2
126543,3
126554,2
126564,2
126575,2
126585,2
126596,2
126606,3
126616,2
126626,2
126637,2
126648,2
126658,3
126668,2
126679,3
126689,2
126699,2
126710,2
126721,2
126731,3
126741,2
126751,3
126761,2
126773,1
126783,3
126793,3
126803,2
126814,2
126824,3
126834,2
126845,2
126856,3
126866,3
126876,3
126886,2
126897,3
126908,2
126918,3
126928,2
126939,3
126949,2
126959,3
126969,2
126981,3
126991,2
127001,2
127011,2
127022,2
127032,2
127043,2
127053,2
127064,2
127074,2
127084,2
127094,2
127106,2
127116,2
127126,2
127136,2
127147,2
127157,2
127167,2
127178,2
127188,3
127199,3
127209,2
127219,3
127229,2
127241,1
127251,2
127261,3
127271,2
127282,2
127292,3
127302,2
127313,2
127324,2
127334,2
127344,1
127354,2
127365,1
127376,2
127386,2
127396,2
127407,2
127417,3
127427,2
127438,2
127449,2
127459,2
127469,3
127479,2
127490,2
127500,2
127511,2
127521,3
127532,3
127542,2
127552,2
127562,2
127574,2
127584,2
127594,3
127604,2
127614,2
127625,2
127635,3
127646,2
127656,2
127667,2
127677,2
127687,2
127697,2
127709,2
127719,2
127729,2
127739,2
127750,2
127760,2
127771,2
127781,1
127792,3
127802,2
127812,2
127822,2
127833,2
127844,1
127854,3
127864,2
127875,3
127885,2
127895,1
127906,3
127917,2
127927,2
127937,2
127947,2
127958,3
127968,2
127979,1
127989,3
128000,2
128010,2
128020,2
128030,2
128041,2
128052,2
128062,2
128072,2
128082,3
128093,2
128104,2
128114,2
128124,2
128135,3
128145,3
128155,2
128165,3
128177,2
128187,2
128197,3
128207,2
128218,2
128228,2
128239,3
128249,2
128260,2
128270,2
128280,1
128290,2
128301,2
128312,3
128322,2
128332,3
128343,2
128353,2
128363,2
128374,3
128385,2
128395,2
128405,3
128415,2
128425,2
128437,2
128447,2
128457,2
128467,2
128478,2
128488,2
128498,2
128509,2
128520,2
128530,2
128540,3
128550,2
128561,3
128572,2
128582,2
128592,2
128603,2
128613,3
128623,2
128633,3
128645,3
128655,2
128665,2
128675,3
128686,2
128696,2
128707,2
128717,2
128728,2
128738,2
128748,2
128758,3
128770,1
128780,2
128790,3
128800,2
128811,2
128821,2
128831,2
128842,2
128852,3
128863,2
128873,2
128883,3
128893,2
128905,2
128915,2
128925,2
128935,2
128946,2
128956,2
128966,2
128977,2
128988,2
128998,2
129008,2
129018,2
129029,2
129040,2
129050,2
129060,2
129071,2
129081,2
129091,2
129102,2
129113,2
129123,3
129133,3
129143,2
129154,2
129164,2
129175,2
129185,2
129196,2
129206,2
129216,2
129226,2
129238,2
129248,2
129258,1
129268,2
129278,1
129289,2
129299,2
129310,2
129320,2
129331,2
129341,2
129351,2
129361,3
129373,2
129383,2
129393,2
129403,2
129414,3
129424,2
129435,2
129445,2
129456,3
129466,2
129476,3
129486,2
129497,3
129508,2
129518,1
129528,2
129539,2
129549,2
129559,2
129570,2
129581,2
129591,3
129601,2
129611,2
129622,3
129632,2
129643,2
129653,2
129664,2
129674,2
129684,2
129694,2
129705,2
129716,2
129726,2
129736,2
129746,2
129757,3
129768,1
129778,2
129788,2
129799,2
129809,2
129819,2
129829,2
129841,2
129851,3
129861,2
129871,2
129882,2
129892,2
129903,2
129913,2
129924,2
129934,2
129944,2
129954,3
129965,1
129976,2
129986,3
129996,2
130007,2
130017,3
130027,2
130038,2
130049,2
130059,2
130069,2
130079,2
130089,2
130101,2
130111,2
130121,2
130131,2
130142,2
130152,1
130162,2
130173,3
130184,2
130194,2
130204,3
130214,3
130225,2
130236,2
130246,2
130256,2
130267,2
130277,2
130287,1
130297,2
130309,2
130319,2
130329,2
130339,1
130350,2
130360,2
130371,2
130381,2
130392,3
130402,2
130412,2
130422,2
130434,2
130444,2
130454,2
130464,2
130475,2
130485,2
130495,2
130506,3
130516,2
130527,3
130537,2
130547,3
130557,2
130569,1
130579,3
130589,2
130599,2
130610,3
130620,3
130630,2
130641,2
130652,2
130662,2
130672,2
130682,2
130693,2
130704,2
130714,1
130724,2
130735,2
130745,2
130755,2
130766,3
130777,2
130787,2
130797,3
130807,2
130818,2
130828,2
130839,2
130849,2
130860,2
130870,2
130880,2
130890,2
130902,2
130912,3
130922,2
130932,2
130942,2
130953,3
130963,2
130974,2
130984,2
130995,2
131005,3
131015,2
131025,2
131037,2
131047,2
131057,2
131067,2
131078,2
131088,1
131099,2
131109,2
131120,2
131130,3
131140,2
131150,2
131161,2
131172,2
131182,2
131192,2
131203,2
131213,2
131223,2
131234,2
131245,2
131255,2
131265,2
131275,3
131286,2
131296,2
131307,3
131317,2
131328,3
131338,2
131348,2
131358,3
131369,2
131380,2
131390,2
131400,2
131410,2
131421,3
131432,2
131442,2
131452,2
131463,2
131473,2
131483,2
131493,2
131505,2
131515,2
131525,2
131535,3
131546,3
131556,2
131567,2
131577,2
131588,3
131598,2
131608,2
131618,2
131629,2
131640,2
131650,3
131660,2
131671,2
131681,3
131691,2
131702,2
131713,2
131723,2
131733,2
131743,2
131753,2
131765,2
131775,2
131785,3
131795,2
131806,2
131816,2
131826,2
131837,2
131848,2
131858,2
131868,1
131878,2
131889,2
131900,2
131910,2
131920,2
131931,2
131941,2
131951,2
131961,2
131973,2
131983,2
131993,2
132003,2
132014,2
132024,2
132035,2
132045,2
132056,2
132066,2
132076,2
132086,2
132098,2
132108,2
132118,2
132128,2
132139,2
132149,3
132159,2
132170,3
132180,2
132191,2
132201,1
132211,2
132221,3
132233,2
132243,2
132253,2
132263,2
132274,2
132284,2
132294,2
132305,2
132316,2
132326,1
132336,2
132346,2
132357,3
132368,2
132378,2
132388,2
132399,2
132409,2
132419,2
132430,2
132441,2
132451,2
132461,2
132471,2
132482,2
132492,2
132503,2
132513,2
132524,1
132534,3
132544,2
132554,2
132566,1
132576,2
132586,2
132596,2
132606,2
132617,3
132627,2
132638,3
132648,2
132659,3
132669,3
132679,3
132689,2
132701,2
132711,2
132721,2
132731,2
132742,2
132752,3
132763,2
132773,3
132784,2
132794,2
132804,2
132814,1
132825,2
132836,2
132846,2
132856,2
132867,2
132877,2
132887,2
132898,1
132909,3
132919,3
132929,2
132939,2
132950,2
132960,2
132971,2
132981,2
132992,2
133002,2
133012,1
133022,2
133033,3
133044,2
133054,3
133064,2
133074,2
133085,2
133096,2
133106,2
133116,3
133127,2
133137,1
133147,2
133157,2
133169,3
133179,2
133189,2
133199,2
133210,2
133220,3
133231,2
133241,2
133252,2
133262,2
133272,2
133282,2
133293,3
133304,3
133314,2
133324,2
133335,2
133345,2
133355,2
133366,2
133377,2
133387,2
133397,2
133407,2
133417,2
133429,3
133439,1
133449,2
133459,2
133470,1
133480,2
133490,2
133501,2
133512,2
133522,2
133532,2
133542,2
133553,2
133564,2
133574,2
133584,2
133595,2
133605,2
133615,1
133625,2
133637,2
133647,2
133657,2
133667,3
133678,2
133688,2
133699,2
133709,2
133720,2
133730,2
133740,2
133750,2
133762,2
133772,2
133782,2
133792,2
133803,2
133813,2
133823,2
133834,2
133844,2
133855,2
133865,2
133875,2
133885,2
133897,2
133907,2
133917,1
133927,2
133938,2
133948,2
133958,2
133969,2
133980,3
133990,2
134000,2
134010,2
134021,1
134032,2
134042,2
134052,2
134063,2
134073,2
134083,2
134094,1
134105,2
134115,2
134125,2
134135,1
134146,2
134156,2
134167,3
134177,2
134188,3
134198,2
134208,3
134218,3
134230,2
134240,2
134250,2
134260,2
134270,2
134281,2
134291,2
134302,2
134312,2
134323,2
134333,2
134343,2
134353,2
134365,2
134375,2
134385,2
134395,2
134406,2
134416,2
134427,2
134437,2
134448,3
134458,2
134468,2
134478,2
134489,2
134500,2
134510,2
134520,2
134531,2
134541,2
134551,2
134562,2
134573,2
134583,2
134593,2
134603,2
134614,2
134624,2
134635,2
134645,2
134656,2
134666,2
134676,2
134686,2
134697,3
134708,2
134718,2
134728,1
134738,2
134749,2
134760,2
134770,1
134780,2
134791,2
134801,1
134811,2
134821,2
134833,2
134843,2
134853,2
134863,2
134874,2
134884,2
134895,2
134905,1
134916,2
134926,2
134936,2
134946,3
134957,2
134968,1
134978,2
134988,2
134999,1
135009,2
135019,3
135030,2
135041,2
135051,2
135061,2
135071,2
135081,2
135093,3
135103,2
135113,2
135123,3
135134,2
135144,1
135154,1
135165,3
135176,2
135186,2
135196,2
135206,2
135217,2
135228,3
135238,3
135248,2
135259,1
135269,2
135279,2
135289,2
135301,2
135311,2
135321,2
135331,2
135342,2
135352,2
135363,1
135373,2
135384,2
135394,2
135404,2
135414,3
135426,2
135436,2
135446,2
135456,2
135467,2
135477,2
135487,3
135498,2
135508,3
135519,2
135529,2
135539,2
135549,2
135561,2
135571,1
135581,3
135591,2
135602,2
135612,3
135622,2
135633,2
135644,2
135654,2
135664,3
135674,2
135685,2
135696,1
135706,2
135716,2
135727,2
135737,2
135747,2
135758,2
135769,1
135779,3
135789,2
135799,2
135810,1
135820,2
135831,2
135841,1
135852,1
135862,2
135872,1
135882,2
135894,2
135904,2
135914,2
135924,1
135934,2
135945,2
135955,2
135966,2
135976,2
135987,2
135997,3
136007,2
136017,2
136029,2
136039,2
136049,2
136059,2
136070,2
136080,2
136091,2
136101,3
136112,2
136122,2
136132,3
136142,2
136153,2
136164,2
136174,1
136184,1
136195,2
136205,2
136215,2
136226,2
136237,2
136247,2
136257,2
136267,2
136278,2
136288,2
136299,1
136309,1
136320,2
136330,1
136340,2
136350,2
136361,2
136372,2
136382,2
136392,2
136402,2
136413,2
136424,2
136434,3
136444,2
136455,2
136465,3
136475,2
136485,2
136497,2
136507,2
136517,2
136527,2
136538,3
136548,2
136559,2
136569,2
136580,2
136590,2
136600,2
136610,2
136621,2
136632,2
136642,3
136652,2
136663,2
136673,2
136683,2
136694,2
136705,2
136715,2
136725,2
136735,2
136745,3
136757,2
136767,2
136777,2
136787,2
136798,2
136808,2
136818,1
136829,2
136840,2
136850,2
136860,2
136870,2
136881,2
136892,2
136902,3
136912,2
136923,2
136933,2
136943,2
136953,2
136965,2
136975,2
136985,2
136995,2
137006,1
137016,2
137027,2
137037,2
137048,1
137058,1
137068,2
137078,2
137090,2
137100,2
137110,2
137120,2
137131,2
137141,2
137151,2
137162,2
137172,2
137183,2
137193,2
137203,2
137213,2
137225,1
137235,2
137245,2
137255,2
137266,1
137276,1
137286,2
137297,1
137308,2
137318,2
137328,1
137338,2
137349,2
137360,2
137370,2
137380,1
137391,1
137401,2
137411,2
137422,2
137433,2
137443,2
137453,2
137463,2
137474,2
137484,1
137495,2
137505,2
137516,2
137526,2
137536,2
137546,2
137558,1
137568,2
137578,2
137588,2
137598,1
137609,1
137619,2
137630,3
137640,2
137651,2
137661,2
137671,1
137681,1
137693,2
137703,2
137713,1
137723,1
137734,2
137744,2
137755,2
137765,1
137776,2
137786,2
137796,1
137806,2
137817,2
137828,1
137838,2
137848,2
137859,2
137869,2
137879,2
137890,2
137901,2
137911,2
137921,2
137931,2
137942,2
137952,2
137963,2
137973,2
137984,2
137994,2
138004,2
138014,2
138025,3
138036,2
138046,2
138056,2
138066,2
138077,1
138088,2
138098,2
138108,2
138119,1
138129,2
138139,2
138149,1
138161,1
138171,1
138181,2
138191,2
138202,2
138212,2
138223,1
138233,2
138244,2
138254,2
138264,2
138274,1
138285,2
138296,1
138306,2
138316,2
138327,2
138337,2
138347,2
138358,2
138369,2
138379,3
138389,2
138399,2
138409,2
138421,2
138431,3
138441,2
138451,2
138462,2
138472,2
138482,2
138493,2
138504,2
138514,2
138524,2
138534,2
138545,2
138556,2
138566,1
138576,2
138587,2
138597,3
138607,1
138617,2
138629,1
138639,2
138649,2
138659,2
138670,1
138680,2
138691,2
138701,2
138712,2
138722,2
138732,1
138742,2
138754,2
138764,2
138774,2
138784,2
138795,1
138805,2
138815,2
138826,1
138836,2
138847,2
138857,2
138867,2
138877,2
138889,2
138899,2
138909,2
138919,2
138930,2
138940,3
138950,1
138961,2
138972,1
138982,2
138992,2
139002,2
139013,2
139024,2
139034,2
139044,2
139055,2
139065,1
139075,2
139086,1
139097,3
139107,1
139117,2
139127,2
139138,1
139148,2
139159,2
139169,2
139180,2
139190,2
139200,2
139210,2
139222,2
139232,2
139242,2
139252,2
139262,2
139273,2
139283,2
139294,2
139304,1
139315,2
139325,2
139335,2
139345,2
139357,2
139367,1
139377,2
139387,2
139398,1
139408,1
139419,1
139429,2
139440,2
139450,1
139460,2
139470,1
139481,2
139492,2
139502,2
139512,1
139523,1
139533,2
139543,1
139554,2
139565,2
139575,2
139585,2
139595,2
139606,2
139616,2
139627,2
139637,1
139648,2
139658,1
139668,1
139678,2
139689,1
139700,1
139710,1
139720,2
139730,2
139741,2
139752,2
139762,2
139772,2
139783,2
139793,2
139803,2
139813,2
139825,2
139835,2
139845,3
139855,2
139866,2
139876,2
139887,2
139897,2
139908,2
139918,2
139928,2
139938,2
139949,1
139960,1
139970,2
139980,2
139991,2
140001,2
140011,2
140022,1
140033,1
140043,3
140053,2
140063,2
140073,2
140085,1
140095,2
140105,2
140115,2
140126,2
140136,1
140146,2
140157,1
140168,2
140178,1
140188,2
140198,2
140209,1
140220,2
140230,1
140240,2
140251,2
140261,2
140271,2
140281,2
140293,1
140303,1
140313,2
140323,2
140334,2
140344,2
140355,2
140365,2
140376,2
140386,2
140396,2
140406,1
140418,2
140428,2
140438,1
140448,2
140459,1
140469,2
140479,2
140490,2
140500,2
140511,2
140521,2
140531,2
140541,1
140553,2
140563,2
140573,1
140583,2
140594,2
140604,1
140614,2
140625,2
140636,2
140646,1
140656,1
140666,1
140677,1
140688,1
140698,1
140708,1
140719,2
140729,2
140739,2
140750,2
140761,2
140771,1
140781,1
140791,1
140802,2
140812,1
140823,2
140833,2
140844,2
140854,2
140864,2
140874,2
140886,2
140896,1
140906,1
140916,2
140926,1
140937,2
140947,2
140958,2
140968,2
140979,2
140989,2
140999,2
141009,2
141021,2
141031,1
141041,2
141051,1
141062,1
141072,1
141083,2
141093,2
141104,2
141114,2
141124,1
141134,2
141145,2
141156,2
141166,1
141176,2
141187,1
141197,2
141207,2
141218,2
141229,2
141239,1
141249,1
141259,2
141270,1
141280,2
141291,2
141301,2
141312,1
141322,2
141332,2
141342,2
141353,2
141364,1
141374,1
141384,2
141394,2
141405,2
141416,2
141426,2
141436,2
141447,2
141457,2
141467,1
141477,2
141489,2
141499,3
141509,2
141519,1
141530,2
141540,2
141551,2
141561,2
141572,2
141582,2
141592,2
141602,2
141613,2
141624,2
141634,1
141644,2
141655,2
141665,2
141675,2
141686,1
141697,2
141707,2
141717,2
141727,1
141737,2
141749,2
141759,1
141769,2
141779,2
141790,2
141800,1
141810,3
141821,2
141832,2
141842,1
141852,2
141862,1
141873,2
141884,2
141894,1
141904,2
141915,3
141925,2
141935,2
141945,2
141957,1
141967,3
141977,1
141987,1
141998,1
142008,2
142019,2
142029,2
142040,1
142050,2
142060,2
142070,2
142082,2
142092,2
142102,2
142112,2
142123,2
142133,1
142143,1
142154,2
142164,2
142175,2
142185,2
142195,2
142205,1
142217,2
142227,2
142237,2
142247,2
142258,1
142268,2
142278,2
142289,2
142300,2
142310,2
142320,1
142330,1
142341,2
142352,2
142362,2
142372,2
142383,2
142393,2
142403,2
142414,1
142425,2
142435,2
142445,2
142455,2
142466,2
142476,2
142487,2
142497,1
142508,2
142518,2
142528,2
142538,1
142550,2
142560,2
142570,2
142580,2
142590,2
142601,2
142611,2
142622,2
142632,2
142643,2
142653,2
142663,2
142673,2
142685,2
142695,1
142705,2
142715,2
142726,2
142736,2
142747,1
142757,2
142768,2
142778,1
142788,2
142798,2
142809,2
142820,1
142830,1
142840,2
142851,2
142861,2
142871,1
142882,2
142893,1
142903,2
142913,2
142923,2
142934,1
142944,2
142955,1
142965,1
142976,1
142986,2
142996,2
143006,2
143017,2
143028,1
143038,2
143048,2
143058,2
143069,2
143080,1
143090,2
143100,1
143111,1
143121,1
143131,3
143141,1
143153,1
143163,3
143173,2
143183,2
143194,1
143204,1
143215,2
143225,2
143236,2
143246,2
143256,2
143266,1
143277,2
143288,1
143298,2
143308,1
143319,2
143329,2
143339,2
143350,1
143361,1
143371,2
143381,2
143391,2
143401,2
143413,2
143423,2
143433,2
143443,2
143454,2
143464,3
143474,1
143485,2
143496,2
143506,1
143516,2
143526,2
143537,2
143548,2
143558,1
143568,2
143579,2
143589,2
143599,1
143609,2
143621,2
143631,2
143641,2
143651,1
143662,2
143672,2
143683,2
143693,1
143704,2
143714,2
143724,2
143734,3
143746,2
143756,1
143766,2
143776,2
143787,3
143797,2
143807,1
143818,2
143828,2
143839,2
143849,2
143859,2
143869,1
143881,1
143891,2
143901,2
143911,1
143922,2
143932,2
143942,2
143953,1
143964,1
143974,2
143984,2
143994,2
144005,2
144016,2
144026,2
144036,2
144047,2
144057,2
144067,2
144078,1
144089,1
144099,2
144109,2
144119,2
144130,2
144140,2
144151,2
144161,2
144172,2
144182,2
144192,2
144202,2
144214,1
144224,1
144234,2
144244,2
144254,1
144265,1
144275,1
144286,2
144296,2
144307,1
144317,1
144327,2
144337,2
144349,1
144359,2
144369,2
144379,2
144390,1
144400,2
144411,2
144421,1
144432,2
144442,2
144452,2
144462,2
144473,2
144484,2
144494,2
144504,1
144515,2
144525,2
144535,2
144546,2
144557,1
144567,1
144577,2
144587,2
144598,2
144608,2
144619,2
144629,2
144640,2
144650,2
144660,1
144670,1
144681,2
144692,2
144702,1
144712,2
144722,2
144733,1
144744,2
144754,1
144764,2
144775,1
144785,1
144795,2
144805,2
144817,2
144827,1
144837,2
144847,2
144858,2
144868,2
144879,1
144889,2
144900,2
144910,2
144920,1
144930,1
144941,2
144952,2
144962,2
144972,2
144983,2
144993,2
145003,2
145014,2
145025,2
145035,2
145045,2
145055,2
145065,2
145077,1
145087,2
145097,1
145107,1
145118,1
145128,2
145138,1
145149,2
145160,2
145170,1
145180,2
145190,2
145201,2
145212,2
145222,2
145232,1
145243,2
145253,1
145263,2
145273,2
145285,2
145295,2
145305,1
145315,2
145326,3
145336,1
145347,1
145357,2
145368,2
145378,2
145388,2
145398,2
145410,2
145420,2
145430,2
145440,2
145451,2
145461,2
145471,2
145482,2
145492,2
145503,1
145513,2
145523,2
145533,1
145545,1
145555,2
145565,2
145575,2
145586,1
145596,2
145606,2
145617,2
145628,1
145638,2
145648,1
145658,1
145669,2
145680,1
145690,1
145700,2
145711,2
145721,2
145731,2
145742,1
145753,2
145763,1
145773,1
145783,2
145794,1
145804,1
145815,1
145825,2
145836,1
145846,2
145856,2
145866,2
145878,2
145888,1
145898,2
145908,1
145918,1
145929,2
145939,2
145950,2
145960,1
145971,2
145981,1
145991,1
146001,1
146013,2
146023,1
146033,2
146043,2
146054,1
146064,1
146075,2
146085,2
146096,2
146106,1
146116,1
146126,2
146137,3
146148,1
146158,2
146168,1
146179,2
146189,2
146199,2
146210,1
146221,1
146231,1
146241,2
146251,2
146262,2
146272,1
146283,1
146293,2
146304,1
146314,2
146324,1
146334,2
146345,2
146356,2
146366,1
146376,2
146386,2
146397,2
146408,2
146418,1
146428,2
146439,2
146449,2
146459,2
146469,1
146481,1
146491,2
146501,2
146511,2
146522,2
146532,2
146543,2
146553,1
146564,2
146574,2
146584,2
146594,1
146605,2
146616,1
146626,2
146636,2
146647,1
146657,1
146667,2
146678,1
146689,2
146699,2
146709,2
146719,2
146729,1
146741,1
146751,2
146761,1
146771,1
146782,2
146792,2
146802,2
146813,1
146824,1
146834,1
146844,2
146854,1
146865,2
146876,2
146886,2
146896,1
146907,2
146917,2
146927,2
146937,1
146949,2
146959,3
146969,1
146979,1
146990,2
147000,1
147011,2
147021,1
147032,2
147042,3
147052,2
147062,2
147074,2
147084,1
147094,1
147104,2
147115,2
147125,2
147135,1
147146,2
147156,2
147167,1
147177,1
147187,2
147197,1
147209,1
147219,2
147229,1
147239,1
147250,1
147260,1
147270,2
147281,2
147292,2
147302,2
147312,1
147322,2
147333,2
147344,1
147354,2
147364,1
147375,2
147385,2
147395,2
147406,1
147417,1
147427,2
147437,2
147447,2
147458,2
147468,2
147479,1
147489,2
147500,2
147510,1
147520,1
147530,2
147542,2
147552,2
147562,1
147572,2
147582,2
147593,1
147603,2
147614,2
147624,2
147635,2
147645,1
147655,1
147665,2
147677,1
147687,2
147697,2
147707,1
147718,1
147728,1
147739,2
147749,2
147760,2
147770,2
147780,1
147790,2
147801,2
147812,2
147822,2
147832,1
147843,2
147853,2
147863,1
147874,2
147885,2
147895,2
147905,1
147915,1
147926,2
147936,1
147947,2
147957,2
147968,1
147978,1
147988,2
147998,2
148009,1
148020,1
148030,2
148040,1
148050,1
148061,2
148072,1
148082,2
148092,2
148103,2
148113,2
148123,1
148133,1
148145,2
148155,1
148165,2
148175,2
148186,1
148196,2
148207,1
148217,2
148228,1
148238,1
148248,1
148258,2
148269,2
148280,1
148290,1
148300,1
148311,2
148321,2
148331,1
148342,2
148353,2
148363,2
148373,2
148383,1
148393,1
148405,1
148415,1
148425,1
148435,2
148446,1
148456,2
148466,2
148477,1
148488,1
148498,2
148508,1
148518,2
148529,2
148540,2
148550,2
148560,1
148571,1
148581,2
148591,2
148601,2
148613,2
148623,2
148633,2
148643,1
148654,2
148664,1
148675,1
148685,1
148696,2
148706,1
148716,1
148726,1
148738,1
148748,2
148758,1
148768,2
148779,1
148789,1
148799,2
148810,2
148820,2
148831,2
148841,2
148851,1
148861,1
148873,2
148883,1
148893,2
148903,2
148914,2
148924,1
148934,1
148945,2
148956,2
148966,2
148976,1
148986,2
148997,2
149008,1
149018,1
149028,1
149039,1
149049,1
149059,1
149070,2
149081,1
149091,2
149101,1
149111,1
149122,1
149132,1
149143,1
149153,1
149164,1
149174,2
149184,2
149194,2
149206,2
149216,2
149226,1
149236,2
149246,1
149257,2
149267,2
149278,2
149288,2
149299,1
149309,2
149319,1
149329,1
149341,2
149351,1
149361,2
149371,2
149382,2
149392,2
149403,1
149413,1
149424,2
149434,1
149444,2
149454,1
149465,2
149476,1
149486,2
149496,1
149507,1
149517,1
149527,2
149538,1
149549,2
149559,1
149569,1
149579,2
149590,2
149600,1
149611,1
149621,2
149632,2
149642,1
149652,2
149662,2
149673,2
149684,2
149694,1
149704,2
149714,1
149725,2
149736,2
149746,2
149756,1
149767,2
149777,2
149787,2
149797,2
149809,2
149819,2
149829,2
149839,2
149850,2
149860,2
149871,2
149881,1
149892,2
149902,2
149912,1
149922,1
149933,1
149944,1
149954,3
149964,2
149975,2
149985,2
149995,1
150006,2
150017,1
150027,2
150037,2
150047,2
150057,2
150069,1
150079,1
150089,1
150099,1
150110,2
150120,1
150130,1
150141,1
150152,2
150162,2
150172,1
150182,1
150193,2
150204,2
150214,1
150224,2
150235,2
150245,2
150255,2
150265,1
150277,1
150287,1
150297,2
150307,1
150318,2
150328,2
150339,2
150349,2
150360,2
150370,1
150380,2
150390,1
150402,2
150412,1
150422,1
150432,2
150443,2
150453,2
150463,2
150474,1
150484,1
150495,2
150505,1
150515,2
150525,1
150537,1
150547,2
150557,2
150567,1
150578,2
150588,1
150598,2
150609,1
150620,2
150630,2
150640,1
150650,1
150661,1
150672,1
150682,2
150692,2
150703,1
150713,1
150723,2
150734,1
150745,2
150755,2
150765,1
150775,2
150786,1
150796,2
150807,2
150817,1
150828,1
150838,2
150848,1
150858,2
150870,2
150880,2
150890,1
150900,2
150910,1
150921,2
150931,1
150942,1
150952,2
150963,1
150973,1
150983,2
150993,2
151005,2
151015,1
151025,2
151035,1
151046,1
151056,2
151067,1
151077,1
151088,1
151098,1
151108,1
151118,2
151129,2
151140,1
151150,2
151160,1
151171,2
151181,1
151191,2
151202,1
151213,1
151223,2
151233,1
151243,1
151254,2
151264,1
151275,2
151285,1
151296,1
151306,1
151316,2
151326,1
151337,2
151348,1
151358,2
151368,1
151378,1
151389,1
151400,2
151410,1
151420,2
151431,2
151441,2
151451,1
151461,1
151473,2
151483,1
151493,1
151503,1
151514,2
151524,2
151535,2
151545,1
151556,2
151566,1
151576,2
151586,1
151597,1
151608,2
151618,1
151628,2
151639,2
151649,2
151659,2
151670,1
151681,2
151691,2
151701,2
151711,1
151721,1
151733,1
151743,1
151753,2
151763,1
151774,2
151784,1
151794,1
151805,2
151816,2
151826,2
151836,2
151846,1
151857,2
151868,1
151878,1
151888,2
151899,1
151909,2
151919,1
151929,2
151941,2
151951,2
151961,2
151971,1
151982,2
151992,1
152003,1
152013,1
152024,1
152034,1
152044,2
152054,2
152066,1
152076,2
152086,2
152096,1
152107,1
152117,1
152127,2
152138,1
152148,2
152159,1
152169,2
152179,1
152189,1
152201,1
152211,1
152221,2
152231,1
152242,2
152252,2
152262,1
152273,2
152284,2
152294,2
152304,1
152314,1
152325,1
152336,2
152346,1
152356,2
152367,1
152377,2
152387,1
152398,1
152409,2
152419,2
152429,2
152439,2
152450,1
152460,2
152471,1
152481,1
152492,1
152502,2
152512,2
152522,1
152534,1
152544,1
152554,1
152564,2
152574,1
152585,2
152595,1
152606,2
152616,1
152627,1
152637,2
152647,2
152657,1
152669,1
152679,1
152689,2
152699,1
152710,1
152720,1
152731,2
152741,1
152752,1
152762,2
152772,2
152782,1
152793,2
152804,1
152814,2
152824,1
152835,2
152845,2
152855,1
152866,1
152877,1
152887,1
152897,2
152907,1
152918,2
152928,1
152939,2
152949,2
152960,1
152970,1
152980,1
152990,1
153001,2
153012,1
153022,2
153032,1
153042,2
153053,1
153064,2
153074,2
153084,1
153095,2
153105,1
153115,1
153125,1
153137,1
153147,1
153157,1
153167,2
153178,2
153188,2
153199,1
153209,1
153220,2
153230,2
153240,1
153250,1
153261,1
153272,1
153282,1
153292,2
153303,1
153313,1
153323,1
153334,2
153345,1
153355,1
153365,2
153375,2
153385,1
153397,1
153407,2
153417,1
153427,2
153438,1
153448,1
153458,2
153469,1
153480,1
153490,1
153500,1
153510,1
153521,2
153532,1
153542,1
153552,1
153563,1
153573,1
153583,2
153593,1
153605,1
153615,1
153625,2
153635,1
153646,1
153656,1
153667,1
153677,1
153688,1
153698,2
153708,2
153718,1
153730,2
153740,1
153750,1
153760,2
153771,2
153781,1
153791,2
153802,1
153812,1
153823,1
153833,1
153843,1
153853,1
153865,1
153875,1
153885,1
153895,1
153906,1
153916,2
153926,1
153937,1
153948,1
153958,2
153968,2
153978,1
153989,1
154000,1
154010,2
154020,1
154031,2
154041,1
154051,1
154062,1
154073,2
154083,1
154093,2
154103,2
154114,2
154124,2
154135,2
154145,2
154156,1
154166,1
154176,1
154186,1
154198,2
154208,1
154218,1
154228,1
154238,1
154249,2
154259,1
154270,1
154280,2
154291,1
154301,2
154311,2
154321,2
154333,1
154343,1
154353,1
154363,1
154374,1
154384,1
154395,1
154405,1
154416,1
154426,1
154436,1
154446,1
154457,1
154468,2
154478,1
154488,1
154499,1
154509,1
154519,1
154530,1
154541,1
154551,2
154561,1
154571,1
154582,0
154592,2
154603,1
154613,1
154624,1
154634,1
154644,2
154654,2
154665,1
154676,1
154686,1
154696,2
154706,1
154717,2
154728,1
154738,2
154748,2
154759,2
154769,2
154779,2
154789,1
154801,2
154811,1
154821,1
154831,1
154842,1
154852,1
154863,1
154873,1
154884,2
154894,1
154904,2
154914,1
154925,1
154936,1
154946,1
154956,2
154967,1
154977,1
154987,1
154998,1
155009,2
155019,1
155029,2
155039,1
155049,1
155061,1
155071,1
155081,2
155091,1
155102,1
155112,2
155122,1
155133,1
155144,2
155154,1
155164,1
155174,2
155185,1
155196,1
155206,1
155216,2
155227,1
155237,1
155247,2
155257,1
155269,2
155279,1
155289,1
155299,1
155310,1
155320,1
155331,1
155341,1
155352,1
155362,2
155372,1
155382,1
155394,1
155404,1
155414,1
155424,1
155435,1
155445,1
155455,1
155466,1
155476,2
155487,1
155497,1
155507,1
155517,1
155529,1
155539,1
155549,1
155559,2
155570,1
155580,1
155590,1
155601,2
155612,2
155622,1
155632,1
155642,1
155653,2
155664,2
155674,1
155684,2
155695,2
155705,1
155715,1
155726,2
155737,2
155747,1
155757,1
155767,2
155778,2
155788,1
155799,2
155809,1
155820,1
155830,1
155840,2
155850,2
155862,2
155872,2
155882,2
155892,1
155902,2
155913,1
155923,1
155934,1
155944,1
155955,1
155965,2
155975,1
155985,1
155997,1
156007,2
156017,2
156027,1
156038,1
156048,1
156059,2
156069,1
156080,1
156090,2
156100,1
156110,2
156121,1
156132,1
156142,1
156152,1
156163,2
156173,1
156183,1
156194,1
156205,1
156215,1
156225,2
156235,1
156246,2
156256,1
156267,2
156277,1
156288,1
156298,1
156308,2
156318,2
156329,1
156340,1
156350,1
156360,2
156370,2
156381,2
156392,1
156402,2
156412,2
156423,1
156433,2
156443,1
156453,1
156465,2
156475,1
156485,2
156495,2
156506,1
156516,1
156527,1
156537,1
156548,1
156558,1
156568,1
156578,1
156589,1
156600,1
156610,1
156620,1
156631,1
156641,1
156651,1
156662,1
156673,2
156683,1
156693,1
156703,2
156713,1
156725,1
156735,1
156745,1
156755,2
156766,2
156776,1
156786,1
156797,1
156808,1
156818,1
156828,1
156838,1
156849,1
156860,1
156870,1
156880,2
156891,1
156901,2
156911,2
156921,1
156933,2
156943,2
156953,2
156963,1
156974,1
156984,2
156995,1
157005,2
157016,1
157026,1
157036,1
157046,1
157058,1
157068,1
157078,1
157088,2
157099,2
157109,1
157119,1
157130,1
157140,1
157151,1
157161,2
157171,1
157181,1
157193,1
157203,2
157213,2
157223,1
157234,1
157244,1
157254,1
157265,1
157276,1
157286,1
157296,1
157306,1
157317,2
157328,1
157338,1
157348,1
157359,2
157369,1
157379,2
157390,1
157401,1
157411,2
157421,1
157431,1
157442,2
157452,1
157463,2
157473,1
157484,2
157494,2
157504,1
157514,2
157526,1
157536,1
157546,1
157556,1
157566,2
157577,1
157587,1
157598,2
157608,2
157619,2
157629,2
157639,1
157649,1
157661,1
157671,2
157681,1
157691,2
157702,1
157712,2
157723,1
157733,1
157744,1
157754,1
157764,1
157774,2
157785,2
157796,2
157806,1
157816,1
157827,1
157837,1
157847,1
157858,1
157869,1
157879,1
157889,2
157899,1
157910,1
157920,1
157931,1
157941,1
157952,1
157962,1
157972,1
157982,2
157993,2
158004,1
158014,1
158024,1
158034,2
158045,1
158056,2
158066,1
158076,1
158087,2
158097,1
158107,2
158117,1
158129,2
158139,1
158149,1
158159,2
158170,1
158180,2
158191,1
158201,1
158212,1
158222,1
158232,1
158242,1
158253,1
158264,1
158274,1
158284,1
158295,1
158305,2
158315,1
158326,2
158337,1
158347,2
158357,2
158367,1
158377,1
158389,1
158399,2
158409,1
158419,1
158430,1
158440,1
158450,1
158461,1
158472,1
158482,1
158492,1
158502,1
158513,1
158524,2
158534,2
158544,1
158555,2
158565,2
158575,1
158585,1
158597,1
158607,2
158617,2
158627,1
158638,1
158648,1
158659,1
158669,1
158680,1
158690,2
158700,2
158710,1
158722,2
158732,2
158742,1
158752,1
158763,1
158773,1
158783,1
158794,2
158804,2
158815,1
158825,1
158835,1
158845,1
158857,1
158867,1
158877,2
158887,1
158898,1
158908,1
158918,1
158929,1
158940,1
158950,2
158960,2
158970,2
158981,2
158992,1
159002,1
159012,2
159023,1
159033,1
159043,1
159054,1
159065,2
159075,1
159085,1
159095,1
159106,1
159116,2
159127,1
159137,1
159148,1
159158,1
159168,1
159178,1
159190,2
159200,1
159210,1
159220,1
159230,1
159241,2
159251,1
159262,1
159272,1
159283,1
159293,1
159303,1
159313,1
159325,1
159335,2
159345,1
159355,1
159366,1
159376,1
159387,2
159397,1
159408,1
159418,1
159428,1
159438,1
159449,2
159460,1
159470,1
159480,1
159491,2
159501,1
159511,1
159522,1
159533,2
159543,1
159553,1
159563,2
159574,1
159584,2
159595,2
159605,1
159616,1
159626,2
159636,1
159646,1
159657,1
159668,2
159678,1
159688,2
159698,1
159709,1
159720,1
159730,2
159740,2
159751,1
159761,1
159771,1
159781,1
159793,1
159803,1
159813,1
159823,2
159834,1
159844,1
159855,2
159865,1
159876,2
159886,1
159896,2
159906,1
159917,2
159928,1
159938,1
159948,1
159959,1
159969,1
159979,1
159990,1
160001,2
160011,0
160021,2
160031,2
160041,2
160053,1
160063,1
160073,2
160083,1
160094,1
160104,1
160114,2
160125,1
160136,1
160146,2
160156,1
160166,1
160177,1
160188,1
160198,1
160208,1
160219,2
160229,2
160239,1
160249,1
160261,1
160271,1
160281,1
160291,1
160302,1
160312,2
160323,1
160333,1
160344,1
160354,1
160364,1
160374,2
160386,1
160396,2
160406,1
160416,1
160427,2
160437,1
160447,1
160458,1
160468,1
160479,1
160489,1
160499,1
160509,1
160521,1
160531,1
160541,2
160551,1
160562,1
160572,1
160582,1
160593,1
160604,1
160614,1
160624,1
160634,2
160645,2
160656,1
160666,2
160676,1
160687,1
160697,1
160707,1
160718,1
160729,1
160739,1
160749,1
160759,1
160770,1
160780,1
160791,1
160801,1
160812,1
160822,1
160832,2
160842,1
160854,1
160864,1
160874,1
160884,2
160894,1
160905,1
160915,1
160926,1
160936,2
160947,2
160957,2
160967,2
160977,1
160989,1
160999,1
161009,2
161019,1
161030,2
161040,1
161051,1
161061,1
161072,1
161082,0
161092,1
161102,2
161113,2
161124,1
161134,2
161144,2
161155,2
161165,1
161175,1
161186,2
161197,2
161207,1
161217,2
161227,1
161238,1
161248,1
161259,1
161269,2
161280,1
161290,1
161300,1
161310,1
161321,1
161332,1
161342,1
161352,1
161362,1
161373,1
161384,1
161394,1
161404,1
161415,2
161425,1
161435,1
161445,1
161457,2
161467,1
161477,1
161487,1
161498,2
161508,1
161519,1
161529,2
161540,2
161550,1
161560,1
161570,1
161581,1
161592,1
161602,1
161612,2
161623,2
161633,1
161643,1
161654,1
161665,1
161675,1
161685,2
161695,1
161705,2
161717,1
161727,2
161737,2
161747,1
161758,1
161768,1
161778,1
161789,1
161800,1
161810,1
161820,1
161830,1
161841,1
161852,1
161862,1
161872,2
161883,1
161893,2
161903,1
161913,1
161925,1
161935,2
161945,1
161955,1
161966,1
161976,1
161987,1
161997,1
162008,1
162018,2
162028,2
162038,2
162050,1
162060,1
162070,2
162080,1
162091,2
162101,1
162111,1
162122,1
162132,2
162143,2
162153,1
162163,1
162173,2
162185,1
162195,1
162205,1
162215,1
162226,1
162236,2
162246,1
162257,2
162268,1
162278,2
162288,1
162298,1
162309,1
162320,1
162330,1
162340,2
162351,1
162361,1
162371,1
162382,1
162393,2
162403,1
162413,1
162423,1
162434,1
162444,1
162455,1
162465,1
162476,1
162486,1
162496,1
162506,1
162518,2
162528,1
162538,1
162548,1
162558,1
162569,1
162579,1
162590,1
162600,2
162611,1
162621,1
162631,0
162641,1
162653,1
162663,1
162673,1
162683,1
162694,1
162704,1
162715,1
162725,1
162736,1
162746,1
162756,2
162766,2
162777,1
162788,1
162798,1
162808,1
162819,1
162829,1
162839,1
162850,1
162861,1
162871,1
162881,2
162891,2
162902,1
162912,1
162923,2
162933,1
162944,2
162954,1
162964,1
162974,1
162985,2
162996,1
163006,2
163016,1
163026,1
163037,2
163048,1
163058,1
163068,1
163079,1
163089,1
163099,2
163109,1
163121,1
163131,2
163141,1
163151,1
163162,2
163172,1
163183,1
163193,1
163204,1
163214,2
163224,0
163234,1
163245,0
163256,2
163266,2
163276,2
163287,1
163297,1
163307,2
163318,2
163329,1
163339,2
163349,2
163359,1
163369,1
163381,1
163391,1
163401,1
163411,1
163422,1
163432,2
163442,1
163453,1
163464,1
163474,1
163484,1
163494,1
163505,1
163516,1
163526,2
163536,1
163547,2
163557,1
163567,1
163577,1
163589,1
163599,1
163609,2
163619,1
163630,1
163640,1
163651,1
163661,1
163672,1
163682,1
163692,1
163702,1
163714,1
163724,1
163734,1
163744,1
163755,1
163765,1
163775,2
163786,2
163796,1
163807,1
163817,1
163827,2
163837,1
163849,1
163859,1
163869,1
163879,1
163890,1
163900,1
163910,1
163921,1
163932,1
163942,1
163952,1
163962,1
163973,2
163984,1
163994,1
164004,1
164015,1
164025,2
164035,1
164046,1
164057,2
164067,1
164077,2
164087,1
164098,1
164108,1
164119,1
164129,1
164140,1
164150,1
164160,1
164170,1
164182,1
164192,1
164202,0
164212,1
164222,1
164233,2
164243,1
164254,1
164264,1
164275,1
164285,1
164295,0
164305,2
164317,1
164327,1
164337,1
164347,1
164358,1
164368,0
164379,2
164389,1
164400,1
164410,1
164420,1
164430,2
164441,1
164452,1
164462,1
164472,1
164483,1
164493,1
164503,1
164514,1
164525,1
164535,1
164545,1
164555,1
164566,1
164576,1
164587,1
164597,1
164608,1
164618,1
164628,1
164638,1
164649,1
164660,1
164670,1
164680,2
164690,1
164701,1
164712,1
164722,1
164732,2
164743,1
164753,1
164763,1
164773,1
164785,1
164795,2
164805,1
164815,1
164826,1
164836,1
164847,1
164857,1
164868,2
164878,1
164888,1
164898,1
164909,2
164920,1
164930,1
164940,1
164951,1
164961,1
164971,2
164982,1
164993,2
165003,1
165013,1
165023,1
165033,2
165045,1
165055,1
165065,1
165075,2
165086,2
165096,2
165106,1
165117,1
165128,1
165138,1
165148,1
165158,2
165169,1
165180,1
165190,1
165200,1
165211,2
165221,2
165231,2
165241,1
165253,1
165263,1
165273,2
165283,1
165294,1
165304,1
165315,1
165325,2
165336,1
165346,0
165356,1
165366,1
165378,1
165388,1
165398,1
165408,1
165419,1
165429,1
165439,2
165450,1
165460,1
165471,1
165481,1
165491,1
165501,1
165513,2
165523,1
165533,1
165543,2
165554,1
165564,1
165574,1
165585,1
165596,1
165606,1
165616,1
165626,1
165637,1
165648,1
165658,1
165668,1
165679,2
165689,2
165699,1
165710,1
165721,1
165731,2
165741,1
165751,1
165762,1
165772,1
165783,2
165793,1
165804,1
165814,1
165824,1
165834,1
165846,1
165856,1
165866,1
165876,1
165886,2
165897,1
165907,1
165918,1
165928,1
165939,2
165949,1
165959,1
165969,1
165981,1
165991,1
166001,1
166011,1
166022,1
166032,2
166043,1
166053,1
166064,2
166074,1
166084,1
166094,2
166105,1
166116,1
166126,1
166136,1
166147,2
166157,1
166167,1
166178,1
166189,1
166199,2
166209,1
166219,2
166230,1
166240,2
166251,1
166261,1
166272,1
166282,2
166292,1
166302,1
166313,1
166324,1
166334,1
166344,1
166354,1
166365,1
166376,2
166386,1
166396,1
166407,1
166417,1
166427,1
166437,1
166449,0
166459,2
166469,1
166479,2
166490,1
166500,1
166511,1
166521,1
166532,1
166542,1
166552,0
166562,1
166573,1
166584,1
166594,1
166604,1
166615,1
166625,1
166635,1
166646,1
166657,1
166667,1
166677,1
166687,1
166697,1
166709,1
166719,1
166729,1
166739,1
166750,1
166760,1
166770,2
166781,1
166792,1
166802,0
166812,2
166822,1
166833,1
166844,1
166854,1
166864,2
166875,1
166885,2
166895,2
166905,1
166917,1
166927,2
166937,1
166947,1
166958,1
166968,1
166979,1
166989,1
167000,1
167010,1
167020,1
167030,1
167042,1
167052,2
167062,1
167072,1
167083,1
167093,2
167103,1
167114,1
167124,1
167135,1
167145,1
167155,1
167165,1
167177,0
167187,1
167197,1
167207,1
167218,1
167228,2
167238,1
167249,1
167260,2
167270,1
167280,1
167290,1
167301,1
167312,1
167322,1
167332,1
167343,1
167353,2
167363,1
167374,1
167385,1
167395,1
167405,1
167415,1
167426,1
167436,1
167447,2
167457,1
167468,1
167478,1
167488,2
167498,1
167510,1
167520,2
167530,1
167540,1
167550,1
167561,1
167571,2
167582,2
167592,0
167603,2
167613,1
167623,1
167633,1
167645,1
167655,1
167665,2
167675,1
167686,1
167696,1
167707,1
167717,0
167728,1
167738,1
167748,1
167758,1
167769,1
167780,1
167790,1
167800,1
167811,1
167821,0
167831,2
167842,1
167853,1
167863,1
167873,1
167883,1
167894,1
167904,1
167915,2
167925,2
167936,1
167946,2
167956,1
167966,2
167977,1
167988,1
167998,2
168008,2
168018,1
168029,1
168040,1
168050,1
168060,1
168071,1
168081,0
168091,1
168101,1
168113,1
168123,1
168133,1
168143,1
168154,1
168164,1
168175,1
168185,1
168196,1
168206,1
168216,1
168226,1
168237,0
168248,1
168258,1
168268,2
168279,1
168289,1
168299,1
168310,2
168321,2
168331,1
168341,1
168351,1
168361,1
168373,1
168383,1
168393,1
168403,1
168414,1
168424,1
168434,1
168445,1
168456,2
168466,1
168476,1
168486,1
168497,1
168508,2
168518,1
168528,1
168539,2
168549,1
168559,1
168569,1
168581,1
168591,1
168601,1
168611,2
168622,2
168632,1
168643,2
168653,1
168664,1
168674,0
168684,1
168694,1
168706,1
168716,1
168726,1
168736,1
168747,1
168757,2
168767,2
168778,1
168788,1
168799,1
168809,2
168819,2
168829,1
168841,1
168851,1
168861,2
168871,1
168882,1
168892,1
168902,1
168913,1
168924,1
168934,1
168944,1
168954,1
168965,2
168976,1
168986,1
168996,2
169007,2
169017,1
169027,2
169038,1
169049,1
169059,1
169069,1
169079,1
169090,1
169100,2
169111,2
169121,1
169132,1
169142,1
169152,1
169162,1
169174,1
169184,1
169194,1
169204,1
169214,1
169225,1
169235,1
169246,2
169256,1
169267,0
169277,1
169287,1
169297,1
169309,1
169319,1
169329,1
169339,1
169350,1
169360,1
169371,1
169381,1
169392,2
169402,1
169412,1
169422,1
169433,0
169444,2
169454,1
169464,1
169475,0
169485,1
169495,1
169506,1
169517,1
169527,1
169537,1
169547,2
169558,2
169568,1
169579,1
169589,1
169600,1
169610,1
169620,1
169630,1
169641,1
169652,1
169662,1
169672,1
169682,1
169693,2
169704,1
169714,2
169724,1
169735,1
169745,1
169755,1
169765,2
169777,1
169787,1
169797,1
169807,1
169818,1
169828,1
169839,1
169849,1
169860,1
169870,2
169880,1
169890,2
169901,1
169912,1
169922,2
169932,1
169943,1
169953,1
169963,2
169974,1
169985,1
169995,1
170005,2
170015,1
170025,1
170037,1
170047,1
170057,0
170067,1
170078,1
170088,1
170098,2
170109,1
170120,1
170130,2
170140,1
170150,1
170161,1
170172,2
170182,1
170192,1
170203,2
170213,1
170223,1
170233,1
170245,2
170255,1
170265,2
170275,1
170286,1
170296,2
170307,1
170317,1
170328,0
170338,1
170348,1
170358,1
170370,1
170380,1
170390,1
170400,1
170411,1
170421,1
170431,1
170442,2
170452,1
170463,1
170473,1
170483,1
170493,1
170505,1
170515,1
170525,1
170535,1
170546,1
170556,1
170566,1
170577,1
170588,1
170598,1
170608,2
170618,1
170629,1
170640,1
170650,1
170660,1
170671,2
170681,1
170691,0
170702,1
170713,2
170723,1
170733,1
170743,2
170754,1
170764,1
170775,1
170785,2
170796,1
170806,2
170816,1
170826,2
170838,1
170848,1
170858,1
170868,1
170878,1
170889,1
170899,1
170910,1
170920,1
170931,2
170941,2
170951,1
170961,1
170973,1
170983,1
170993,1
171003,1
171014,1
171024,2
171035,1
171045,1
171056,1
171066,1
171076,1
171086,1
171097,1
171108,1
171118,1
171128,1
171139,1
171149,1
171159,1
171170,1
171181,1
171191,2
171201,1
171211,1
171222,1
171232,1
171243,1
171253,1
171264,1
171274,1
171284,1
171294,1
171305,2
171316,1
171326,1
171336,1
171346,2
171357,1
171368,1
171378,2
171388,1
171399,1
171409,1
171419,1
171429,1
171441,1
171451,1
171461,0
171471,1
171482,1
171492,1
171503,2
171513,1
171524,1
171534,0
171544,1
171554,1
171565,1
171576,1
171586,1
171596,1
171607,2
171617,1
171627,1
171638,2
171649,1
171659,1
171669,1
171679,1
171689,0
171701,1
171711,1
171721,1
171731,2
171742,2
171752,1
171762,1
171773,1
171784,1
171794,1
171804,1
171814,1
171825,1
171836,1
171846,1
171856,1
171867,1
171877,1
171887,1
171897,1
171909,2
171919,1
171929,1
171939,1
171950,1
171960,2
171971,1
171981,1
171992,1
172002,0
172012,1
172022,1
172034,1
172044,1
172054,2
172064,1
172075,1
172085,1
172095,1
172106,2
172116,1
172127,1
172137,2
172147,1
172157,1
172169,1
172179,1
172189,1
172199,1
172210,1
172220,1
172230,1
172241,0
172252,1
172262,1
172272,1
172282,1
172293,1
172304,1
172314,1
172324,2
172335,1
172345,1
172355,1
172366,1
172377,1
172387,2
172397,2
172407,2
172418,1
172428,1
172439,1
172449,1
172460,1
172470,2
172480,1
172490,1
172502,1
172512,1
172522,1
172532,1
172542,1
172553,1
172563,0
172574,2
172584,1
172595,1
172605,1
172615,1
172625,1
172637,1
172647,1
172657,1
172667,1
172678,2
172688,1
172699,1
172709,1
172720,1
172730,2
172740,1
172750,1
172761,1
172772,1
172782,1
172792,2
172803,2
172813,2
172823,2
172834,1
172845,2
172855,2
172865,1
172875,1
172886,1
172896,1
172907,1
172917,0
172928,1
172938,2
172948,2
172958,1
172969,1
172980,1
172990,1
173000,1
173010,2
173021,2
173032,1
173042,2
173052,2
173063,2
173073,1
173083,1
173093,1
173105,2
173115,1
173125,2
173135,1
173146,1
173156,1
173167,1
173177,2
173188,1
173198,1
173208,1
173218,1
173229,1
173240,1
173250,1
173260,2
173271,2
173281,2
173291,0
173302,1
173313,2
173323,1
173333,1
173343,1
173353,1
173365,1
173375,1
173385,1
173395,1
173406,1
173416,1
173426,1
173437,1
173448,1
173458,1
173468,1
173478,2
173489,1
173500,1
173510,1
173520,1
173531,1
173541,1
173551,1
173561,1
173573,2
173583,1
173593,2
173603,1
173614,1
173624,1
173635,2
173645,2
173656,1
173666,1
173676,2
173686,1
173698,1
173708,1
173718,1
173728,1
173739,2
173749,1
173759,2
173770,1
173780,1
173791,1
173801,2
173811,1
173821,1
173833,1
173843,1
173853,1
173863,2
173874,1
173884,1
173894,1
173905,1
173916,1
173926,1
173936,1
173946,1
173957,2
173968,1
173978,1
173988,1
173999,1
174009,1
174019,0
174030,1
174041,2
174051,2
174061,1
174071,2
174082,1
174092,1
174103,2
174113,1
174124,1
174134,1
174144,1
174154,1
174166,1
174176,1
174186,1
174196,1
174206,1
174217,2
174227,1
174238,1
174248,0
174259,1
174269,2
174279,1
174289,1
174301,1
174311,1
174321,1
174331,2
174342,1
174352,1
174363,1
174373,1
174384,1
174394,1
174404,1
174414,2
174425,1
174436,2
174446,1
174456,2
174467,1
174477,1
174487,1
174498,1
174509,1
174519,1
174529,1
174539,1
174550,1
174560,1
174571,1
174581,1
174592,1
174602,1
174612,2
174622,1
174633,1
174644,1
174654,1
174664,1
174674,1
174685,1
174696,1
174706,1
174716,2
174727,1
174737,2
174747,2
174757,1
174769,1
174779,1
174789,1
174799,1
174810,1
174820,1
174831,1
174841,2
174852,1
174862,1
174872,1
174882,2
174893,1
174904,2
174914,1
174924,1
174935,1
174945,1
174955,2
174966,2
174977,2
174987,1
174997,1
175007,1
175017,1
175029,1
175039,1
175049,1
175059,1
175070,1
175080,1
175090,1
175101,1
175112,1
175122,1
175132,2
175142,1
175153,2
175164,2
175174,1
175184,1
175195,2
175205,1
175215,1
175225,1
175237,2
175247,1
175257,1
175267,1
175278,1
175288,1
175299,2
175309,1
175320,1
175330,1
175340,1
175350,0
175362,1
175372,1
175382,1
175392,1
175403,1
175413,1
175423,1
175434,2
175444,1
175455,1
175465,2
175475,1
175485,1
175497,1
175507,1
175517,1
175527,1
175538,1
175548,1
175558,1
175569,1
175580,1
175590,1
175600,2
175610,1
175621,1
175632,1
175642,1
175652,1
175663,1
175673,1
175683,2
175694,1
175705,1
175715,2
175725,1
175735,1
175746,1
175756,1
175767,1
175777,2
175788,1
175798,1
175808,2
175818,1
175830,0
175840,0
175850,1
175860,1
175870,1
175881,1
175891,1
175902,1
175912,1
175923,1
175933,1
175943,2
175953,1
175965,1
175975,2
175985,1
175995,1
176006,1
176016,1
176027,1
176037,2
176048,1
176058,1
176068,1
176078,1
176089,1
176100,1
176110,1
176120,1
176131,1
176141,1
176151,1
176162,1
176173,2
176183,1
176193,1
176203,1
176214,1
176224,1
176235,1
176245,1
176256,0
176266,2
176276,1
176286,0
176297,2
176308,1
176318,1
176328,1
176338,2
176349,1
176360,1
176370,2
176380,1
176391,1
176401,1
176411,1
176421,1
176433,1
176443,1
176453,1
176463,1
176474,1
176484,1
176495,1
176505,1
176516,1
176526,1
176536,1
176546,2
176557,1
176568,1
176578,0
176588,0
176599,2
176609,1
176619,1
176630,2
176641,1
176651,1
176661,1
176671,1
176681,1
176693,1
176703,1
176713,1
176723,1
176734,1
176744,1
176754,1
176765,2
176776,1
176786,1
176796,1
176806,1
176817,1
176828,2
176838,1
176848,1
176859,1
176869,1
176879,1
176889,1
176901,1
176911,1
176921,2
176931,1
176942,1
176952,1
176963,1
176973,1
176984,0
176994,1
177004,1
177014,1
177026,1
177036,1
177046,1
177056,1
177067,1
177077,1
177087,1
177098,1
177108,1
177119,1
177129,2
177139,1
177149,1
177161,0
177171,1
177181,1
177191,1
177202,1
177212,1
177222,0
177233,1
177244,1
177254,1
177264,1
177274,1
177285,1
177296,1
177306,1
177316,1
177327,0
177337,1
177347,1
177358,1
177369,2
177379,1
177389,1
177399,1
177410,1
177420,1
177431,1
177441,1
177452,1
177462,1
177472,1
177482,2
177494,1
177504,1
177514,1
177524,1
177534,1
177545,1
177555,1
177566,1
177576,1
177587,2
177597,2
177607,1
177617,0
177629,1
177639,1
177649,1
177659,1
177670,1
177680,1
177691,1
177701,1
177712,1
177722,2
177732,2
177742,1
177753,2
177764,1
177774,2
177784,1
177795,1
177805,0
177815,2
177826,1
177837,1
177847,1
177857,1
177867,1
177878,1
177888,1
177899,1
177909,0
177920,1
177930,1
177940,1
177950,1
177961,1
177972,1
177982,1
177992,1
178002,1
178013,1
178024,2
178034,1
178044,2
178055,1
178065,1
178075,1
178085,1
178097,1
178107,1
178117,1
178127,0
178138,1
178148,1
178159,2
178169,1
178180,1
178190,1
178200,1
178210,2
178221,1
178232,1
178242,0
178252,2
178263,1
178273,1
178283,0
178294,1
178305,1
178315,0
178325,1
178335,1
178345,1
178357,1
178367,1
178377,1
178387,1
178398,1
178408,1
178418,2
178429,1
178440,1
178450,1
178460,1
178470,1
178481,2
178492,1
178502,1
178512,1
178523,0
178533,2
178543,2
178553,0
178565,1
178575,1
178585,1
178595,1
178606,2
178616,1
178627,1
178637,1
178648,1
178658,1
178668,2
178678,1
178690,2
178700,1
178710,1
178720,2
178731,1
178741,1
178751,1
178762,1
178772,1
178783,1
178793,1
178803,0
178813,0
178825,0
178835,1
178845,1
178855,1
178866,1
178876,1
178886,1
178897,1
178908,1
178918,1
178928,2
178938,1
178949,1
178960,1
178970,1
178980,1
178991,1
179001,2
179011,2
179022,1
179033,1
179043,1
179053,1
179063,1
179074,1
179084,1
179095,1
179105,1
179116,1
179126,2
179136,1
179146,1
179158,1
179168,1
179178,1
179188,1
179198,1
179209,1
179219,1
179230,1
179240,2
179251,1
179261,2
179271,1
179281,1
179293,1
179303,1
179313,1
179323,1
179334,1
179344,1
179355,2
179365,1
179376,1
179386,2
179396,2
179406,1
179417,1
179428,1
179438,1
179448,1
179459,1
179469,1
179479,1
179490,2
179501,1
179511,1
179521,0
179531,1
179542,1
179552,1
179563,1
179573,1
179584,1
179594,1
179604,1
179614,1
179625,1
179636,0
179646,1
179656,1
179666,1
179677,1
179688,1
179698,1
179708,1
179719,2
179729,1
179739,1
179749,0
179761,1
179771,1
179781,1
179791,1
179802,1
179812,0
179823,1
179833,1
179844,1
179854,1
179864,1
179874,1
179885,1
179896,1
179906,1
179916,1
179927,1
179937,1
179947,1
179958,1
179969,0
179979,1
179989,1
179999,1
180009,1
180021,1
180031,1
180041,1
180051,1
180062,1
180072,0
180082,1
180093,1
180104,1
180114,0
180124,1
180134,1
180145,1
180156,1
180166,1
180176,1
180187,2
180197,1
180207,1
180217,1
180229,1
180239,1
180249,1
180259,1
180270,1
180280,1
180291,1
180301,1
180312,1
180322,2
180332,1
180342,1
180354,1
180364,1
180374,1
180384,0
180395,1
180405,1
180415,0
180426,1
180436,1
180447,0
180457,1
180467,1
180477,1
180489,1
180499,2
180509,2
180519,2
180530,1
180540,1
180550,1
180561,1
180572,1
180582,0
180592,0
180602,0
180613,1
180624,1
180634,1
180644,1
180655,2
180665,2
180675,1
180686,1
180697,2
180707,1
180717,2
180727,1
180738,1
180748,1
180759,1
180769,1
180780,1
180790,1
180800,1
180810,1
180822,1
180832,1
180842,1
180852,1
180862,1
180873,1
180883,1
180894,1
180904,1
180915,1
180925,2
180935,2
180945,2
180957,1
180967,0
180977,1
180987,1
180998,0
181008,1
181019,1
181029,0
181040,1
181050,1
181060,1
181070,1
181081,1
181092,1
181102,1
181112,1
181123,0
181133,1
181143,1
181154,1
181165,1
181175,0
181185,1
181195,1
181206,1
181216,0
181227,1
181237,1
181248,2
181258,1
181268,0
181278,1
181289,2
181300,2
181310,1
181320,1
181330,1
181341,1
181352,0
181362,1
181372,1
181383,1
181393,2
181403,1
181413,1
181425,1
181435,1
181445,1
181455,1
181466,2
181476,1
181487,1
181497,1
181508,1
181518,1
181528,1
181538,1
181549,1
181560,1
181570,1
181580,1
181591,1
181601,1
181611,1
181622,1
181633,2
181643,1
181653,2
181663,1
181673,1
181685,1
181695,1
181705,1
181715,1
181726,0
181736,0
181746,1
181757,1
181768,1
181778,1
181788,1
181798,1
181809,1
181820,1
181830,1
181840,1
181851,0
181861,0
181871,1
181881,1
181893,0
181903,1
181913,0
181923,1
181934,0
181944,1
181955,1
181965,0
181976,1
181986,2
181996,1
182006,1
182018,1
182028,0
182038,1
182048,1
182059,1
182069,1
182079,1
182090,1
182100,1
182111,0
182121,1
182131,1
182141,1
182153,1
182163,1
182173,1
182183,1
182194,1
182204,1
182214,1
182225,1
182236,0
182246,2
182256,1
182266,1
182277,1
182288,1
182298,1
182308,1
182319,1
182329,2
182339,2
182350,1
182361,1
182371,1
182381,1
182391,1
182402,2
182412,1
182423,1
182433,1
182444,1
182454,1
182464,1
182474,1
182486,1
182496,1
182506,1
182516,1
182526,1
182537,1
182547,1
182558,1
182568,1
182579,1
182589,1
182599,1
182609,1
182621,1
182631,0
182641,2
182651,1
182662,0
182672,1
182683,1
182693,1
182704,1
182714,1
182724,0
182734,1
182745,1
182756,1
182766,1
182776,1
182787,1
182797,1
182807,0
182818,1
182829,1
182839,1
182849,0
182859,1
182870,0
182880,1
182891,1
182901,1
182912,1
182922,1
182932,2
182942,1
182953,1
182964,1
182974,1
182984,1
182994,1
183005,1
183016,1
183026,0
183036,1
183047,2
183057,1
183067,1
183077,1
183089,0
183099,0
183109,1
183119,0
183130,2
183140,1
183151,0
183161,1
183172,0
183182,1
183192,0
183202,1
183213,2
183224,1
183234,1
183244,1
183255,1
183265,1
183275,1
183286,1
183297,1
183307,1
183317,1
183327,1
183337,1
183349,1
183359,1
183369,1
183379,0
183390,1
183400,1
183410,1
183421,2
183432,1
183442,1
183452,1
183462,1
183473,1
183484,1
183494,1
183504,1
183515,1
183525,2
183535,1
183545,1
183557,0
183567,1
183577,1
183587,1
183598,1
183608,1
183619,0
183629,0
183640,1
183650,1
183660,1
183670,1
183682,1
183692,1
183702,2
183712,1
183723,1
183733,1
183743,1
183754,1
183764,1
183775,2
183785,1
183795,2
183805,0
183817,1
183827,0
183837,1
183847,1
183858,1
183868,1
183878,1
183889,1
183900,1
183910,1
183920,2
183930,2
183941,0
183952,1
183962,1
183972,1
183983,0
183993,1
184003,1
184014,1
184025,1
184035,1
184045,1
184055,0
184066,1
184076,1
184087,1
184097,1
184108,1
184118,1
184128,1
184138,1
184150,1
184160,1
184170,1
184180,1
184190,1
184201,2
184211,2
184222,1
184232,0
184243,0
184253,1
184263,1
184273,1
184285,1
184295,1
184305,1
184315,1
184326,1
184336,1
184347,1
184357,1
184368,1
184378,1
184388,1
184398,1
184409,1
184420,0
184430,1
184440,2
184451,1
184461,1
184471,0
184482,1
184493,0
184503,1
184513,1
184523,0
184534,1
184544,1
184555,1
184565,1
184576,1
184586,2
184596,2
184606,1
184617,0
184628,0
184638,1
184648,2
184658,2
184669,1
184680,2
184690,1
184700,1
184711,1
184721,0
184731,1
184741,1
184753,1
184763,1
184773,1
184783,1
184794,1
184804,1
184815,1
184825,1
184836,1
184846,1
184856,1
184866,1
184877,1
184888,1
184898,1
184908,1
184919,1
184929,1
184939,1
184950,0
184961,1
184971,1
184981,1
184991,1
185001,1
185013,1
185023,2
185033,1
185043,0
185054,1
185064,2
185074,1
185085,2
185096,2
185106,1
185116,1
185126,1
185137,1
185148,1
185158,1
185168,0
185179,1
185189,0
185199,1
185209,0
185221,2
185231,1
185241,1
185251,1
185262,0
185272,1
185283,1
185293,1
185304,1
185314,1
185324,1
185334,1
185346,1
185356,1
185366,1
185376,1
185387,1
185397,2
185407,1
185418,2
185428,1
185439,0
185449,1
185459,1
185469,1
185481,1
185491,0
185501,1
185511,0
185522,0
185532,1
185542,1
185553,1
185564,1
185574,1
185584,1
185594,2
185605,1
185616,1
185626,1
185636,2
185647,1
185657,0
185667,0
185678,1
185689,1
185699,1
185709,1
185719,0
185730,0
185740,1
185751,1
185761,0
185772,1
185782,1
185792,1
185802,1
185814,1
185824,1
185834,1
185844,1
185854,0
185865,2
185875,1
185886,0
185896,1
185907,0
185917,1
185927,1
185937,1
185949,1
185959,1
185969,1
185979,1
185990,1
186000,1
186011,1
186021,1
186032,0
186042,1
186052,1
186062,1
186073,1
186084,1
186094,1
186104,1
186115,1
186125,1
186135,1
186146,1
186157,1
186167,1
186177,1
186187,1
186198,1
186208,0
186219,2
186229,1
186240,1
186250,1
186260,1
186270,1
186281,1
186292,2
186302,1
186312,1
186322,1
186333,1
186344,1
186354,1
186364,1
186375,1
186385,1
186395,2
186405,2
186417,1
186427,1
186437,1
186447,1
186458,1
186468,1
186479,0
186489,1
186500,0
186510,1
186520,1
186530,1
186541,1
186552,1
186562,1
186572,0
186583,1
186593,0
186603,1
186614,1
186625,1
186635,1
186645,1
186655,0
186665,1
186677,1
186687,1
186697,1
186707,1
186718,1
186728,1
186738,1
186749,1
186760,1
186770,1
186780,1
186790,1
186801,1
186812,1
186822,2
186832,1
186843,1
186853,1
186863,1
186873,1
186885,1
186895,1
186905,1
186915,1
186926,1
186936,1
186947,1
186957,1
186968,1
186978,1
186988,1
186998,1
187010,1
187020,1
187030,1
187040,1
187051,1
187061,1
187071,1
187082,0
187092,1
187103,1
187113,1
187123,1
187133,0
187145,1
187155,1
187165,1
187175,1
187186,1
187196,0
187206,1
187217,1
187228,1
187238,1
187248,0
187258,0
187269,0
187280,0
187290,1
187300,1
187311,1
187321,1
187331,1
187342,1
187353,1
187363,1
187373,1
187383,1
187394,1
187404,1
187415,1
187425,1
187436,1
187446,1
187456,1
187466,1
187478,1
187488,0
187498,1
187508,1
187518,1
187529,1
187539,0
187550,1
187560,1
187571,1
187581,1
187591,0
187601,1
187613,1
187623,1
187633,1
187643,1
187654,1
187664,2
187675,0
187685,0
187696,1
187706,2
187716,1
187726,1
187737,1
187748,0
187758,1
187768,1
187779,1
187789,1
187799,0
187810,1
187821,1
187831,1
187841,0
187851,1
187862,1
187872,1
187883,1
187893,2
187904,1
187914,1
187924,1
187934,1
187945,0
187956,1
187966,1
187976,0
187986,1
187997,1
188008,1
188018,1
188028,1
188039,1
188049,1
188059,1
188069,1
188081,1
188091,0
188101,1
188111,1
188122,1
188132,1
188143,1
188153,1
188164,0
188174,1
188184,1
188194,1
188205,1
188216,0
188226,1
188236,1
188247,1
188257,1
188267,1
188278,0
188289,1
188299,1
188309,1
188319,1
188329,0
188341,1
188351,1
188361,1
188371,1
188382,1
188392,1
188402,1
188413,0
188424,1
188434,1
188444,1
188454,1
188465,1
188476,1
188486,0
188496,1
188507,1
188517,1
188527,1
188537,1
188549,1
188559,1
188569,1
188579,0
188590,0
188600,1
188611,1
188621,1
188632,1
188642,1
188652,1
188662,1
188674,1
188684,1
188694,1
188704,0
188715,1
188725,2
188735,1
188746,1
188756,1
188767,1
188777,1
188787,1
188797,1
188809,1
188819,1
188829,1
188839,0
188850,1
188860,1
188870,0
188881,1
188892,1
188902,1
188912,1
188922,1
188933,1
188944,0
188954,1
188964,1
188975,1
188985,1
188995,1
189006,1
189017,1
189027,1
189037,1
189047,0
189058,1
189068,1
189079,1
189089,1
189100,1
189110,1
189120,1
189130,1
189142,2
189152,1
189162,1
189172,1
189182,1
189193,1
189203,1
189214,1
189224,1
189235,1
189245,1
189255,1
189265,1
189277,1
189287,1
189297,1
189307,0
189318,1
189328,1
189339,1
189349,1
189360,2
189370,0
189380,1
189390,1
189401,1
189412,1
189422,1
189432,1
189443,1
189453,0
189463,1
189474,1
189485,1
189495,1
189505,1
189515,0
189526,1
189536,0
189547,1
189557,1
189568,1
189578,1
189588,1
189598,1
189609,0
189620,1
189630,1
189640,1
189650,1
189661,1
189672,1
189682,0
189692,1
189703,1
189713,0
189723,1
189733,1
189745,0
189755,1
189765,1
189775,1
189786,0
189796,1
189807,1
189817,1
189828,1
189838,1
189848,0
189858,0
189869,0
189880,0
189890,1
189900,1
189911,1
189921,1
189931,0
189942,1
189953,1
189963,0
189973,2
189983,1
189993,0
190005,1
190015,1
190025,1
190035,1
190046,0
190056,1
190066,1
190077,2
190088,1
190098,1
190108,1
190118,1
190129,1
190140,0
190150,1
190160,1
190171,1
190181,1
190191,1
190201,0
190213,1
190223,0
190233,1
190243,1
190254,1
190264,1
190275,1
190285,1
190296,0
190306,0
190316,1
190326,1
190338,0
190348,1
190358,1
190368,0
190379,2
190389,1
190399,1
190410,1
190420,0
190431,0
190441,1
190451,1
190461,1
190473,1
190483,0
190493,0
190503,1
190514,1
190524,0
190534,1
190545,1
190556,1
190566,1
190576,1
190586,1
190597,1
190608,1
190618,1
190628,1
190639,1
190649,1
190659,0
190670,1
190681,1
190691,1
190701,1
190711,1
190722,1
190732,2
190743,1
190753,1
190764,1
190774,1
190784,2
190794,1
190806,1
190816,1
190826,0
190836,1
190846,1
190857,1
190867,1
190878,0
190888,1
190899,2
190909,1
190919,1
190929,1
190941,1
190951,1
190961,1
190971,1
190982,0
190992,1
191003,0
191013,0
191024,1
191034,1
191044,1
191054,1
191065,1
191076,1
191086,1
191096,1
191107,2
191117,1
191127,1
191138,1
191149,1
191159,1
191169,1
191179,1
191190,1
191200,1
191211,0
191221,1
191232,2
191242,1
191252,1
191262,1
191273,1
191284,1
191294,1
191304,1
191314,1
191325,0
191336,1
191346,1
191356,1
191367,1
191377,0
191387,1
191397,1
191409,0
191419,0
191429,0
191439,1
191450,0
191460,0
191471,1
191481,0
191492,1
191502,1
191512,1
191522,0
191533,1
191544,1
191554,1
191564,1
191575,1
191585,1
191595,0
191606,1
191617,0
191627,0
191637,1
191647,1
191657,1
191669,0
191679,1
191689,1
191699,0
191710,1
191720,1
191730,1
191741,1
191752,0
191762,1
191772,0
191782,1
191793,0
191804,1
191814,1
191824,1
191835,1
191845,0
191855,1
191865,1
191877,0
191887,1
191897,1
191907,1
191918,1
191928,1
191939,1
191949,1
191960,1
191970,0
191980,1
191990,1
192002,1
192012,0
192022,1
192032,1
192043,0
192053,1
192063,1
192074,0
192084,1
192095,1
192105,1
192115,0
192125,1
192137,1
192147,1
192157,1
192167,1
192178,1
192188,0
192198,1
192209,1
192220,0
192230,1
192240,1
192250,0
192261,0
192272,1
192282,1
192292,2
192303,1
192313,1
192323,1
192334,1
192345,1
192355,0
192365,0
192375,1
192386,1
192396,1
192407,0
192417,2
192428,1
192438,0
192448,0
192458,2
192470,1
192480,1
192490,1
192500,1
192510,0
192521,0
192531,1
192542,1
192552,1
192563,1
192573,1
192583,1
192593,1
192605,1
192615,1
192625,0
192635,0
192646,1
192656,0
192667,1
192677,1
192688,1
192698,0
192708,1
192718,1
192729,1
192740,1
192750,1
192760,1
192771,1
192781,1
192791,1
192802,1
192813,1
192823,2
192833,1
192843,1
192854,1
192864,1
192875,1
192885,0
192896,0
192906,0
192916,1
192926,1
192937,1
192948,1
192958,0
192968,1
192978,1
192989,1
193000,1
193010,1
193020,1
193031,0
193041,1
193051,1
193061,1
193073,1
193083,1
193093,0
193103,1
193114,1
193124,0
193135,1
193145,0
193156,1
193166,1
193176,1
193186,0
193197,0
193208,0
193218,1
193228,1
193239,0
193249,2
193259,1
193270,1
193281,1
193291,0
193301,1
193311,0
193321,1
193333,0
193343,0
193353,1
193363,1
193374,1
193384,1
193394,0
193405,1
193416,1
193426,0
193436,0
193446,1
193457,0
193468,1
193478,1
193488,1
193499,1
193509,0
193519,0
193529,1
193541,1
193551,0
193561,1
193571,1
193582,1
193592,1
193603,1
193613,0
193624,0
193634,1
193644,1
193654,1
193666,0
193676,1
193686,0
193696,1
193707,1
193717,1
193727,0
193738,1
193748,0
193759,1
193769,1
193779,1
193789,1
193801,1
193811,1
193821,1
193831,0
193842,1
193852,0
193862,1
193873,0
193884,1
193894,0
193904,1
193914,1
193925,1
193936,0
193946,1
193956,1
193967,0
193977,0
193987,1
193998,0
194009,1
194019,1
194029,1
194039,1
194050,1
194060,1
194071,1
194081,0
194092,1
194102,1
194112,0
194122,1
194134,1
194144,1
194154,1
194164,0
194174,0
194185,0
194195,0
194206,1
194216,1
194227,0
194237,1
194247,1
194257,1
194269,1
194279,1
194289,0
194299,1
194310,1
194320,1
194331,1
194341,1
194352,1
194362,1
194372,1
194382,0
194393,0
194404,0
194414,1
194424,0
194435,1
194445,0
194455,1
194466,0
194477,1
194487,1
194497,0
194507,1
194518,0
194528,1
194539,1
194549,1
194560,0
194570,0
194580,1
194590,0
194601,1
194612,1
194622,1
194632,1
194642,1
194653,1
194664,1
194674,0
194684,1
194695,1
194705,1
194715,1
194725,1
194737,1
194747,0
194757,2
194767,0
194778,1
194788,1
194799,1
194809,1
194820,1
194830,1
194840,1
194850,1
194861,1
194872,0
194882,1
194892,1
194903,1
194913,1
194923,0
194934,1
194945,1
194955,1
194965,1
194975,2
194985,0
194997,0
195007,1
195017,0
195027,1
195038,1
195048,1
195058,1
195069,1
195080,1
195090,1
195100,1
195110,1
195121,1
195132,0
195142,1
195152,1
195163,0
195173,0
195183,0
195193,1
195205,1
195215,0
195225,1
195235,1
195246,0
195256,1
195267,2
195277,0
195288,0
195298,1
195308,1
195318,1
195330,1
195340,1
195350,1
195360,1
195371,1
195381,0
195391,1
195402,1
195412,1
195423,0
195433,1
195443,1
195453,0
195465,1
195475,0
195485,0
195495,1
195506,1
195516,1
195526,1
195537,0
195548,1
195558,1
195568,1
195578,0
195589,1
195600,1
195610,1
195620,1
195631,0
195641,1
195651,1
195662,2
195673,1
195683,1
195693,1
195703,1
195714,0
195724,1
195735,1
195745,1
195756,1
195766,1
195776,1
195786,1
195798,0
195808,1
195818,1
195828,1
195838,1
195849,1
195859,1
195870,1
195880,1
195891,1
195901,1
195911,0
195921,1
195933,1
195943,1
195953,0
195963,0
195974,1
195984,1
195995,1
196005,0
196016,1
196026,1
196036,1
196046,1
196057,2
196068,1
196078,1
196088,1
196099,1
196109,1
196119,0
196130,0
196141,1
196151,1
196161,1
196171,0
196182,0
196192,1
196203,0
196213,1
196224,1
196234,0
196244,1
196254,0
196265,1
196276,1
196286,1
196296,1
196306,1
196317,1
196328,1
196338,1
196348,1
196359,1
196369,0
196379,0
196389,1
196401,1
196411,1
196421,1
196431,1
196442,1
196452,1
196463,1
196473,1
196484,1
196494,1
196504,1
196514,1
196525,1
196536,1
196546,0
196556,0
196567,1
196577,1
196587,0
196598,0
196609,0
196619,1
196629,0
196639,1
196649,1
196661,1
196671,1
196681,1
196691,1
196702,1
196712,1
196722,1
196733,0
196744,1
196754,1
196764,2
196774,0
196785,1
196796,1
196806,0
196816,1
196827,0
196837,1
196847,1
196857,1
196869,1
196879,1
196889,1
196899,1
196910,0
196920,0
196931,1
196941,1
196952,1
196962,1
196972,1
196982,2
196994,0
197004,1
197014,1
197024,1
197035,1
197045,0
197055,1
197066,1
197076,1
197087,1
197097,1
197107,1
197117,0
197129,1
197139,1
197149,1
197159,1
197170,0
197180,1
197190,1
197201,1
197212,0
197222,1
197232,1
197242,0
197253,1
197264,1
197274,0
197284,1
197295,1
197305,1
197315,0
197326,1
197337,1
197347,0
197357,1
197367,0
197378,0
197388,1
197399,1
197409,0
197420,1
197430,1
197440,1
197450,1
197462,1
197472,0
197482,1
197492,1
197502,1
197513,0
197523,1
197534,1
197544,0
197555,1
197565,0
197575,1
197585,1
197597,1
197607,0
197617,1
197627,0
197638,0
197648,1
197659,0
197669,0
197680,1
197690,1
197700,1
197710,1
197721,1
197732,1
197742,1
197752,0
197763,0
197773,1
197783,1
197794,1
197805,0
197815,1
197825,1
197835,1
197846,1
197856,1
197867,0
197877,1
197888,1
197898,0
197908,0
197918,1
197929,0
197940,0
197950,1
197960,1
197970,1
197981,1
197992,1
198002,1
198012,0
198023,1
198033,0
198043,0
198053,0
198065,1
198075,2
198085,1
198095,0
198106,1
198116,0
198127,1
198137,1
198148,1
198158,1
198168,1
198178,1
198189,1
198200,2
198210,0
198220,1
198231,0
198241,1
198251,1
198262,1
198273,0
198283,1
198293,1
198303,0
198313,1
198325,1
198335,1
198345,1
198355,1
198366,1
198376,1
198386,0
198397,0
198408,0
198418,1
198428,1
198438,1
198449,0
198460,0
198470,1
198480,1
198491,1
198501,1
198511,0
198521,1
198533,1
198543,2
198553,0
198563,0
198574,0
198584,0
198595,1
198605,1
198616,1
198626,1
198636,0
198646,1
198658,1
198668,1
198678,1
198688,0
198699,0
198709,1
198719,1
198730,1
198740,0
198751,0
198761,1
198771,0
198781,1
198793,0
198803,2
198813,0
198823,2
198834,0
198844,1
198854,0
198865,1
198876,1
198886,0
198896,1
198906,1
198917,0
198928,0
198938,1
198948,1
198959,0
198969,1
198979,1
198990,0
199001,1
199011,1
199021,0
199031,2
199042,1
199052,1
199063,1
199073,1
199084,0
199094,1
199104,1
199114,1
199126,0
199136,1
199146,1
199156,1
199166,1
199177,0
199187,1
199198,1
199208,1
199219,1
199229,1
199239,1
199249,1
199261,1
199271,0
199281,1
199291,1
199302,1
199312,0
199323,0
199333,1
199344,1
199354,1
199364,1
199374,0
199385,1
199396,0
199406,0
199416,0
199427,1
199437,1
199447,0
199458,1
199469,1
199479,1
199489,1
199499,1
199510,1
199520,1
199531,1
199541,1
199552,1
199562,1
199572,1
199582,1
199593,0
199604,1
199614,1
199624,1
199634,1
199645,1
199656,1
199666,0
199676,1
199687,1
199697,1
199707,0
199717,1
199729,1
199739,1
199749,1
199759,1
199770,1
199780,1
199791,0
199801,0
199812,1
199822,1
199832,1
199842,1
199853,0
199864,1
199874,1
199884,1
199895,1
199905,1
199915,0
199926,1
199937,1
199947,0
199957,1
199967,0
199977,1
199989,0
199999,0
200009,1
200019,1
200030,1
200040,1
200050,1
200061,0
200072,1
200082,0
200092,0
200102,1
200113,1
200124,1
200134,1
200144,0
200155,0
200165,1
200175,1
200185,1
200197,1
200207,1
200217,1
200227,1
200238,0
200248,1
200259,1
200269,0
200280,0
200290,1
200300,0
200310,0
200322,0
200332,1
200342,1
200352,1
200363,1
200373,1
200383,1
200394,1
200404,1
200415,1
200425,1
200435,0
200445,1
200457,1
200467,1
200477,1
200487,1
200498,1
200508,1
200518,1
200529,1
200540,1
200550,1
200560,0
200570,1
200581,1
200592,0
200602,0
200612,1
200623,0
200633,1
200643,0
200654,1
200665,1
200675,1
200685,1
200695,0
200706,0
200716,1
200727,0
200737,1
200748,0
200758,1
200768,1
200778,1
200790,1
200800,1
200810,1
200820,1
200830,1
200841,1
200851,0
200862,1
200872,0
200883,1
200893,1
200903,1
200913,1
200925,1
200935,1
200945,1
200955,1
200966,1
200976,0
200987,1
200997,1
201008,0
201018,0
201028,1
201038,1
201049,1
201060,1
201070,1
201080,1
201091,1
201101,1
201111,1
201122,1
201133,1
201143,0
201153,0
201163,1
201174,1
201184,1
201195,1
201205,1
201216,0
201226,0
201236,0
201246,1
201257,1
201268,1
201278,1
201288,1
201298,1
201309,0
201320,0
201330,0
201340,1
201351,0
201361,1
201371,1
201381,1
201393,0
201403,1
201413,0
201423,1
201434,1
201444,1
201455,1
201465,1
201476,1
201486,1
201496,1
201506,0
201517,1
201528,1
201538,1
201548,1
201559,0
201569,2
201579,1
201590,1
201601,0
201611,1
201621,1
201631,1
201641,1
201653,1
201663,1
201673,1
201683,1
201694,0
201704,1
201714,0
201725,1
201736,0
201746,1
201756,1
201766,1
201777,1
201788,1
201798,1
201808,1
201819,0
201829,1
201839,1
201849,1
201861,0
201871,0
201881,1
201891,0
201902,0
201912,1
201923,1
201933,1
201944,1
201954,1
201964,0
201974,1
201986,1
201996,0
202006,1
202016,0
202027,1
202037,1
202047,1
202058,0
202068,0
202079,1
202089,1
202099,0
202109,1
202121,1
202131,1
202141,1
202151,1
202162,0
202172,1
202182,1
202193,1
202204,1
202214,0
202224,1
202234,0
202245,1
202256,1
202266,1
202276,1
202287,0
202297,1
202307,1
202318,0
202329,0
202339,1
202349,1
202359,0
202370,1
202380,0
202391,1
202401,1
202412,0
202422,1
202432,0
202442,0
202454,1
202464,1
202474,1
202484,1
202494,1
202505,1
202515,1
202526,1
202536,1
202547,1
202557,1
202567,0
202577,0
202589,1
202599,1
202609,0
202619,0
202630,1
202640,0
202651,1
202661,1
202672,0
202682,0
202692,0
202702,1
202713,1
202724,1
202734,1
202744,0
202755,0
202765,1
202775,1
202786,1
202797,0
202807,1
202817,0
202827,0
202838,1
202848,0
202859,0
202869,1
202880,1
202890,1
202900,1
202910,1
202921,1
202932,1
202942,1
202952,0
202962,0
202973,0
202984,1
202994,1
203004,0
203015,0
203025,1
203035,1
203045,1
203057,1
203067,1
203077,2
203087,0
203098,0
203108,0
203119,1
203129,1
203140,1
203150,0
203160,1
203170,1
203181,1
203192,0
203202,1
203212,0
203223,0
203233,1
203243,0
203254,1
203265,0
203275,1
203285,1
203295,1
203305,0
203317,0
203327,1
203337,1
203347,1
203358,1
203368,1
203378,1
203389,0
203400,1
203410,1
203420,1
203430,0
203441,1
203452,0
203462,1
203472,1
203483,1
203493,1
203503,1
203513,1
203525,1
203535,0
203545,1
203555,1
203566,0
203576,1
203587,1
203597,1
203608,1
203618,1
203628,0
203638,2
203650,1
203660,1
203670,1
203680,0
203691,1
203701,0
203711,1
203722,1
203732,1
203743,1
203753,1
203763,1
203773,0
203785,0
203795,1
203805,0
203815,1
203826,1
203836,1
203846,1
203857,1
203868,0
203878,1
203888,0
203898,1
203909,1
203920,1
203930,1
203940,0
203951,1
203961,1
203971,1
203982,1
203993,0
204003,2
204013,1
204023,0
204034,1
204044,1
204055,1
204065,1
204076,1
204086,1
204096,1
204106,1
204118,1
204128,1
204138,0
204148,1
204158,1
204169,1
204179,1
204190,0
204200,1
204211,1
204221,1
204231,0
204241,1
204253,0
204263,1
204273,0
204283,1
204294,0
204304,1
204315,0
204325,1
204336,1
204346,1
204356,1
204366,1
204377,0
204388,1
204398,1
204408,0
204419,1
204429,1
204439,0
204450,2
204461,1
204471,2
204481,1
204491,1
204502,1
204512,1
204523,0
204533,1
204544,1
204554,1
204564,1
204574,0
204585,1
204596,1
204606,1
204616,1
204626,1
204637,1
204648,1
204658,1
204668,1
204679,1
204689,1
204699,1
204709,1
204721,1
204731,1
204741,1
204751,1
204762,0
204772,0
204783,0
204793,0
204804,1
204814,1
204824,1
204834,1
204845,0
204856,0
204866,1
204876,1
204887,1
204897,1
204907,1
204918,1
204929,1
204939,1
204949,1
204959,1
204969,1
204981,1
204991,1
205001,1
205011,1
205022,1
205032,1
205042,1
205053,1
205064,0
205074,1
205084,0
205094,1
205105,1
205116,1
205126,1
205136,0
205147,1
205157,1
205167,1
205177,1
205189,1
205199,2
205209,0
205219,1
205230,1
205240,1
205251,1
205261,0
205272,1
205282,1
205292,1
205302,0
205314,0
205324,1
205334,1
205344,1
205355,1
205365,0
205375,1
205386,0
205396,1
205407,0
205417,1
205427,1
205437,1
205449,1
205459,1
205469,1
205479,1
205490,1
205500,1
205510,1
205521,1
205532,0
205542,1
205552,1
205562,1
205573,2
205584,1
205594,1
205604,1
205615,1
205625,1
205635,1
205646,1
205657,1
205667,1
205677,0
205687,1
205698,1
205708,1
205719,1
205729,1
205740,1
205750,0
205760,1
205770,1
205782,1
205792,1
205802,1
205812,1
205822,1
205833,2
205843,0
205854,0
205864,1
205875,1
205885,1
205895,1
205905,1
205917,1
205927,1
205937,1
205947,0
205958,0
205968,0
205979,0
205989,1
206000,0
206010,0
206020,0
206030,0
206041,1
206052,1
206062,0
206072,1
206083,0
206093,1
206103,1
206114,1
206125,0
206135,1
206145,0
206155,0
206166,1
206176,0
206187,1
206197,0
206208,0
206218,1
206228,1
206238,1
206249,1
206260,1
206270,1
206280,1
206290,1
206301,1
206312,1
206322,0
206332,1
206343,1
206353,0
206363,1
206373,1
206385,1
206395,1
206405,2
206415,1
206426,1
206436,0
206447,1
206457,0
206468,1
206478,1
206488,1
206498,0
206509,1
206520,1
206530,1
206540,0
206551,1
206561,1
206571,0
206582,0
206593,0
206603,0
206613,0
206623,1
206633,1
206645,0
206655,0
206665,1
206675,0
206686,1
206696,1
206706,0
206717,1
206728,0
206738,1
206748,1
206758,1
206769,1
206780,0
206790,1
206800,1
206811,1
206821,1
206831,1
206841,0
206853,1
206863,1
206873,0
206883,0
206894,1
206904,1
206915,2
206925,1
206936,0
206946,0
206956,1
206966,1
206978,1
206988,1
206998,0
207008,0
207019,1
207029,1
207039,1
207050,1
207060,0
207071,1
207081,0
207091,1
207101,0
207113,1
207123,1
207133,0
207143,1
207154,1
207164,0
207174,1
207185,0
207196,0
207206,1
207216,1
207226,0
207237,1
207248,1
207258,2
207268,1
207279,1
207289,1
207299,0
207310,1
207321,1
207331,1
207341,1
207351,1
207362,0
207372,1
207383,1
207393,1
207404,1
207414,1
207424,1
207434,0
207446,0
207456,0
207466,1
207476,0
207486,0
207497,0
207507,1
207518,0
207528,1
207539,1
207549,1
207559,1
207569,1
207581,1
207591,0
207601,1
207611,0
207622,0
207632,1
207643,0
207653,0
207664,1
207674,1
207684,0
207694,1
207705,0
207716,1
207726,0
207736,1
207747,0
207757,1
207767,1
207778,0
207789,1
207799,1
207809,0
207819,1
207830,1
207840,0
207851,0
207861,1
207872,0
207882,0
207892,0
207902,1
207913,0
207924,1
207934,1
207944,0
207954,1
207965,1
207976,1
207986,1
207996,1
208007,1
208017,0
208027,0
208037,0
208049,0
208059,0
208069,1
208079,1
208090,1
208100,0
208111,0
208121,1
208132,1
208142,1
208152,1
208162,0
208173,1
208184,1
208194,1
208204,1
208215,1
208225,0
208235,0
208246,1
208257,0
208267,2
208277,0
208287,0
208297,1
208309,0
208319,0
208329,1
208339,0
208350,0
208360,1
208370,1
208381,1
208392,0
208402,1
208412,1
208422,1
208433,1
208444,1
208454,1
208464,1
208475,1
208485,0
208495,1
208505,0
208517,1
208527,0
208537,1
208547,1
208558,1
208568,1
208579,1
208589,0
208600,0
208610,1
208620,0
208630,1
208642,0
208652,1
208662,0
208672,1
208683,0
208693,0
208703,1
208714,0
208724,1
208735,0
208745,1
208755,0
208765,1
208777,0
208787,1
208797,1
208807,0
208818,1
208828,1
208838,1
208849,1
208860,1
208870,0
208880,0
208890,0
208901,0
208912,1
208922,1
208932,1
208943,0
208953,1
208963,0
208974,1
208985,1
208995,1
209005,0
209015,1
209026,1
209036,1
209047,1
209057,0
209068,1
209078,1
209088,1
209098,1
209110,1
209120,0
209130,0
209140,1
209150,0
209161,0
209171,0
209182,1
209192,0
209203,1
209213,1
209223,0
209233,0
209245,0
209255,0
209265,1
209275,1
209286,1
209296,1
209307,1
209317,0
209328,1
209338,0
209348,0
209358,1
209369,1
209380,0
209390,1
209400,0
209411,1
209421,1
209431,0
209442,2
209453,1
209463,1
209473,1
209483,1
209494,0
209504,1
209515,0
209525,1
209536,1
209546,1
209556,1
209566,1
209577,1
209588,1
209598,1
209608,1
209618,0
209629,1
209640,1
209650,0
209660,1
209671,1
209681,0
209691,1
209701,0
209713,1
209723,0
209733,0
209743,1
209754,1
209764,1
209775,1
209785,0
209796,1
209806,1
209816,0
209826,1
209837,1
209848,1
209858,0
209868,1
209879,1
209889,1
209899,1
209910,0
209921,0
209931,1
209941,1
209951,1
209961,0
209973,0
209983,1
209993,0
210003,1
210014,1
210024,1
210034,1
210045,1
210056,0
210066,0
210076,0
210086,1
210097,1
210108,1
210118,1
210128,1
210139,1
210149,0
210159,1
210169,0
210181,1
210191,1
210201,0
210211,1
210222,1
210232,1
210243,1
210253,0
210264,1
210274,1
210284,1
210294,1
210306,0
210316,1
210326,1
210336,1
210347,0
210357,0
210367,0
210378,1
210388,1
210399,1
210409,1
210419,1
210429,1
210441,0
210451,0
210461,0
210471,0
210482,1
210492,1
210502,1
210513,1
210524,1
210534,1
210544,1
210554,1
210565,1
210576,1
210586,0
210596,0
210607,0
210617,1
210627,0
210638,0
210649,0
210659,1
210669,0
210679,0
210690,1
210700,1
210711,0
210721,0
210732,0
210742,1
210752,1
210762,0
210774,1
210784,1
210794,0
210804,0
210814,1
210825,1
210835,1
210846,0
210856,1
210867,0
210877,1
210887,1
210897,1
210909,0
210919,0
210929,1
210939,0
210950,1
210960,1
210971,1
210981,1
210992,0
211002,0
211012,1
211022,1
211033,1
211044,1
211054,1
211064,1
211075,0
211085,1
211095,1
211106,0
211117,0
211127,0
211137,1
211147,0
211158,1
211168,0
211179,1
211189,1
211200,0
211210,0
211220,1
211230,1
211241,0
211252,0
211262,0
211272,1
211282,1
211293,0
211304,1
211314,0
211324,1
211335,1
211345,0
211355,1
211365,0
211377,0
211387,1
211397,1
211407,1
211418,1
211428,1
211439,1
211449,0
211460,1
211470,1
211480,0
211490,1
211501,0
211512,1
211522,0
211532,1
211543,1
211553,1
211563,0
211574,0
211585,1
211595,1
211605,1
211615,0
211625,1
211637,0
211647,1
211657,1
211667,1
211678,0
211688,0
211698,1
211709,1
211720,0
211730,1
211740,1
211750,1
211761,1
211772,1
211782,1
211792,0
211803,1
211813,1
211823,1
211833,1
211845,1
211855,1
211865,1
211875,0
211886,0
211896,1
211907,0
211917,2
211928,1
211938,0
211948,1
211958,1
211970,0
211980,1
211990,0
212000,0
212011,1
212021,0
212031,0
212042,1
212052,1
212063,0
212073,1
212083,1
212093,1
212105,0
212115,1
212125,1
212135,1
212146,1
212156,1
212166,1
212177,1
212188,0
212198,0
212208,0
212218,0
212229,0
212240,1
212250,0
212260,0
212271,1
212281,0
212291,1
212302,1
212313,1
212323,1
212333,0
212343,1
212354,0
212364,1
212375,1
212385,0
212396,1
212406,1
212416,1
212426,1
212438,1
212448,0
212458,1
212468,1
212478,1
212489,0
212499,0
212510,1
212520,1
212531,1
212541,0
212551,2
212561,0
212573,0
212583,0
212593,1
212603,1
212614,1
212624,0
212635,0
212645,0
212656,1
212666,1
212676,1
212686,1
212697,2
212708,0
212718,0
212728,0
212739,0
212749,1
212759,0
212770,1
212781,1
212791,1
212801,1
212811,0
212822,1
212832,1
212843,1
212853,1
212864,0
212874,0
212884,0
212894,1
212905,1
212916,1
212926,0
212936,1
212946,0
212957,1
212968,0
212978,1
212988,0
212999,1
213009,1
213019,0
213029,1
213041,0
213051,0
213061,0
213071,1
213082,0
213092,1
213103,1
213113,1
213124,0
213134,1
213144,0
213154,1
213165,1
213176,0
213186,0
213196,1
213207,1
213217,1
213227,0
213238,1
213249,0
213259,1
213269,1
213279,1
213289,1
213301,0
213311,0
213321,0
213331,0
213342,1
213352,1
213362,1
213373,0
213384,1
213394,0
213404,1
213414,1
213425,0
213436,0
213446,0
213456,0
213467,1
213477,0
213487,1
213497,0
213509,1
213519,0
213529,1
213539,1
213550,1
213560,1
213571,0
213581,0
213592,1
213602,0
213612,0
213622,0
213634,0
213644,1
213654,0
213664,1
213675,0
213685,1
213695,1
213706,1
213716,1
213727,1
213737,0
213747,0
213757,1
213769,1
213779,1
213789,1
213799,1
213810,1
213820,0
213830,0
213841,0
213852,1
213862,1
213872,1
213882,1
213893,1
213904,1
213914,0
213924,1
213935,0
213945,1
213955,0
213966,0
213977,1
213987,1
213997,0
214007,1
214018,1
214028,1
214039,0
214049,0
214060,1
214070,0
214080,0
214090,1
214102,1
214112,0
214122,1
214132,1
214142,0
214153,0
214163,1
214174,0
214184,1
214195,0
214205,1
214215,1
214225,0
214237,0
214247,0
214257,1
214267,0
214278,1
214288,0
214299,1
214309,1
214320,0
214330,1
214340,1
214350,1
214361,0
214372,0
214382,1
214392,0
214403,1
214413,0
214423,1
214434,0
214445,0
214455,0
214465,1
214475,0
214486,1
214496,0
214507,0
214517,0
214528,0
214538,1
214548,1
214558,1
214569,1
214580,0
214590,1
214600,1
214610,0
214621,1
214632,1
214642,1
214652,0
214663,1
214673,1
214683,1
214693,1
214705,1
214715,1
214725,0
214735,1
214746,1
214756,0
214767,1
214777,0
214788,0
214798,0
214808,0
214818,0
214829,0
214840,0
214850,0
214860,0
214871,0
214881,1
214891,0
214902,1
214913,1
214923,1
214933,1
214943,0
214953,1
214965,0
214975,0
214985,1
214995,0
215006,1
215016,1
215026,1
215037,1
215048,1
215058,0
215068,0
215078,1
215089,1
215100,0
215110,0
215120,0
215131,0
215141,0
215151,1
215161,1
215173,1
215183,1
215193,0
215203,1
215214,1
215224,1
215235,1
215245,1
215256,0
215266,1
215276,1
215286,0
215298,0
215308,1
215318,1
215328,0
215339,0
215349,1
215359,1
215370,1
215380,0
215391,1
215401,1
215411,0
215421,1
215433,0
215443,0
215453,0
215463,1
215474,0
215484,1
215494,0
215505,1
215516,1
215526,0
215536,1
215546,1
215557,1
215568,1
215578,0
215588,0
215599,0
215609,1
215619,1
215630,0
215641,1
215651,1
215661,0
215671,0
215682,1
215692,0
215703,1
215713,1
215724,0
215734,1
215744,0
215754,1
215766,0
215776,1
215786,0
215796,0
215806,1
215817,1
215827,1
215838,1
215848,1
215859,1
215869,1
215879,0
215889,0
215901,1
215911,1
215921,0
215931,1
215942,1
215952,1
215963,0
215973,0
215984,1
215994,0
216004,1
216014,1
216025,0
216036,0
216046,1
216056,0
216067,1
216077,0
216087,0
216098,0
216109,1
216119,0
216129,1
216139,0
216150,0
216160,1
216171,1
216181,0
216192,0
216202,1
216212,1
216222,1
216233,1
216244,1
216254,0
216264,1
216274,1
216285,0
216296,1
216306,1
216316,0
216327,1
216337,1
216347,1
216357,1
216369,1
216379,1
216389,0
216399,0
216410,1
216420,1
216431,0
216441,1
216452,0
216462,0
216472,0
216482,0
216493,1
216504,0
216514,1
216524,1
216535,0
216545,0
216555,0
216566,0
216577,0
216587,1
216597,1
216607,1
216617,0
216629,0
216639,1
216649,0
216659,1
216670,0
216680,1
216690,0
216701,0
216712,1
216722,1
216732,0
216742,0
216753,1
216764,0
216774,0
216784,0
216795,1
216805,1
216815,0
216825,0
216837,1
216847,0
216857,1
216867,0
216878,0
216888,0
216899,0
216909,0
216920,0
216930,0
216940,1
216950,1
216962,0
216972,0
216982,0
216992,1
217003,0
217013,0
217023,0
217034,0
217044,1
217055,0
217065,0
217075,1
217085,0
217097,1
217107,0
217117,0
217127,0
217138,1
217148,1
217158,1
217169,0
217180,1
217190,1
217200,1
217210,1
217221,0
217232,1
217242,0
217252,0
217263,1
217273,0
217283,1
217294,0
217305,0
217315,0
217325,0
217335,0
217346,0
217356,1
217367,1
217377,1
217388,0
217398,0
217408,1
217418,1
217430,1
217440,1
217450,0
217460,0
217470,1
217481,0
217491,1
217502,1
217512,0
217523,1
217533,1
217543,1
217553,1
217565,1
217575,0
217585,1
217595,1
217606,0
217616,0
217627,1
217637,1
217648,1
217658,0
217668,1
217678,0
217689,1
217700,0
217710,0
217720,0
217731,1
217741,1
217751,1
217762,0
217773,0
217783,0
217793,1
217803,1
217814,0
217824,0
217835,1
217845,1
217856,1
217866,0
217876,1
217886,0
217897,1
217908,0
217918,1
217928,1
217938,1
217949,0
217960,1
217970,0
217980,0
217991,0
218001,0
218011,1
218021,0
218033,0
218043,1
218053,0
218063,1
218074,0
218084,0
218095,1
218105,1
218116,1
218126,0
218136,0
218146,0
218157,0
218168,0
218178,1
218188,1
218199,1
218209,0
218219,0
218230,1
218241,0
218251,0
218261,0
218271,1
218281,1
218293,0
218303,0
218313,0
218323,0
218334,0
218344,1
218354,0
218365,0
218376,1
218386,0
218396,1
218406,1
218417,1
218428,1
218438,0
218448,0
218459,0
218469,1
218479,1
218489,1
218501,0
218511,0
218521,1
218531,1
218542,1
218552,0
218563,0
218573,0
218584,1
218594,0
218604,0
218614,1
218626,1
218636,0
218646,1
218656,0
218667,0
218677,1
218687,0
218698,0
218708,0
218719,0
218729,0
218739,0
218749,0
218761,0
218771,1
218781,0
218791,0
218802,1
218812,1
218822,0
218833,0
218844,0
218854,0
218864,0
218874,1
218885,1
218896,0
218906,1
218916,0
218927,0
218937,1
218947,0
218958,1
218969,1
218979,0
218989,0
218999,1
219010,0
219020,1
219031,0
219041,0
219052,0
219062,0
219072,1
219082,0
219094,0
219104,0
219114,1
219124,0
219134,1
219145,1
219155,0
219166,1
219176,0
219187,0
219197,0
219207,1
219217,0
219229,0
219239,1
219249,1
219259,0
219270,1
219280,0
219291,0
219301,0
219312,0
219322,1
219332,0
219342,1
219353,1
219364,0
219374,1
219384,0
219395,0
219405,0
219415,1
219426,0
219437,1
219447,1
219457,0
219467,0
219478,0
219488,0
219499,1
219509,0
219520,0
219530,0
219540,0
219550,1
219561,0
219572,1
219582,0
219592,1
219602,0
219613,0
219624,1
219634,1
219644,0
219655,0
219665,1
219675,1
219685,1
219697,1
219707,1
219717,1
219727,0
219738,1
219748,1
219759,0
219769,1
219780,0
219790,0
219800,1
219810,0
219821,1
219832,0
219842,0
219852,1
219863,1
219873,1
219883,1
219894,1
219905,1
219915,0
219925,0
219935,0
219945,0
219957,1
219967,0
219977,0
219987,1
219998,1
220008,0
220018,1
220029,0
220040,0
220050,0
220060,0
220070,0
220081,0
220092,1
220102,1
220112,1
220123,0
220133,0
220143,1
220153,0
220165,0
220175,1
220185,0
220195,0
220206,1
220216,1
220227,1
220237,1
220248,1
220258,1
220268,1
220278,1
220290,0
220300,1
220310,0
220320,1
220331,0
220341,1
220351,0
220362,1
220372,0
220383,1
220393,0
220403,0
220413,1
220425,0
220435,0
220445,1
220455,1
220466,1
220476,0
220486,0
220497,0
220508,0
220518,0
220528,1
220538,0
220549,1
220560,1
220570,0
220580,0
220591,0
220601,1
220611,1
220622,1
220633,1
220643,0
220653,0
220663,1
220674,1
220684,0
220695,0
220705,0
220716,1
220726,0
220736,0
220746,0
220758,0
220768,0
220778,0
220788,0
220798,0
220809,0
220819,0
220830,0
220840,0
220851,0
220861,1
220871,0
220881,0
220893,0
220903,1
220913,1
220923,0
220934,0
220944,0
220955,0
220965,0
220976,0
220986,1
220996,0
221006,0
221017,0
221028,1
221038,1
221048,0
221059,1
221069,0
221079,1
221090,1
221101,1
221111,1
221121,0
221131,0
221142,0
221152,0
221163,0
221173,1
221184,0
221194,1
221204,1
221214,0
221225,0
221236,1
221246,1
221256,0
221266,0
221277,0
221288,1
221298,1
221308,1
221319,0
221329,1
221339,0
221349,0
221361,0
221371,1
221381,1
221391,1
221402,0
221412,0
221423,0
221433,0
221444,0
221454,1
221464,0
221474,0
221485,0
221496,1
221506,0
221516,1
221527,1
221537,0
221547,0
221558,1
221569,1
221579,1
221589,0
221599,0
221609,0
221621,0
221631,1
221641,0
221651,0
221662,1
221672,1
221682,0
221693,0
221704,1
221714,1
221724,0
221734,0
221745,0
221756,0
221766,0
221776,1
221787,1
221797,0
221807,0
221817,0
221829,0
221839,0
221849,0
221859,0
221870,0
221880,1
221891,0
221901,1
221912,0
221922,1
221932,0
221942,0
221954,0
221964,0
221974,0
221984,0
221995,0
222005,0
222015,0
222026,0
222036,1
222047,1
222057,0
222067,0
222077,1
222089,0
222099,0
222109,1
222119,0
222130,0
222140,0
222150,0
222161,0
222172,0
222182,1
222192,0
222202,1
222213,0
222224,0
222234,0
222244,0
222255,0
222265,0
222275,1
222286,0
222297,0
222307,1
222317,0
222327,1
222338,0
222348,0
222359,0
222369,1
222380,1
222390,0
222400,1
222410,0
222422,0
222432,1
222442,1
222452,1
222462,0
222473,0
222483,0
222494,1
222504,0
222515,1
222525,0
222535,0
222545,0
222557,0
222567,0
222577,0
222587,1
222598,0
222608,0
222619,0
222629,1
222640,0
222650,0
222660,0
222670,0
222681,0
222692,0
222702,1
222712,1
222723,0
222733,0
222743,1
222754,0
222765,0
222775,1
222785,0
222795,0
222806,1
222816,0
222827,0
222837,1
222848,0
222858,1
222868,0
222878,1
222889,1
222900,0
222910,0
222920,0
222930,0
222941,0
222952,1
222962,1
222972,1
222983,0
222993,0
223003,1
223013,0
223025,0
223035,1
223045,1
223055,1
223066,1
223076,0
223087,1
223097,0
223108,1
223118,1
223128,1
223138,0
223149,0
223160,0
223170,1
223180,0
223191,1
223201,0
223211,0
223222,0
223233,1
223243,0
223253,0
223263,0
223273,0
223285,0
223295,1
223305,1
223315,1
223326,0
223336,0
223346,0
223357,0
223368,1
223378,0
223388,0
223398,0
223409,1
223420,1
223430,0
223440,1
223451,0
223461,0
223471,0
223481,1
223493,0
223503,1
223513,0
223523,0
223534,0
223544,0
223555,0
223565,0
223576,0
223586,0
223596,1
223606,1
223618,1
223628,0
223638,0
223648,1
223659,0
223669,1
223679,1
223690,0
223700,1
223711,0
223721,0
223731,0
223741,0
223753,1
223763,0
223773,0
223783,1
223794,0
223804,1
223814,1
223825,1
223836,1
223846,0
223856,0
223866,1
223877,0
223888,0
223898,0
223908,1
223919,0
223929,0
223939,0
223950,0
223961,1
223971,0
223981,0
223991,0
224002,0
224012,0
224023,1
224033,1
224044,0
224054,0
224064,1
224074,0
224086,0
224096,1
224106,0
224116,0
224126,0
224137,0
224147,0
224158,1
224168,1
224179,1
224189,1
224199,0
224209,0
224221,1
224231,1
224241,1
224251,0
224262,1
224272,0
224283,0
224293,1
224304,0
224314,0
224324,0
224334,0
224345,0
224356,0
224366,1
224376,1
224387,1
224397,0
224407,0
224418,0
224429,0
224439,1
224449,0
224459,0
224470,1
224480,0
224491,0
224501,0
224512,0
224522,1
224532,1
224542,0
224553,2
224564,0
224574,1
224584,0
224594,0
224605,0
224616,1
224626,1
224636,1
224647,1
224657,0
224667,0
224677,0
224689,1
224699,0
224709,0
224719,0
224730,1
224740,0
224751,0
224761,1
224772,0
224782,0
224792,0
224802,1
224813,0
224824,0
224834,1
224844,0
224855,0
224865,0
224875,0
224886,0
224897,0
224907,1
224917,1
224927,0
224937,0
224949,0
224959,1
224969,1
224979,0
224990,0
225000,0
225010,1
225021,0
225032,0
225042,1
225052,0
225062,0
225073,0
225084,0
225094,0
225104,0
225115,0
225125,0
225135,0
225145,0
225157,0
225167,0
225177,0
225187,0
225198,0
225208,0
225219,0
225229,0
225240,0
225250,0
225260,0
225270,0
225282,0
225292,0
225302,0
225312,0
225323,0
225333,0
225343,0
225354,0
225364,0
225375,0
225385,0
225395,0
225405,0
225417,0
225427,0
225437,0
225447,0
225458,0
225468,0
225478,1
225489,0
225500,0
225510,1
225520,0
225530,0
225541,0
225552,0
225562,0
225572,0
225583,0
225593,0
225603,0
225614,0
225625,0
225635,0
225645,0
225655,0
225666,0
225676,1
225687,0
225697,0
225708,0
225718,0
225728,0
225738,0
225750,1
225760,0
225770,0
225780,0
225790,0
225801,0
225811,0
225822,0
225832,0
225843,0
225853,0
225863,0
225873,0
225885,0
225895,0
225905,0
225915,0
225926,0
225936,0
225947,0
225957,0
225968,0
225978,0
225988,0
225998,0
226009,0
226020,0
226030,0
226040,0
226051,0
226061,0
226071,0
226082,0
226093,0
226103,0
226113,0
226123,0
226134,1
226144,0
226155,0
226165,0
226176,0
226186,0
226196,0
226206,0
226217,0
226228,0
226238,0
226248,0
226258,0
226269,0
226280,0
226290,0
226300,0
226311,0
226321,0
226331,0
226341,0
226353,0
226363,0
226373,0
226383,0
226394,0
226404,0
226415,0
226425,0
226436,0
226446,0
226456,0
226466,0
226477,0
226488,0
226498,0
226508,0
226519,0
226529,0
226539,0
226550,0
226561,0
226571,0
226581,0
226591,0
226601,1
226613,0
226623,0
226633,0
226643,0
226654,0
226664,0
226674,0
226685,0
226696,0
226706,0
226716,0
226726,0
226737,0
226748,0
226758,0
226768,0
226779,0
226789,0
226799,0
226809,0
226821,0
226831,1
226841,0
226851,0
226862,0
226872,0
226883,0
226893,0
226904,0
226914,0
226924,1
226934,0
226946,0
226956,0
226966,0
226976,0
226987,0
226997,0
227007,0
227018,0
227028,0
227039,0
227049,0
227059,0
227069,0
227081,0
227091,0
227101,0
227111,0
227122,0
227132,0
227142,0
227153,0
227164,0
227174,0
227184,0
227194,0
227205,0
227216,0
227226,0
227236,0
227247,0
227257,0
227267,0
227278,0
227289,0
227299,0
227309,0
227319,0
227330,0
227340,0
227351,0
227361,0
227372,0
227382,0
227392,0
227402,0
227414,0
227424,1
227434,0
227444,1
227454,0
227465,0
227475,0
227486,1
227496,0
227507,0
227517,0
227527,0
227537,0
227549,0
227559,1
227569,0
227579,0
227590,0
227600,0
227611,0
227621,0
227632,1
227642,0
227652,0
227662,0
227673,0
227684,0
227694,0
227704,0
227715,0
227725,0
227735,0
227746,0
227757,0
227767,1
227777,0
227787,0
227798,0
227808,0
227819,0
227829,0
227840,0
227850,0
227860,1
227870,0
227881,0
227892,0
227902,0
227912,0
227922,0
227933,0
227944,0
227954,0
227964,0
227975,0
227985,0
227995,0
228005,0
228017,1
228027,0
228037,0
228047,0
228058,0
228068,0
228079,0
228089,0
228100,0
228110,0
228120,0
228130,0
228141,0
228152,0
228162,0
228172,1
228183,0
228193,0
228203,0
228214,0
228225,0
228235,1
228245,0
228255,0
228265,0
228277,0
228287,0
228297,0
228307,1
228318,0
228328,0
228338,0
228349,0
228360,0
228370,0
228380,0
228390,0
228401,1
228412,0
228422,0
228432,0
228443,0
228453,1
228463,0
228473,0
228485,1
228495,0
228505,0
228515,0
228526,0
228536,0
228547,0
228557,0
228568,0
228578,0
228588,0
228598,0
228610,0
228620,0
228630,0
228640,1
228651,0
228661,0
228671,0
228682,0
228692,0
228703,0
228713,0
228723,0
228733,0
228745,0
228755,1
228765,1
228775,0
228786,0
228796,0
228806,0
228817,0
228828,0
228838,0
228848,1
228858,0
228869,0
228880,0
228890,0
228900,0
228911,0
228921,0
228931,1
228942,0
228953,0
228963,0
228973,0
228983,0
228994,0
229004,0
229015,0
229025,0
229036,0
229046,1
229056,0
229066,0
229078,0
229088,0
229098,0
229108,0
229118,0
229129,0
229139,1
229150,0
229160,0
229171,0
229181,0
229191,1
229201,0
229213,0
229223,0
229233,0
229243,0
229254,0
229264,1
229275,0
229285,1
229296,1
229306,0
229316,0
229326,0
229337,0
229348,0
229358,0
229368,0
229379,1
229389,1
229399,0
229410,1
229421,0
229431,0
229441,0
229451,0
229462,0
229472,0
229483,0
229493,1
229504,1
229514,0
229524,0
229534,0
229545,0
229556,0
229566,0
229576,0
229586,0
229597,1
229608,0
229618,0
229628,0
229639,0
229649,0
229659,0
229669,0
229681,0
229691,0
229701,0
229711,0
229722,0
229732,0
229743,0
229753,0
229764,0
229774,0
229784,0
229794,0
229805,0
229816,0
229826,1
229836,0
229847,0
229857,0
229867,0
229878,0
229889,0
229899,0
229909,0
229919,0
229929,1
229941,1
229951,0
229961,0
229971,0
229982,0
229992,0
230002,0
230013,0
230024,0
230034,0
230044,0
230054,0
230065,1
230076,0
230086,0
230096,0
230107,0
230117,0
230127,0
230137,0
230149,0
230159,1
230169,0
230179,1
230190,1
230200,0
230211,0
230221,0
230232,0
230242,0
230252,0
230262,1
230274,1
230284,0
230294,0
230304,0
230315,1
230325,0
230335,0
230346,0
230356,0
230367,0
230377,0
230387,0
230397,0
230409,0
230419,0
230429,0
230439,0
230450,0
230460,0
230470,0
230481,0
230492,0
230502,0
230512,0
230522,0
230533,0
230544,0
230554,0
230564,0
230575,1
230585,0
230595,0
230606,0
230617,0
230627,0
230637,0
230647,0
230658,0
230668,0
230679,1
230689,0
230700,0
230710,1
230720,0
230730,0
230742,0
230752,0
230762,0
230772,1
230782,0
230793,0
230803,0
230814,0
230824,0
230835,1
230845,1
230855,0
230865,0
230877,0
230887,0
230897,0
230907,0
230918,1
230928,0
230939,0
230949,0
230960,0
230970,0
230980,0
230990,0
231001,0
231012,0
231022,0
231032,1
231043,0
231053,0
231063,0
231074,0
231085,0
231095,0
231105,0
231115,0
231126,0
231136,0
231147,1
231157,0
231168,1
231178,0
231188,0
231198,0
231209,0
231220,0
231230,1
231240,0
231250,0
231261,0
231272,0
231282,0
231292,0
231303,0
231313,0
231323,0
231333,0
231345,0
231355,0
231365,0
231375,0
231386,0
231396,0
231407,0
231417,0
231428,0
231438,1
231448,0
231458,0
231469,1
231480,0
231490,0
231500,0
231511,1
231521,0
231531,0
231542,0
231553,0
231563,0
231573,0
231583,0
231593,0
231605,0
231615,0
231625,0
231635,0
231646,0
231656,1
231666,0
231677,0
231688,1
231698,0
231708,1
231718,1
231729,0
231740,0
231750,0
231760,0
231771,0
231781,1
231791,1
231801,1
231813,0
231823,0
231833,0
231843,0
231854,0
231864,1
231875,0
231885,0
231896,0
231906,0
231916,0
231926,0
231938,1
231948,1
231958,1
231968,0
231979,0
231989,0
231999,0
232010,0
232020,1
232031,0
232041,0
232051,0
232061,0
232073,0
232083,0
232093,0
232103,0
232114,0
232124,0
232134,0
232145,0
232156,0
232166,0
232176,0
232186,1
232197,0
232208,0
232218,0
232228,0
232239,0
232249,0
232259,0
232270,0
232281,0
232291,0
232301,0
232311,0
232322,1
232332,0
232343,0
232353,0
232364,0
232374,0
232384,0
232394,0
232406,0
232416,0
232426,0
232436,0
232446,0
232457,0
232467,0
232478,1
232488,0
232499,0
232509,0
232519,0
232529,0
232541,0
232551,0
232561,0
232571,0
232582,1
232592,0
232603,0
232613,0
232624,0
232634,0
232644,1
232654,1
232665,0
232676,0
232686,0
232696,0
232707,1
232717,1
232727,0
232738,0
232749,0
232759,0
232769,1
232779,1
232790,0
232800,0
232811,0
232821,1
232832,0
232842,0
232852,0
232862,0
232873,0
232884,0
232894,0
232904,1
232914,0
232925,0
232936,0
232946,0
232956,0
232967,0
232977,0
232987,0
232997,0
233009,0
233019,0
233029,0
233039,0
233050,0
233060,0
233071,0
233081,0
233092,0
233102,0
233112,0
233122,1
233133,0
233144,1
233154,0
233164,0
233175,0
233185,0
233195,0
233206,0
233217,0
233227,0
233237,0
233247,0
233257,1
233269,0
233279,0
233289,0
233299,0
233310,1
233320,0
233330,1
233341,0
233352,0
233362,0
233372,0
233382,1
233393,1
233404,0
233414,0
233424,0
233435,0
233445,0
233455,1
233465,0
233477,1
233487,0
233497,0
233507,1
233518,0
233528,0
233539,0
233549,1
233560,0
233570,0
233580,0
233590,0
233602,0
233612,0
233622,0
233632,0
233643,0
233653,0
233663,0
233674,0
233684,0
233695,1
233705,0
233715,0
233725,1
233737,0
233747,0
233757,0
233767,1
233778,0
233788,1
233798,0
233809,0
233820,0
233830,0
233840,0
233850,0
233861,1
233872,0
233882,0
233892,0
233903,0
233913,0
233923,0
233934,0
233945,0
233955,0
233965,0
233975,0
233986,0
233996,0
234007,0
234017,0
234028,0
234038,1
234048,0
234058,0
234070,0
234080,0
234090,0
234100,0
234110,0
234121,0
234131,0
234142,0
234152,0
234163,0
234173,1
234183,1
234193,0
234205,0
234215,0
234225,0
234235,0
234246,1
234256,0
234267,0
234277,0
234288,0
234298,0
234308,0
234318,0
234329,0
234340,0
234350,0
234360,1
234371,0
234381,0
234391,1
234402,0
234413,0
234423,1
234433,0
234443,0
234454,1
234464,0
234475,0
234485,0
234496,1
234506,0
234516,0
234526,0
234537,0
234548,0
234558,0
234568,0
234578,0
234589,1
234600,0
234610,0
234620,1
234631,0
234641,1
234651,0
234661,0
234673,0
234683,0
234693,0
234703,0
234714,0
234724,0
234735,0
234745,0
234756,0
234766,0
234776,0
234786,0
234797,1
234808,0
234818,0
234828,0
234839,0
234849,0
234859,0
234870,1
234881,1
234891,0
234901,1
234911,0
234921,0
234933,0
234943,0
234953,0
234963,0
234974,0
234984,1
234994,0
235005,0
235016,1
235026,1
235036,0
235046,0
235057,1
235068,0
235078,0
235088,0
235099,0
235109,0
235119,0
235129,1
235141,0
235151,1
235161,1
235171,0
235182,0
235192,0
235203,0
235213,0
235224,0
235234,0
235244,0
235254,0
235266,0
235276,0
235286,0
235296,0
235307,1
235317,1
235327,0
235338,0
235348,1
235359,0
235369,0
235379,1
235389,0
235401,0
235411,0
235421,1
235431,0
235442,0
235452,0
235462,1
235473,0
235484,0
235494,1
235504,0
235514,1
235525,0
235536,0
235546,0
235556,0
235567,0
235577,0
235587,0
235598,0
235609,0
235619,0
235629,1
235639,0
235650,1
235660,0
235671,1
235681,0
235692,0
235702,0
235712,1
235722,0
235734,0
235744,0
235754,1
235764,0
235774,0
235785,1
235795,0
235806,0
235816,0
235827,1
235837,0
235847,0
235857,0
235869,0
235879,1
235889,1
235899,0
235910,0
235920,0
235931,0
235941,0
235952,0
235962,0
235972,1
235982,0
235993,0
236004,1
236014,0
236024,0
236035,0
236045,0
236055,0
236066,1
236077,1
236087,1
236097,0
236107,0
236118,0
236128,0
236139,0
236149,1
236160,0
236170,0
236180,0
236190,0
236201,0
236212,0
236222,1
236232,1
236242,0
236253,0
236264,0
236274,0
236284,0
236295,0
236305,0
236315,0
236325,0
236337,0
236347,0
236357,0
236367,0
236378,1
236388,1
236399,0
236409,0
236420,0
236430,0
236440,0
236450,0
236461,0
236472,0
236482,0
236492,0
236503,0
236513,0
236523,1
236534,0
236545,0
236555,0
236565,1
236575,0
236585,1
236597,0
236607,0
236617,0
236627,0
236638,0
236648,0
236658,0
236669,0
236680,1
236690,0
236700,0
236710,0
236721,0
236732,0
236742,0
236752,0
236763,0
236773,0
236783,0
236793,1
236805,0
236815,0
236825,0
236835,0
236846,0
236856,1
236867,0
236877,0
236888,0
236898,0
236908,0
236918,0
236930,0
236940,0
236950,0
236960,0
236971,0
236981,0
236991,2
237002,0
237012,0
237023,1
237033,0
237043,0
237053,1
237065,1
237075,0
237085,1
237095,0
237106,0
237116,1
237126,0
237137,0
237148,0
237158,0
237168,1
237178,0
237189,0
237200,0
237210,0
237220,0
237231,0
237241,1
237251,0
237262,0
237273,1
237283,0
237293,0
237303,1
237314,0
237324,0
237335,0
237345,0
237356,0
237366,1
237376,1
237386,0
237398,1
237408,1
237418,0
237428,1
237438,1
237449,1
237459,0
237470,0
237480,0
237491,0
237501,0
237511,0
237521,0
237533,0
237543,0
237553,1
237563,0
237574,0
237584,0
237595,0
237605,0
237616,0
237626,0
237636,0
237646,1
237657,0
237668,0
237678,1
237688,0
237699,0
237709,0
237719,0
237730,0
237741,0
237751,1
237761,0
237771,0
237782,1
237792,0
237803,1
237813,0
237824,1
237834,0
237844,1
237854,0
237865,0
237876,0
237886,0
237896,1
237906,0
237917,1
237928,0
237938,0
237948,0
237959,1
237969,0
237979,0
237989,0
238001,0
238011,0
238021,0
238031,0
238042,0
238052,0
238063,0
238073,0
238084,0
238094,0
238104,0
238114,0
238125,1
238136,0
238146,0
238156,0
238167,0
238177,0
238187,0
238198,0
238209,1
238219,0
238229,0
238239,0
238249,1
238261,1
238271,1
238281,0
238291,0
238302,0
238312,1
238322,0
238333,0
238344,0
238354,0
238364,0
238374,1
238385,1
238396,1
238406,0
238416,0
238427,0
238437,0
238447,0
238457,0
238469,0
238479,0
238489,1
238499,0
238510,0
238520,1
238531,0
238541,0
238552,0
238562,0
238572,0
238582,0
238594,0
238604,0
238614,1
238624,1
238635,0
238645,0
238655,0
238666,0
238676,0
238687,0
238697,0
238707,1
238717,0
238729,1
238739,0
238749,0
238759,0
238770,0
238780,0
238790,1
238801,0
238812,0
238822,0
238832,1
238842,1
238853,0
238864,1
238874,1
238884,0
238895,1
238905,0
238915,0
238926,0
238937,0
238947,1
238957,0
238967,0
238978,1
238988,1
238999,0
239009,0
239020,0
239030,1
239040,0
239050,0
239062,1
239072,0
239082,0
239092,1
239102,0
239113,0
239123,1
239134,0
239144,1
239155,0
239165,0
239175,1
239185,0
239197,0
239207,0
239217,0
239227,1
239238,0
239248,0
239259,0
239269,1
239280,1
239290,0
239300,0
239310,0
239321,0
239332,0
239342,1
239352,1
239363,0
239373,1
239383,0
239394,0
239405,1
239415,0
239425,0
239435,0
239446,0
239456,0
239467,0
239477,0
239488,0
239498,1
239508,1
239518,0
239529,0
239540,0
239550,0
239560,0
239570,0
239581,0
239592,0
239602,0
239612,0
239623,0
239633,0
239643,0
239653,0
239665,0
239675,0
239685,0
239695,1
239706,1
239716,1
239727,0
239737,1
239748,0
239758,0
239768,0
239778,1
239789,0
239800,0
239810,0
239820,0
239831,0
239841,0
239851,0
239862,0
239873,0
239883,1
239893,0
239903,1
239913,0
239925,1
239935,0
239945,0
239955,1
239966,0
239976,0
239986,0
239997,0
240008,1
240018,0
240028,0
240038,0
240049,1
240060,0
240070,1
240080,0
240091,0
240101,0
240111,0
240121,1
240133,1
240143,1
240153,0
240163,0
240174,0
240184,1
240195,0
240205,0
240216,1
240226,0
240236,0
240246,0
240258,0
240268,0
240278,0
240288,1
240299,0
240309,1
240319,0
240330,0
240340,0
240351,0
240361,0
240371,1
240381,0
240393,0
240403,0
240413,0
240423,0
240434,0
240444,0
240454,0
240465,0
240476,0
240486,0
240496,0
240506,0
240517,0
240528,0
240538,0
240548,1
240559,0
240569,1
240579,1
240590,0
240601,0
240611,0
240621,0
240631,0
240642,1
240652,0
240663,0
240673,0
240684,0
240694,1
240704,0
240714,0
240726,0
240736,0
240746,0
240756,0
240766,0
240777,1
240787,0
240798,1
240808,0
240819,1
240829,0
240839,0
240849,0
240861,1
240871,0
240881,1
240891,0
240902,0
240912,0
240923,1
240933,0
240944,0
240954,0
240964,0
240974,1
240985,0
240996,1
241006,0
241016,0
241027,1
241037,0
241047,1
241058,0
241069,0
241079,0
241089,0
241099,1
241110,0
241120,1
241131,0
241141,1
241152,0
241162,0
241172,0
241182,0
241193,0
241204,0
241214,0
241224,0
241234,0
241245,0
241256,0
241266,0
241276,0
241287,1
241297,1
241307,0
241317,0
241329,0
241339,0
241349,0
241359,0
241370,0
241380,0
241391,0
241401,0
241412,0
241422,0
241432,1
241442,0
241453,0
241464,0
241474,0
241484,0
241495,1
241505,0
241515,0
241526,0
241537,1
241547,0
241557,0
241567,1
241577,0
241589,0
241599,1
241609,1
241619,1
241630,0
241640,0
241650,0
241661,0
241672,0
241682,0
241692,1
241702,0
241713,0
241724,0
241734,0
241744,0
241755,1
241765,0
241775,0
241785,0
241797,0
241807,1
241817,0
241827,0
241838,0
241848,0
241859,0
241869,1
241880,0
241890,0
241900,0
241910,1
241922,1
241932,0
241942,0
241952,0
241963,0
241973,0
241983,1
241994,0
242004,0
242015,1
242025,0
242035,0
242045,1
242057,1
242067,0
242077,1
242087,1
242098,0
242108,0
242118,0
242129,0
242140,0
242150,0
242160,0
242170,0
242181,0
242192,0
242202,0
242212,0
242223,0
242233,1
242243,0
242254,0
242265,0
242275,1
242285,0
242295,1
242306,0
242316,0
242327,0
242337,0
242348,0
242358,0
242368,0
242378,0
242390,0
242400,0
242410,0
242420,1
242430,1
242441,0
242451,1
242462,0
242472,0
242483,0
242493,0
242503,1
242513,1
242525,0
242535,0
242545,0
242555,0
242566,0
242576,0
242587,0
242597,0
242608,0
242618,0
242628,0
242638,0
242649,0
242660,0
242670,0
242680,0
242691,0
242701,0
242711,0
242722,1
242733,0
242743,1
242753,0
242763,0
242774,0
242784,0
242795,0
242805,1
242816,0
242826,0
242836,0
242846,0
242857,1
242868,0
242878,0
242888,1
242898,0
242909,0
242920,0
242930,0
242940,1
242951,0
242961,0
242971,1
242981,1
242993,0
243003,0
243013,0
243023,1
243034,0
243044,0
243055,0
243065,0
243076,0
243086,0
243096,0
243106,1
243117,0
243128,0
243138,0
243148,1
243159,0
243169,1
243179,0
243190,1
243201,0
243211,0
243221,0
243231,0
243241,0
243253,0
243263,0
243273,0
243283,0
243294,0
243304,1
243314,0
243325,0
243336,1
243346,0
243356,0
243366,0
243377,0
243388,0
243398,0
243408,1
243419,1
243429,0
243439,0
243449,0
243461,0
243471,0
243481,0
243491,0
243502,0
243512,0
243523,0
243533,0
243544,1
243554,0
243564,0
243574,0
243586,1
243596,1
243606,0
243616,0
243627,0
243637,1
243647,0
243658,0
243668,0
243679,1
243689,0
243699,1
243709,1
243721,0
243731,1
243741,0
243751,1
243762,1
243772,0
243782,1
243793,0
243804,0
243814,0
243824,0
243834,0
243845,1
243856,0
243866,1
243876,1
243887,0
243897,0
243907,1
243918,1
243929,0
243939,0
243949,0
243959,1
243970,1
243980,1
243991,1
244001,1
244012,0
244022,0
244032,0
244042,0
244054,0
244064,0
244074,1
244084,0
244094,0
244105,1
244115,0
244126,0
244136,1
244147,1
244157,1
244167,0
244177,1
244189,0
244199,1
244209,1
244219,1
244230,1
244240,0
244251,1
244261,0
244272,1
244282,0
244292,0
244302,0
244313,1
244324,1
244334,0
244344,1
244355,0
244365,0
244375,1
244386,1
244397,1
244407,0
244417,0
244427,0
244438,0
244448,0
244459,0
244469,0
244480,0
244490,1
244500,0
244510,0
244521,0
244532,0
244542,0
244552,0
244562,1
244573,1
244584,1
244594,0
244604,1
244615,0
244625,0
244635,0
244645,0
244657,0
244667,0
244677,0
244687,1
244698,0
244708,0
244719,0
244729,0
244740,0
244750,0
244760,0
244770,0
244781,1
244792,1
244802,0
244812,1
244823,1
244833,1
244843,1
244854,1
244865,0
244875,1
244885,0
244895,0
244905,0
244917,0
244927,1
244937,0
244947,1
244958,0
244968,0
244978,0
244989,0
245000,0
245010,0
245020,0
245030,0
245041,0
245052,0
245062,0
245072,1
245083,0
245093,0
245103,0
245113,0
245125,0
245135,0
245145,0
245155,0
245166,0
245176,0
245187,0
245197,0
245208,0
245218,0
245228,1
245238,0
245250,0
245260,0
245270,0
245280,0
245291,1
245301,0
245311,1
245322,1
245332,0
245343,0
245353,0
245363,0
245373,1
245385,0
245395,0
245405,0
245415,1
245426,0
245436,0
245446,0
245457,1
245468,0
245478,0
245488,0
245498,0
245509,0
245520,0
245530,0
245540,0
245551,0
245561,0
245571,0
245582,1
245593,0
245603,0
245613,0
245623,0
245634,0
245644,0
245655,0
245665,0
245676,0
245686,0
245696,0
245706,1
245718,0
245728,0
245738,0
245748,0
245758,0
245769,1
245779,1
245790,0
245800,0
245811,1
245821,0
245831,0
245841,0
245853,0
245863,0
245873,0
245883,0
245894,1
245904,0
245915,1
245925,1
245936,0
245946,0
245956,0
245966,1
245977,0
245988,0
245998,1
246008,0
246019,0
246029,0
246039,1
246050,0
246061,1
246071,0
246081,1
246091,0
246102,1
246112,0
246123,0
246133,0
246144,0
246154,0
246164,1
246174,0
246185,0
246196,0
246206,0
246216,0
246226,0
246237,1
246248,0
246258,1
246268,0
246279,0
246289,0
246299,0
246309,0
246321,0
246331,0
246341,1
246351,0
246362,0
246372,0
246383,0
246393,0
246404,0
246414,1
246424,0
246434,1
246445,0
246456,0
246466,1
246476,1
246487,0
246497,0
246507,0
246518,0
246529,0
246539,1
246549,0
246559,0
246569,1
246581,0
246591,0
246601,0
246611,1
246622,1
246632,0
246642,0
246653,0
246664,1
246674,1
246684,0
246694,0
246705,0
246716,0
246726,0
246736,0
246747,0
246757,0
246767,0
246777,0
246789,0
246799,0
246809,0
246819,0
246830,0
246840,0
246851,0
246861,1
246872,0
246882,0
246892,0
246902,0
246914,0
246924,0
246934,0
246944,0
246955,1
246965,1
246975,0
246986,1
246996,1
247007,0
247017,0
247027,0
247037,1
247049,1
247059,0
247069,0
247079,0
247090,1
247100,0
247110,0
247121,0
247132,1
247142,0
247152,0
247162,1
247173,0
247184,0
247194,1
247204,0
247215,0
247225,0
247235,1
247246,0
247257,1
247267,0
247277,0
247287,1
247298,0
247308,0
247319,0
247329,0
247340,0
247350,0
247360,0
247370,0
247382,0
247392,1
247402,0
247412,0
247422,1
247433,0
247443,0
247454,0
247464,0
247475,0
247485,0
247495,1
247505,0
247517,0
247527,0
247537,1
247547,0
247558,0
247568,0
247579,1
247589,0
247600,0
247610,0
247620,0
247630,0
247641,0
247652,0
247662,0
247672,1
247683,0
247693,0
247703,0
247714,0
247725,0
247735,0
247745,1
247755,0
247766,0
247776,1
247787,0
247797,0
247808,1
247818,1
247828,1
247838,0
247849,1
247860,0
247870,1
247880,0
247890,0
247901,0
247912,1
247922,0
247932,1
247943,0
247953,1
247963,1
247973,0
247985,1
247995,1
248005,0
248015,0
248026,0
248036,0
248047,1
248057,0
248068,0
248078,1
248088,0
248098,0
248109,0
248120,0
248130,0
248140,0
248151,1
248161,0
248171,0
248182,0
248193,0
248203,1
248213,0
248223,0
248233,0
248245,0
248255,0
248265,0
248275,1
248286,0
248296,0
248306,0
248317,0
248328,0
248338,0
248348,0
248358,0
248369,0
248380,1
248390,1
248400,0
248411,0
248421,1
248431,1
248441,0
248453,1
248463,1
248473,0
248483,1
248494,1
248504,0
248515,0
248525,0
248536,0
248546,0
248556,0
248566,1
248578,1
248588,0
248598,0
248608,0
248619,0
248629,0
248639,0
248650,0
248660,0
248671,0
248681,1
248691,0
248701,0
248713,0
248723,0
248733,0
248743,0
248754,0
248764,0
248774,0
248785,0
248796,0
248806,0
248816,1
248826,0
248837,1
248848,0
248858,0
248868,0
248879,0
248889,1
248899,0
248910,0
248921,0
248931,0
248941,0
248951,1
248962,0
248972,0
248983,0
248993,0
249004,0
249014,0
249024,1
249034,0
249046,1
249056,0
249066,1
249076,1
249086,0
249097,1
249107,0
249118,0
249128,0
249139,1
249149,0
249159,0
249169,1
249181,1
249191,0
249201,0
249211,0
249222,0
249232,1
249243,0
249253,0
249264,0
249274,0
249284,0
249294,0
249305,0
249316,1
249326,0
249336,0
249347,0
249357,0
249367,0
249378,0
249389,0
249399,0
249409,1
249419,0
249430,0
249440,1
249451,1
249461,0
249472,0
249482,0
249492,1
249502,0
249513,0
249524,0
249534,1
249544,0
249554,0
249565,0
249576,0
249586,0
249596,0
249607,0
249617,0
249627,1
249637,0
249649,0
249659,0
249669,0
249679,0
249690,0
249700,0
249711,1
249721,0
249732,0
249742,1
249752,0
249762,0
249773,0
249784,0
249794,0
249804,0
249815,0
249825,0
249835,0
249846,0
249857,0
249867,0
249877,0
249887,1
249897,0
249909,0
249919,1
249929,0
249939,0
249950,0
249960,0
249970,0
249981,0
249992,1
250002,0
250012,0
250022,0
250033,1
250044,0
250054,0
250064,0
250075,1
250085,0
250095,1
250105,1
250117,1
250127,0
250137,0
250147,0
250158,0
250168,0
250179,0
250189,0
250200,0
250210,0
250220,0
250230,0
250242,0
250252,1
250262,0
250272,0
250283,0
250293,0
250303,0
250314,0
250324,0
250335,0
250345,0
250355,1
250365,0
250377,0
250387,0
250397,0
250407,1
250418,1
250428,0
250438,0
250449,1
250460,1
250470,1
250480,1
250490,0
250501,0
250512,0
250522,1
250532,0
250543,1
250553,0
250563,0
250574,0
250585,1
250595,0
250605,0
250615,0
250626,0
250636,0
250647,0
250657,0
250668,0
250678,0
250688,0
250698,1
250710,0
250720,0
250730,0
250740,0
250750,0
250761,0
250771,0
250782,0
250792,0
250803,0
250813,0
250823,0
250833,0
250845,0
250855,0
250865,1
250875,0
250886,1
250896,0
250907,0
250917,0
250928,1
250938,0
250948,0
250958,0
250969,0
250980,1
250990,0
251000,0
251011,0
251021,1
251031,0
251042,0
251053,1
251063,0
251073,1
251083,1
251094,0
251104,0
251115,0
251125,0
251136,0
251146,0
251156,0
251166,0
251177,0
251188,0
251198,0
251208,1
251218,0
251229,0
251240,0
251250,0
251260,0
251271,0
251281,0
251291,0
251301,1
251313,0
251323,0
251333,0
251343,0
251354,0
251364,0
251375,0
251385,1
251396,0
251406,0
251416,0
251426,0
251437,0
251448,0
251458,0
251468,1
251479,0
251489,0
251499,0
251510,1
251521,0
251531,0
251541,0
251551,1
251561,0
251573,0
251583,0
251593,0
251603,0
251614,1
251624,0
251634,0
251645,0
251656,0
251666,0
251676,0
251686,0
251697,0
251708,0
251718,0
251728,0
251739,0
251749,0
251759,0
251769,0
251781,0
251791,0
251801,1
251811,0
251822,0
251832,0
251843,0
251853,0
251864,0
251874,0
251884,1
251894,0
251906,0
251916,0
251926,0
251936,0
251947,0
251957,0
251967,0
251978,1
251988,0
251999,0
252009,1
252019,0
252029,0
252041,0
252051,1
252061,0
252071,0
252082,0
252092,0
252102,1
252113,1
252124,0
252134,0
252144,0
252154,0
252165,0
252176,0
252186,1
252196,0
252207,0
252217,0
252227,0
252238,0
252249,0
252259,0
252269,0
252279,0
252290,1
252300,0
252311,1
252321,0
252332,0
252342,1
252352,0
252362,0
252374,0
252384,1
252394,0
252404,0
252414,0
252425,0
252435,0
252446,0
252456,0
252467,0
252477,0
252487,0
252497,1
252509,0
252519,0
252529,0
252539,0
252550,0
252560,1
252571,0
252581,0
252592,0
252602,1
252612,0
252622,0
252633,0
252644,0
252654,1
252664,0
252675,0
252685,0
252695,0
252706,0
252717,0
252727,0
252737,1
252747,1
252758,0
252768,0
252779,0
252789,1
252800,0
252810,0
252820,0
252830,1
252841,0
252852,0
252862,0
252872,1
252882,0
252893,0
252904,0
252914,0
252924,0
252935,0
252945,0
252955,0
252965,0
252977,0
252987,0
252997,0
253007,0
253018,0
253028,0
253039,0
253049,0
253060,1
253070,0
253080,0
253090,1
253101,0
253112,0
253122,0
253132,1
253143,0
253153,0
253163,1
253174,0
253185,0
253195,0
253205,0
253215,0
253225,0
253237,0
253247,0
253257,1
253267,0
253278,0
253288,0
253298,0
253309,0
253320,0
253330,0
253340,0
253350,0
253361,0
253372,0
253382,0
253392,1
253403,0
253413,1
253423,0
253433,0
253445,0
253455,0
253465,0
253475,0
253486,0
253496,0
253507,0
253517,0
253528,0
253538,0
253548,0
253558,0
253570,0
253580,0
253590,0
253600,0
253611,0
253621,0
253631,0
253642,0
253652,0
253663,0
253673,0
253683,0
253693,1
253705,0
253715,0
253725,0
253735,0
253746,0
253756,0
253766,1
253777,0
253788,0
253798,0
253808,0
253818,1
253829,0
253840,0
253850,0
253860,0
253871,0
253881,1
253891,1
253902,0
253913,0
253923,0
253933,0
253943,0
253954,0
253964,0
253975,0
253985,0
253996,0
254006,0
254016,0
254026,1
254038,1
254048,1
254058,0
254068,0
254078,0
254089,0
254099,0
254110,1
254120,0
254131,0
254141,0
254151,0
254161,0
254173,0
254183,1
254193,0
254203,0
254214,0
254224,0
254235,0
254245,0
254256,0
254266,0
254276,0
254286,0
254297,0
254308,1
254318,0
254328,1
254339,1
254349,1
254359,0
254370,0
254381,1
254391,0
254401,0
254411,0
254422,0
254432,0
254443,1
254453,1
254464,0
254474,0
254484,0
254494,1
254505,0
254516,0
254526,0
254536,1
254546,1
254557,0
254568,0
254578,0
254588,0
254599,0
254609,0
254619,0
254629,0
254641,0
254651,0
254661,0
254671,1
254682,1
254692,0
254703,1
254713,0
254724,0
254734,0
254744,1
254754,1
254765,0
254776,0
254786,0
254796,0
254807,1
254817,0
254827,0
254838,0
254849,0
254859,0
254869,0
254879,0
254889,0
254901,0
254911,1
254921,1
254931,0
254942,0
254952,0
254962,0
254973,0
254984,1
254994,0
255004,1
255014,0
255025,0
255036,0
255046,1
255056,1
255067,0
255077,0
255087,0
255097,1
255109,0
255119,1
255129,1
255139,0
255150,0
255160,1
255171,0
255181,0
255192,0
255202,1
255212,1
255222,1
255234,1
255244,0
255254,0
255264,1
255275,0
255285,0
255295,0
255306,0
255316,0
255327,0
255337,0
255347,0
255357,0
255369,0
255379,1
255389,0
255399,0
255410,0
255420,0
255430,0
255441,0
255452,1
255462,0
255472,0
255482,0
255493,1
255504,0
255514,0
255524,0
255535,0
255545,0
255555,0
255566,0
255577,1
255587,0
255597,1
255607,0
255618,1
255628,0
255639,0
255649,0
255660,0
255670,0
255680,0
255690,0
255702,1
255712,0
255722,0
255732,0
255742,1
255753,0
255763,0
255774,0
255784,1
255795,1
255805,1
255815,1
255825,0
255837,1
255847,0
255857,0
255867,0
255878,1
255888,1
255899,0
255909,0
255920,0
255930,0
255940,0
255950,0
255961,0
255972,0
255982,1
255992,0
256003,0
256013,0
256023,0
256034,0
256045,0
256055,0
256065,0
256075,1
256086,0
256096,1
256107,1
256117,0
256128,0
256138,0
256148,0
256158,1
256169,0
256180,0
256190,1
256200,0
256210,0
256221,0
256232,0
256242,0
256252,1
256263,0
256273,0
256283,0
256293,1
256305,0
256315,0
256325,0
256335,0
256346,0
256356,0
256367,1
256377,0
256388,0
256398,0
256408,1
256418,0
256429,0
256440,1
256450,0
256460,0
256471,0
256481,0
256491,1
256502,0
256513,1
256523,0
256533,0
256543,0
256553,1
256565,0
256575,0
256585,0
256595,0
256606,1
256616,0
256626,0
256637,0
256648,1
256658,0
256668,1
256678,0
256689,0
256700,0
256710,0
256720,0
256731,0
256741,0
256751,0
256761,1
256773,1
256783,0
256793,0
256803,0
256814,0
256824,0
256835,0
256845,0
256856,0
256866,1
256876,1
256886,1
256898,1
256908,0
256918,0
256928,0
256939,0
256949,0
256959,0
256970,1
256980,0
256991,0
257001,1
257011,0
257021,1
257033,0
257043,1
257053,0
257063,0
257074,0
257084,0
257094,0
257105,0
257116,0
257126,0
257136,0
257146,0
257157,0
257168,0
257178,0
257188,0
257199,0
257209,1
257219,1
257230,0
257241,0
257251,0
257261,0
257271,0
257282,0
257292,0
257303,0
257313,0
257324,0
257334,0
257344,1
257354,0
257366,0
257376,1
257386,0
257396,0
257406,1
257417,1
257427,0
257438,0
257448,0
257459,1
257469,0
257479,0
257489,0
257501,0
257511,0
257521,0
257531,1
257542,1
257552,0
257563,0
257573,0
257584,1
257594,0
257604,0
257614,0
257625,0
257636,1
257646,0
257656,0
257667,0
257677,0
257687,0
257698,0
257709,0
257719,0
257729,0
257739,0
257750,0
257760,0
257771,0
257781,1
257792,0
257802,0
257812,0
257822,0
257833,0
257844,0
257854,0
257864,0
257874,0
257885,0
257896,0
257906,1
257916,0
257927,0
257937,0
257947,0
257957,1
257969,0
257979,0
257989,0
257999,0
258010,0
258020,1
258031,0
258041,0
258052,1
258062,0
258072,0
258082,0
258093,0
258104,1
258114,0
258124,0
258135,0
258145,0
258155,1
258166,0
258177,0
258187,0
258197,0
258207,0
258217,0
258229,0
258239,0
258249,0
258259,1
258270,0
258280,0
258290,0
258301,0
258312,0
258322,0
258332,0
258342,0
258353,0
258364,0
258374,0
258384,0
258395,0
258405,0
258415,0
258425,0
258437,0
258447,0
258457,0
258467,0
258478,1
258488,0
258499,0
258509,0
258520,1
258530,0
258540,0
258550,0
258562,0
258572,0
258582,0
258592,0
258603,0
258613,0
258623,0
258634,0
258644,1
258655,0
258665,0
258675,0
258685,0
258697,0
258707,0
258717,0
258727,0
258738,1
258748,0
258758,0
258769,0
258780,0
258790,1
258800,1
258810,0
258821,1
258832,0
258842,0
258852,0
258863,0
258873,1
258883,0
258894,0
258905,0
258915,0
258925,1
258935,0
258946,0
258956,0
258967,0
258977,0
258988,0
258998,1
259008,0
259018,0
259030,1
259040,0
259050,0
259060,0
259070,0
259081,0
259091,0
259102,0
259112,0
259123,1
259133,0
259143,0
259153,0
259165,0
259175,0
259185,1
259195,0
259206,0
259216,0
259227,0
259237,1
259248,0
259258,0
259268,0
259278,0
259289,0
259300,0
259310,0
259320,0
259331,0
259341,0
259351,0
259362,0
259373,0
259383,1
259393,0
259403,0
259414,0
259424,0
259435,0
259445,0
259456,1
259466,0
259476,1
259486,0
259497,0
259508,1
259518,1
259528,0
259538,1
259549,0
259560,0
259570,0
259580,0
259591,0
259601,0
259611,0
259621,0
259633,1
259643,0
259653,0
259663,0
259674,0
259684,0
259695,0
259705,0
259716,0
259726,0
259736,0
259746,0
259757,0
259768,1
259778,0
259788,0
259799,0
259809,0
259819,0
259830,0
259841,0
259851,0
259861,1
259871,0
259881,0
259893,0
259903,0
259913,0
259923,1
259934,0
259944,0
259954,0
259965,0
259976,1
259986,0
259996,0
260006,1
260017,0
260028,0
260038,0
260048,0
260059,0
260069,0
260079,0
260089,0
260101,0
260111,0
260121,0
260131,0
260142,0
260152,0
260163,0
260173,1
260184,0
260194,0
260204,1
260214,0
260226,1
260236,0
260246,0
260256,0
260267,0
260277,0
260287,0
260298,0
260308,0
260319,0
260329,0
260339,0
260349,0
260361,0
260371,0
260381,1
260391,1
260402,0
260412,0
260422,0
260433,0
260444,0
260454,0
260464,0
260474,1
260485,0
260496,0
260506,0
260516,1
260527,0
260537,0
260547,0
260558,0
260569,1
260579,0
260589,1
260599,0
260610,0
260620,0
260631,0
260641,0
260652,0
260662,1
260672,0
260682,0
260694,1
260704,0
260714,0
260724,1
260734,0
260745,0
260755,0
260766,1
260776,0
260787,0
260797,0
260807,0
260817,0
260829,0
260839,0
260849,0
260859,0
260870,0
260880,0
260891,0
260901,0
260912,0
260922,0
260932,0
260942,0
260953,1
260964,0
260974,0
260984,1
260995,0
261005,0
261015,0
261026,0
261037,0
261047,0
261057,0
261067,0
261078,0
261088,0
261099,0
261109,0
261120,1
261130,0
261140,0
261150,1
261161,0
261172,0
261182,0
261192,0
261202,1
261213,0
261224,0
261234,0
261244,0
261255,0
261265,0
261275,0
261285,1
261297,0
261307,0
261317,0
261327,0
261338,0
261348,0
261359,0
261369,0
261380,0
261390,0
261400,0
261410,0
261421,0
261432,0
261442,0
261452,0
261463,0
261473,1
261483,0
261494,0
261505,0
261515,0
261525,0
261535,0
261545,0
261557,0
261567,0
261577,0
261587,1
261598,0
261608,0
261618,0
261629,0
261640,0
261650,1
261660,1
261670,0
261681,0
261692,0
261702,1
261712,0
261723,0
261733,0
261743,0
261753,0
261765,0
261775,0
261785,0
261795,0
261806,1
261816,1
261827,0
261837,0
261848,0
261858,0
261868,0
261878,0
261890,1
261900,0
261910,0
261920,0
261931,0
261941,0
261951,0
261962,1
261972,0
261983,0
261993,0
262003,0
262013,0
262025,1
262035,0
262045,0
262055,0
262066,0
262076,1
262086,0
262097,0
262108,0
262118,0
262128,0
262138,0
262149,0
262160,1
262170,0
262180,1
262191,0
262201,0
262211,0
262222,0
262233,1
262243,0
262253,0
262263,0
262274,0
262284,0
262295,1
262305,0
262316,0
262326,1
262336,0
262346,0
262358,0
262368,0
262378,1
262388,0
262398,1
262409,0
262419,0
262430,0
262440,0
262451,0
262461,0
262471,0
262481,0
262493,0
262503,0
262513,0
262523,0
262534,0
262544,0
262555,0
262565,0
262576,1
262586,0
262596,1
262606,0
262617,0
262628,0
262638,0
262648,1
262659,0
262669,0
262679,0
262690,0
262701,1
262711,0
262721,0
262731,0
262742,0
262752,0
262763,0
262773,0
262784,0
262794,0
262804,0
262814,1
262825,0
262836,0
262846,0
262856,0
262866,0
262877,0
262888,0
262898,0
262908,0
262919,0
262929,0
262939,0
262949,0
262961,0
262971,1
262981,0
262991,1
263002,0
263012,1
263023,0
263033,0
263044,0
263054,0
263064,0
263074,0
263085,0
263096,0
263106,0
263116,0
263127,0
263137,0
263147,0
263158,0
263169,0
263179,0
263189,0
263199,1
263209,0
263221,0
263231,1
263241,0
263251,1
263262,0
263272,0
263282,0
263293,0
263304,0
263314,0
263324,0
263334,1
263345,0
263356,0
263366,0
263376,0
263387,1
263397,1
263407,0
263417,0
263429,0
263439,0
263449,0
263459,1
263470,0
263480,0
263491,0
263501,0
263512,0
263522,0
263532,0
263542,0
263554,0
263564,0
263574,0
263584,0
263595,0
263605,0
263615,0
263626,0
263636,1
263647,0
263657,0
263667,0
263677,0
263689,1
263699,0
263709,0
263719,0
263730,0
263740,0
263750,0
263761,0
263772,1
263782,0
263792,0
263802,0
263813,0
263824,0
263834,1
263844,0
263855,0
263865,0
263875,0
263886,1
263897,0
263907,1
263917,1
263927,0
263938,0
263948,0
263959,0
263969,0
263980,0
263990,0
264000,0
264010,0
264022,1
264032,0
264042,0
264052,0
264062,0
264073,0
264083,1
264094,0
264104,0
264115,0
264125,1
264135,0
264145,0
264157,0
264167,0
264177,0
264187,0
264198,0
264208,0
264219,0
264229,0
264240,1
264250,0
264260,0
264270,1
264281,0
264292,1
264302,0
264312,0
264323,1
264333,0
264343,0
264354,0
264365,0
264375,0
264385,1
264395,0
264406,0
264416,1
264427,0
264437,0
264448,0
264458,0
264468,0
264478,0
264489,0
264500,0
264510,0
264520,0
264530,0
264541,0
264552,0
264562,0
264572,0
264583,0
264593,0
264603,0
264613,0
264625,0
264635,1
264645,0
264655,0
264666,0
264676,0
264687,1
264697,1
264708,0
264718,0
264728,0
264738,0
264749,0
264760,0
264770,1
264780,1
264791,0
264801,0
264811,0
264822,0
264833,0
264843,1
264853,0
264863,0
264873,0
264885,0
264895,1
264905,0
264915,0
264926,0
264936,1
264946,0
264957,0
264968,0
264978,0
264988,0
264998,0
265009,0
265020,0
265030,1
265040,0
265051,1
265061,1
265071,1
265081,0
265093,0
265103,0
265113,1
265123,0
265134,0
265144,0
265155,0
265165,0
265176,0
265186,1
265196,1
265206,0
265218,0
265228,0
265238,0
265248,0
265259,0
265269,0
265279,0
265290,0
265300,1
265311,1
265321,1
265331,0
265341,1
265353,0
265363,0
265373,0
265383,0
265394,0
265404,0
265414,0
265425,0
265436,0
265446,0
265456,0
265466,0
265477,0
265488,0
265498,0
265508,0
265519,0
265529,0
265539,0
265550,0
265561,0
265571,1
265581,0
265591,0
265602,0
265612,0
265623,1
265633,0
265644,0
265654,0
265664,0
265674,1
265686,0
265696,0
265706,1
265716,0
265726,0
265737,0
265747,0
265758,0
265768,0
265779,0
265789,1
265799,0
265809,1
265821,0
265831,1
265841,0
265851,0
265862,0
265872,0
265883,0
265893,1
265904,0
265914,0
265924,0
265934,0
265945,0
265956,0
265966,0
265976,1
265987,0
265997,0
266007,0
266018,1
266029,1
266039,0
266049,0
266059,1
266070,0
266080,1
266091,1
266101,0
266112,0
266122,1
266132,1
266142,1
266153,0
266164,1
266174,0
266184,0
266194,0
266205,0
266216,0
266226,1
266236,1
266247,0
266257,0
266267,1
266277,0
266289,0
266299,1
266309,0
266319,0
266330,1
266340,1
266351,0
266361,0
266372,1
266382,0
266392,0
266402,1
266413,0
266424,0
266434,0
266444,0
266455,0
266465,1
266475,0
266486,0
266497,0
266507,0
266517,0
266527,1
266537,0
266549,0
266559,1
266569,1
266579,0
266590,0
266600,0
266610,0
266621,1
266632,0
266642,0
266652,1
266662,0
266673,0
266684,0
266694,0
266704,0
266715,0
266725,0
266735,1
266745,0
266757,0
266767,0
266777,0
266787,0
266798,0
266808,0
266819,0
266829,0
266840,0
266850,0
266860,0
266870,0
266882,1
266892,0
266902,0
266912,1
266923,0
266933,0
266943,0
266954,0
266964,0
266975,0
266985,0
266995,0
267005,1
267017,0
267027,0
267037,0
267047,1
267058,1
267068,0
267078,0
267089,0
267100,0
267110,1
267120,0
267130,0
267141,0
267152,0
267162,0
267172,0
267183,0
267193,0
267203,0
267214,0
267225,0
267235,0
267245,0
267255,1
267266,0
267276,0
267287,1
267297,0
267308,0
267318,1
267328,1
267338,0
267350,0
267360,0
267370,0
267380,0
267390,1
267401,0
267411,0
267422,0
267432,0
267443,0
267453,1
267463,1
267473,0
267485,0
267495,1
267505,0
267515,0
267526,0
267536,1
267547,1
267557,0
267568,1
267578,0
267588,0
267598,0
267609,1
267620,0
267630,0
267640,1
267651,0
267661,0
267671,1
267682,0
267693,0
267703,1
267713,0
267723,0
267734,1
267744,0
267755,1
267765,0
267776,0
267786,1
267796,1
267806,0
267817,0
267828,0
267838,0
267848,1
267858,0
267869,1
267880,0
267890,1
267900,1
267911,0
267921,0
267931,0
267941,1
267953,0
267963,1
267973,0
267983,0
267994,0
268004,0
268015,0
268025,0
268036,0
268046,0
268056,0
268066,0
268077,0
268088,0
268098,1
268108,0
268119,0
268129,0
268139,0
268150,0
268161,1
268171,0
268181,0
268191,0
268201,0
268213,0
268223,0
268233,0
268243,1
268254,0
268264,0
268274,0
268285,0
268296,0
268306,0
268316,0
268326,1
268337,0
268348,0
268358,0
268368,0
268379,1
268389,0
268399,0
268409,1
268421,0
268431,0
268441,0
268451,1
268462,0
268472,0
268483,1
268493,1
268504,0
268514,0
268524,1
268534,0
268546,0
268556,0
268566,0
268576,0
268587,0
268597,0
268607,1
268618,0
268628,0
268639,0
268649,0
268659,0
268669,0
268681,0
268691,0
268701,1
268711,0
268722,0
268732,0
268742,1
268753,1
268764,0
268774,0
268784,0
268794,0
268805,0
268816,0
268826,0
268836,1
268847,0
268857,0
268867,0
268878,0
268889,0
268899,0
268909,0
268919,0
268930,0
268940,0
268951,0
268961,0
268972,0
268982,0
268992,0
269002,0
269014,0
269024,0
269034,0
269044,0
269054,1
269065,0
269075,1
269086,0
269096,0
269107,1
269117,1
269127,0
269137,0
269149,0
269159,0
269169,1
269179,0
269190,0
269200,0
269211,0
269221,0
269232,0
269242,0
269252,1
269262,0
269273,0
269284,0
269294,0
269304,0
269315,1
269325,0
269335,0
269346,0
269357,0
269367,0
269377,0
269387,0
269398,0
269408,0
269419,1
269429,0
269440,0
269450,1
269460,0
269470,0
269481,0
269492,0
269502,0
269512,0
269522,0
269533,0
269544,0
269554,0
269564,0
269575,0
269585,0
269595,1
269605,0
269617,1
269627,0
269637,0
269647,0
269658,0
269668,0
269679,0
269689,0
269700,0
269710,1
269720,0
269730,0
269741,0
269752,0
269762,0
269772,0
269783,0
269793,0
269803,0
269814,1
269825,0
269835,0
269845,0
269855,0
269865,0
269877,0
269887,0
269897,0
269907,0
269918,0
269928,0
269938,0
269949,1
269960,0
269970,0
269980,1
269990,0
270001,0
270012,0
270022,0
270032,0
270043,0
270053,0
270063,0
270073,1
270085,0
270095,0
270105,0
270115,0
270126,0
270136,0
270147,0
270157,0
270168,0
270178,0
270188,0
270198,0
270210,0
270220,0
270230,1
270240,0
270251,0
270261,1
270271,0
270282,0
270292,0
270303,0
270313,0
270323,0
270333,1
270345,0
270355,1
270365,0
270375,0
270386,0
270396,0
270406,0
270417,0
270428,0
270438,0
270448,0
270458,0
270469,0
270480,0
270490,0
270500,1
270511,1
270521,0
270531,0
270542,0
270553,0
270563,1
270573,0
270583,1
270594,0
270604,0
270615,0
270625,0
270636,0
270646,0
270656,0
270666,1
270678,0
270688,0
270698,1
270708,0
270718,0
270729,1
270739,0
270750,0
270760,0
270771,0
270781,0
270791,0
270801,0
270813,0
270823,0
270833,0
270843,0
270854,0
270864,0
270875,0
270885,0
270896,0
270906,0
270916,0
270926,0
270937,0
270948,0
270958,0
270968,1
270979,0
270989,0
270999,0
271010,0
271021,0
271031,0
271041,0
271051,0
271062,0
271072,1
271083,0
271093,0
271104,0
271114,1
271124,0
271134,0
271145,0
271156,1
271166,0
271176,0
271186,0
271197,1
271208,1
271218,0
271228,0
271239,0
271249,0
271259,0
271269,0
271281,1
271291,0
271301,1
271311,0
271322,1
271332,1
271343,0
271353,0
271364,0
271374,1
271384,0
271394,0
271405,0
271416,0
271426,0
271436,0
271447,0
271457,0
271467,0
271478,0
271489,0
271499,0
271509,0
271519,1
271529,0
271541,0
271551,1
271561,0
271571,0
271582,1
271592,0
271602,0
271613,0
271624,0
271634,1
271644,0
271654,0
271665,0
271676,0
271686,0
271696,1
271707,0
271717,0
271727,0
271737,0
271749,0
271759,0
271769,1
271779,0
271790,0
271800,1
271811,0
271821,0
271832,1
271842,0
271852,1
271862,0
271874,0
271884,0
271894,0
271904,1
271915,0
271925,0
271935,0
271946,0
271956,0
271967,0
271977,0
271987,0
271997,0
272009,0
272019,0
272029,0
272039,0
272050,1
272060,0
272070,0
272081,0
272092,1
272102,0
272112,0
272122,0
272133,0
272144,0
272154,0
272164,0
272175,0
272185,0
272195,0
272206,0
272217,0
272227,1
272237,0
272247,0
272258,0
272268,1
272279,1
272289,0
272300,0
272310,0
272320,0
272330,0
272342,0
272352,0
272362,0
272372,0
272382,0
272393,0
272403,1
272414,0
272424,0
272435,0
272445,0
272455,0
272465,0
272477,0
272487,0
272497,0
272507,1
272518,0
272528,0
272539,0
272549,0
272560,0
272570,0
272580,0
272590,0
272601,1
272612,0
272622,0
272632,0
272643,0
272653,0
272663,1
272674,0
272685,1
272695,0
272705,0
272715,0
272726,0
272736,1
272747,0
272757,0
272768,0
272778,0
272788,0
272798,0
272809,0
272820,0
272830,0
272840,0
272850,0
272861,0
272872,0
272882,1
272892,0
272903,0
272913,0
272923,0
272933,0
272945,0
272955,1
272965,0
272975,0
272986,0
272996,0
273007,0
273017,0
273028,0
273038,0
273048,0
273058,0
273069,1
273080,0
273090,0
273100,0
273111,0
273121,0
273131,0
273142,0
273153,1
273163,0
273173,0
273183,0
273193,0
273205,0
273215,0
273225,0
273235,1
273246,0
273256,0
273266,0
273277,0
273288,1
273298,1
273308,0
273318,0
273329,1
273340,0
273350,1
273360,0
273371,0
273381,1
273391,0
273401,0
273413,0
273423,0
273433,0
273443,0
273454,0
273464,0
273475,0
273485,0
273496,0
273506,0
273516,1
273526,0
273538,0
273548,0
273558,0
273568,0
273579,0
273589,0
273599,0
273610,0
273620,0
273631,0
273641,0
273651,1
273661,0
273673,1
273683,0
273693,0
273703,0
273714,0
273724,0
273734,0
273745,0
273756,0
273766,1
273776,1
273786,0
273797,0
273808,1
273818,0
273828,1
273839,0
273849,0
273859,1
273870,0
273881,1
273891,1
273901,0
273911,0
273922,1
273932,0
273943,0
273953,0
273964,0
273974,0
273984,0
273994,0
274006,0
274016,0
274026,0
274036,0
274046,0
274057,0
274067,0
274078,1
274088,1
274099,1
274109,0
274119,0
274129,0
274141,0
274151,0
274161,0
274171,1
274182,0
274192,0
274203,0
274213,0
274224,0
274234,0
274244,0
274254,0
274265,0
274276,0
274286,0
274296,0
274307,0
274317,0
274327,0
274338,0
274349,1
274359,1
274369,0
274379,0
274390,0
274400,0
274411,0
274421,0
274432,0
274442,0
274452,0
274462,2
274473,0
274484,0
274494,0
274504,0
274514,1
274525,1
274536,0
274546,0
274556,0
274567,0
274577,0
274587,0
274597,1
274609,1
274619,0
274629,0
274639,0
274650,0
274660,0
274671,1
274681,0
274692,0
274702,0
274712,0
274722,0
274733,0
274744,1
274754,0
274764,1
274775,0
274785,0
274795,0
274806,0
274817,1
274827,0
274837,0
274847,0
274857,0
274869,0
274879,0
274889,1
274899,0
274910,0
274920,1
274930,0
274941,0
274952,0
274962,1
274972,0
274982,1
274993,0
275004,0
275014,0
275024,0
275035,0
275045,0
275055,0
275065,1
275077,0
275087,0
275097,0
275107,0
275118,0
275128,0
275139,0
275149,0
275160,0
275170,0
275180,0
275190,1
275202,0
275212,0
275222,0
275232,0
275243,0
275253,0
275263,0
275274,1
275284,1
275295,1
275305,0
275315,0
275325,1
275337,0
275347,0
275357,0
275367,0
275378,0
275388,0
275398,0
275409,0
275420,0
275430,0
275440,0
275450,1
275461,0
275472,0
275482,0
275492,0
275503,0
275513,0
275523,1
275534,0
275545,0
275555,0
275565,1
275575,0
275586,0
275596,0
275607,0
275617,0
275628,0
275638,0
275648,0
275658,0
275670,0
275680,0
275690,0
275700,0
275710,0
275721,0
275731,0
275742,0
275752,0
275763,0
275773,0
275783,0
275793,0
275805,1
275815,1
275825,0
275835,0
275846,0
275856,1
275867,0
275877,0
275888,0
275898,0
275908,0
275918,1
275929,0
275940,0
275950,0
275960,0
275971,0
275981,0
275991,0
276002,0
276013,0
276023,1
276033,1
276043,0
276054,0
276064,0
276075,0
276085,0
276096,1
276106,0
276116,0
276126,0
276137,0
276148,0
276158,0
276168,0
276178,0
276189,0
276200,0
276210,1
276220,0
276231,0
276241,0
276251,0
276261,0
276273,0
276283,1
276293,1
276303,1
276314,0
276324,0
276335,0
276345,0
276356,0
276366,0
276376,1
276386,0
276397,0
276408,0
276418,0
276428,0
276439,0
276449,0
276459,0
276470,0
276481,0
276491,0
276501,0
276511,0
276521,0
276533,0
276543,0
276553,0
276563,1
276574,1
276584,0
276594,1
276605,0
276616,1
276626,0
276636,0
276646,0
276657,1
276668,0
276678,0
276688,0
276699,1
276709,0
276719,1
276729,1
276741,0
276751,0
276761,0
276771,0
276782,0
276792,0
276803,0
276813,0
276824,1
276834,0
276844,0
276854,0
276866,0
276876,0
276886,1
276896,0
276907,0
276917,0
276927,0
276938,0
276948,0
276959,0
276969,0
276979,0
276989,0
277001,0
277011,0
277021,0
277031,0
277042,0
277052,1
277062,0
277073,0
277084,0
277094,0
277104,0
277114,0
277125,0
277136,1
277146,0
277156,0
277167,0
277177,0
277187,0
277198,0
277209,0
277219,0
277229,0
277239,0
277250,0
277260,0
277271,0
277281,0
277292,0
277302,0
277312,0
277322,0
277334,1
277344,0
277354,0
277364,1
277374,0
277385,0
277395,0
277406,0
277416,1
277427,1
277437,0
277447,0
277457,0
277469,0
277479,0
277489,0
277499,0
277510,0
277520,0
277531,0
277541,0
277552,0
277562,0
277572,0
277582,0
277593,0
277604,0
277614,0
277624,0
277635,0
277645,0
277655,0
277666,0
277677,0
277687,0
277697,1
277707,1
277718,0
277728,0
277739,0
277749,0
277760,0
277770,0
277780,0
277790,0
277801,0
277812,0
277822,0
277832,0
277842,0
277853,0
277864,0
277874,0
277884,0
277895,0
277905,0
277915,0
277925,1
277937,0
277947,0
277957,0
277967,0
277978,1
277988,0
277999,0
278009,0
278020,0
278030,1
278040,0
278050,0
278061,0
278072,0
278082,0
278092,0
278103,0
278113,0
278123,0
278134,0
278145,0
278155,0
278165,0
278175,0
278185,0
278197,0
278207,0
278217,0
278227,0
278238,0
278248,0
278258,0
278269,0
278280,0
278290,1
278300,0
278310,0
278321,0
278332,0
278342,0
278352,0
278363,0
278373,0
278383,0
278393,0
278405,1
278415,0
278425,0
278435,0
278446,0
278456,0
278467,0
278477,0
278488,1
278498,0
278508,0
278518,0
278530,0
278540,0
278550,1
278560,1
278571,0
278581,0
278591,1
278602,0
278612,1
278623,0
278633,1
278643,0
278653,0
278665,0
278675,0
278685,1
278695,0
278706,0
278716,0
278726,0
278737,0
278748,0
278758,0
278768,1
278778,0
278789,0
278800,1
278810,0
278820,1
278831,0
278841,0
278851,0
278862,0
278873,0
278883,0
278893,0
278903,0
278914,0
278924,0
278935,0
278945,0
278956,1
278966,0
278976,0
278986,0
278998,0
279008,0
279018,0
279028,0
279038,0
279049,1
279059,0
279070,1
279080,0
279091,0
279101,1
279111,0
279121,0
279133,0
279143,0
279153,0
279163,0
279174,0
279184,0
279195,0
279205,0
279216,0
279226,0
279236,0
279246,0
279257,0
279268,0
279278,0
279288,0
279299,0
279309,0
279319,0
279330,0
279341,0
279351,0
279361,0
279371,0
279382,1
279392,1
279403,0
279413,0
279424,1
279434,0
279444,0
279454,0
279465,1
279476,0
279486,0
279496,0
279506,0
279517,0
279528,1
279538,0
279548,0
279559,0
279569,0
279579,0
279589,0
279601,0
279611,0
279621,0
279631,0
279642,0
279652,0
279663,0
279673,0
279684,0
279694,0
279704,0
279714,0
279725,1
279736,0
279746,0
279756,0
279767,0
279777,0
279787,1
279798,0
279809,0
279819,0
279829,0
279839,0
279849,0
279861,0
279871,0
279881,0
279891,0
279902,0
279912,0
279922,0
279933,0
279944,0
279954,0
279964,0
279974,0
279985,0
279996,0
280006,0
280016,0
280027,0
280037,0
280047,0
280057,0
280069,0
280079,0
280089,1
280099,0
280110,0
280120,0
280131,0
280141,0
280152,0
280162,1
280172,0
280182,0
280194,0
280204,0
280214,0
280224,0
280235,0
280245,0
280255,0
280266,0
280276,1
280287,0
280297,0
280307,0
280317,0
280329,0
280339,0
280349,0
280359,0
280370,0
280380,0
280390,1
280401,0
280412,0
280422,0
280432,0
280442,0
280453,0
280464,0
280474,0
280484,0
280495,0
280505,0
280515,1
280526,1
280537,0
280547,0
280557,0
280567,0
280578,0
280588,0
280599,0
280609,0
280620,0
280630,0
280640,0
280650,0
280662,0
280672,1
280682,0
280692,0
280702,0
280713,0
280723,0
280734,0
280744,0
280755,0
280765,0
280775,0
280785,0
280797,0
280807,0
280817,0
280827,0
280838,0
280848,0
280859,0
280869,0
280880,0
280890,0
280900,0
280910,0
280921,1
280932,0
280942,0
280952,0
280963,0
280973,0
280983,0
280994,0
281005,0
281015,1
281025,0
281035,0
281046,0
281056,0
281067,1
281077,0
281088,0
281098,0
281108,0
281118,0
281129,0
281140,0
281150,0
281160,0
281170,0
281181,0
281192,0
281202,0
281212,0
281223,0
281233,0
281243,0
281253,0
281265,0
281275,0
281285,0
281295,0
281306,0
281316,0
281327,0
281337,0
281348,0
281358,0
281368,0
281378,0
281389,0
281400,0
281410,0
281420,0
281431,0
281441,0
281451,0
281462,0
281473,0
281483,0
281493,0
281503,1
281513,0
281525,0
281535,0
281545,0
281555,0
281566,0
281576,0
281586,0
281597,0
281608,0
281618,0
281628,0
281638,0
281649,0
281660,0
281670,0
281680,1
281691,0
281701,0
281711,1
281721,0
281733,0
281743,0
281753,1
281763,0
281774,0
281784,0
281795,0
281805,0
281816,0
281826,0
281836,0
281846,0
281858,0
281868,0
281878,0
281888,0
281899,0
281909,0
281919,1
281930,0
281940,0
281951,1
281961,0
281971,0
281981,0
281993,0
282003,0
282013,0
282023,0
282034,0
282044,0
282054,0
282065,0
282076,0
282086,0
282096,0
282106,0
282117,1
282128,0
282138,0
282148,0
282159,0
282169,0
282179,0
282190,0
282201,0
282211,0
282221,0
282231,0
282242,0
282252,0
282263,0
282273,0
282284,0
282294,0
282304,0
282314,0
282326,0
282336,0
282346,0
282356,0
282366,0
282377,0
282387,0
282398,0
282408,0
282419,0
282429,0
282439,0
282449,0
282461,0
282471,0
282481,0
282491,0
282502,0
282512,0
282523,0
282533,0
282544,0
282554,0
282564,0
282574,0
282585,0
282596,0
282606,0
282616,0
282627,0
282637,0
282647,0
282658,0
282669,0
282679,0
282689,0
282699,0
282710,1
282720,0
282731,0
282741,0
282752,0
282762,0
282772,0
282782,0
282793,0
282804,0
282814,0
282824,0
282834,0
282845,0
282856,0
282866,0
282876,0
282887,0
282897,0
282907,0
282917,0
282929,0
282939,0
282949,1
282959,0
282970,0
282980,0
282991,0
283001,0
283012,0
283022,0
283032,0
283042,0
283053,0
283064,0
283074,0
283084,0
283095,1
283105,0
283115,0
283126,0
283137,0
283147,0
283157,0
283167,0
283177,0
283189,0
283199,0
283209,0
283219,0
283230,0
283240,0
283250,0
283261,0
283272,0
283282,0
283292,0
283302,0
283313,1
283324,0
283334,0
283344,0
283355,0
283365,0
283375,0
283385,0
283397,0
283407,0
283417,0
283427,0
283438,1
283448,0
283459,0
283469,0
283480,0
283490,0
283500,0
283510,0
283522,0
283532,0
283542,0
283552,0
283563,0
283573,0
283583,0
283594,0
283604,0
283615,1
283625,0
283635,0
283645,0
283657,0
283667,0
283677,0
283687,0
283698,0
283708,0
283718,0
283729,0
283740,0
283750,0
283760,0
283770,0
283781,1
283792,0
283802,0
283812,0
283823,0
283833,0
283843,0
283854,0
283865,0
283875,0
283885,0
283895,0
283906,0
283916,0
283927,0
283937,0
283948,0
283958,0
283968,0
283978,1
283990,0
284000,0
284010,0
284020,0
284030,0
284041,0
284051,0
284062,0
284072,0
284083,0
284093,0
284103,0
284113,0
284125,0
284135,0
284145,0
284155,0
284166,0
284176,0
284187,0
284197,0
284208,0
284218,0
284228,0
284238,0
284249,0
284260,0
284270,0
284280,0
284291,0
284301,0
284311,0
284322,0
284333,0
284343,0
284353,0
284363,0
284374,0
284384,0
284395,0
284405,0
284416,1
284426,0
284436,0
284446,0
284457,0
284468,0
284478,0
284488,0
284498,0
284509,0
284520,0
284530,0
284540,0
284551,0
284561,0
284571,0
284581,0
284593,0
284603,0
284613,0
284623,0
284634,0
284644,0
284655,0
284665,0
284676,0
284686,0
284696,0
284706,0
284717,0
284728,0
284738,0
284748,0
284759,0
284769,0
284779,0
284790,1
284801,0
284811,0
284821,0
284831,0
284841,1
284853,0
284863,0
284873,0
284883,0
284894,0
284904,0
284914,0
284925,0
284936,0
284946,0
284956,0
284966,0
284977,0
284988,1
284998,0
285008,0
285019,0
285029,0
285039,0
285049,0
285061,0
285071,0
285081,0
285091,0
285102,0
285112,0
285123,0
285133,1
285144,0
285154,0
285164,0
285174,0
285186,0
285196,0
285206,0
285216,0
285227,0
285237,0
285247,0
285258,0
285268,1
285279,0
285289,0
285299,0
285309,0
285321,0
285331,0
285341,0
285351,0
285362,0
285372,0
285382,0
285393,0
285404,1
285414,0
285424,0
285434,0
285445,0
285456,0
285466,0
285476,0
285487,0
285497,0
285507,1
285518,0
285529,0
285539,0
285549,0
285559,0
285570,0
285580,0
285591,0
285601,0
285612,0
285622,0
285632,0
285642,0
285654,0
285664,0
285674,0
285684,0
285694,0
285705,0
285715,0
285726,0
285736,0
285747,0
285757,0
285767,0
285777,0
285789,0
285799,0
285809,0
285819,0
285830,0
285840,0
285851,0
285861,0
285872,0
285882,0
285892,0
285902,0
285913,0
285924,0
285934,0
285944,0
285955,0
285965,0
285975,0
285986,0
285997,0
286007,0
286017,0
286027,0
286038,0
286048,0
286059,0
286069,0
286080,0
286090,0
286100,0
286110,0
286121,0
286132,1
286142,0
286152,0
286162,0
286173,0
286184,1
286194,0
286204,0
286215,0
286225,0
286235,0
286245,0
286257,0
286267,1
286277,0
286287,0
286298,1
286308,0
286319,0
286329,1
286340,0
286350,0
286360,0
286370,0
286381,0
286392,0
286402,0
286412,0
286423,0
286433,0
286443,0
286454,0
286465,0
286475,0
286485,0
286495,0
286505,0
286517,0
286527,0
286537,0
286547,0
286558,0
286568,0
286578,0
286589,0
286600,0
286610,0
286620,0
286630,0
286641,1
286652,0
286662,0
286672,0
286683,0
286693,0
286703,0
286713,0
286725,0
286735,0
286745,0
286755,0
286766,0
286776,0
286787,0
286797,0
286808,0
286818,0
286828,0
286838,0
286850,0
286860,0
286870,0
286880,0
286891,0
286901,0
286911,0
286922,0
286932,0
286943,0
286953,0
286963,0
286973,0
286985,0
286995,0
287005,1
287015,0
287026,0
287036,0
287046,0
287057,0
287068,0
287078,0
287088,0
287098,0
287109,0
287120,0
287130,0
287140,0
287151,0
287161,0
287171,0
287182,0
287193,0
287203,1
287213,0
287223,0
287234,0
287244,1
287255,1
287265,0
287276,0
287286,0
287296,0
287306,0
287318,0
287328,0
287338,1
287348,0
287358,0
287369,0
287379,0
287390,0
287400,0
287411,1
287421,0
287431,1
287441,0
287453,0
287463,0
287473,0
287483,0
287494,0
287504,0
287515,0
287525,0
287536,0
287546,1
287556,0
287566,0
287577,0
287588,0
287598,0
287608,0
287619,1
287629,0
287639,0
287650,0
287661,0
287671,1
287681,0
287691,0
287702,0
287712,0
287723,1
287733,0
287744,0
287754,0
287764,0
287774,0
287785,0
287796,0
287806,1
287816,0
287826,0
287837,0
287848,0
287858,0
287868,0
287879,1
287889,1
287899,0
287909,1
287921,0
287931,0
287941,0
287951,0
287962,0
287972,0
287983,0
287993,0
288004,0
288014,0
288024,0
288034,0
288045,1
288056,1
288066,0
288076,1
288087,0
288097,0
288107,1
288118,0
288129,0
288139,0
288149,0
288159,0
288169,0
288181,0
288191,0
288201,0
288211,0
288222,0
288232,1
288242,1
288253,0
288264,0
288274,0
288284,0
288294,0
288305,0
288316,0
288326,0
288336,0
288347,0
288357,0
288367,0
288377,0
288389,0
288399,0
288409,0
288419,0
288430,0
288440,0
288451,1
288461,0
288472,0
288482,0
288492,0
288502,0
288514,0
288524,1
288534,1
288544,0
288555,0
288565,1
288575,0
288586,0
288596,0
288607,0
288617,0
288627,0
288637,0
288649,0
288659,0
288669,0
288679,0
288690,0
288700,0
288710,0
288721,0
288732,0
288742,0
288752,0
288762,1
288773,0
288784,0
288794,0
288804,0
288815,0
288825,0
288835,0
288846,0
288857,0
288867,0
288877,0
288887,0
288898,0
288908,0
288919,0
288929,0
288940,0
288950,0
288960,0
288970,0
288982,0
288992,0
289002,0
289012,0
289022,0
289033,0
289043,0
289054,0
289064,0
289075,0
289085,0
289095,0
289105,0
289117,0
289127,1
289137,0
289147,0
289158,0
289168,0
289179,0
289189,0
289200,0
289210,0
289220,0
289230,0
289241,0
289252,1
289262,0
289272,0
289283,0
289293,0
289303,0
289314,0
289325,0
289335,0
289345,0
289355,1
289366,0
289376,0
289387,0
289397,1
289408,0
289418,0
289428,0
289438,0
289449,0
289460,0
289470,1
289480,0
289490,0
289501,0
289512,0
289522,0
289532,0
289543,0
289553,0
289563,0
289573,0
289585,0
289595,0
289605,0
289615,0
289626,0
289636,0
289647,1
289657,0
289668,0
289678,0
289688,0
289698,0
289709,0
289720,1
289730,0
289740,0
289751,1
289761,0
289771,0
289782,0
289793,0
289803,0
289813,0
289823,1
289833,0
289845,0
289855,0
289865,0
289875,0
289886,0
289896,0
289906,0
289917,0
289928,0
289938,0
289948,0
289958,0
289969,0
289980,0
289990,0
290000,0
290011,0
290021,0
290031,0
290041,0
290053,0
290063,0
290073,1
290083,0
290094,1
290104,0
290115,0
290125,0
290136,0
290146,0
290156,0
290166,0
290178,0
290188,0
290198,0
290208,0
290219,0
290229,0
290239,0
290250,0
290260,0
290271,0
290281,0
290291,0
290301,0
290313,0
290323,0
290333,0
290343,0
290354,0
290364,0
290374,0
290385,1
290396,0
290406,0
290416,0
290426,0
290437,0
290448,0
290458,0
290468,0
290479,0
290489,1
290499,0
290510,0
290521,0
290531,0
290541,0
290551,0
290562,0
290572,0
290583,0
290593,0
290604,0
290614,1
290624,0
290634,0
290646,0
290656,0
290666,0
290676,0
290686,0
290697,0
290707,0
290718,1
290728,0
290739,0
290749,0
290759,0
290769,1
290781,0
290791,0
290801,0
290811,0
290822,0
290832,0
290843,0
290853,0
290864,0
290874,0
290884,0
290894,0
290905,0
290916,0
290926,1
290936,0
290947,0
290957,0
290967,0
290978,0
290989,0
290999,0
291009,0
291019,0
291030,0
291040,0
291051,0
291061,0
291072,0
291082,0
291092,0
291102,0
291113,0
291124,0
291134,0
291144,1
291154,0
291165,0
291176,1
291186,0
291196,0
291207,0
291217,1
291227,0
291237,0
291249,0
291259,0
291269,0
291279,0
291290,0
291300,0
291311,0
291321,0
291332,0
291342,0
291352,0
291362,1
291373,0
291384,0
291394,0
291404,0
291415,0
291425,1
291435,0
291446,0
291457,0
291467,0
291477,0
291487,0
291497,0
291509,0
291519,0
291529,0
291539,0
291550,0
291560,0
291570,0
291581,0
291592,0
291602,0
291612,0
291622,0
291633,0
291644,0
291654,0
291664,0
291675,0
291685,0
291695,0
291705,0
291717,0
291727,0
291737,0
291747,0
291758,1
291768,0
291779,0
291789,0
291800,0
291810,0
291820,0
291830,0
291842,0
291852,0
291862,0
291872,0
291883,0
291893,0
291903,0
291914,0
291924,0
291935,0
291945,0
291955,0
291965,0
291977,0
291987,0
291997,1
292007,0
292018,0
292028,0
292038,0
292049,0
292060,0
292070,0
292080,0
292090,0
292101,1
292112,0
292122,0
292132,0
292143,0
292153,0
292163,0
292174,0
292185,1
292195,0
292205,1
292215,0
292226,0
292236,1
292247,0
292257,0
292268,0
292278,0
292288,0
292298,0
292310,0
292320,0
292330,0
292340,0
292350,0
292361,0
292371,1
292382,0
292392,0
292403,0
292413,0
292423,0
292433,0
292445,0
292455,0
292465,0
292475,0
292486,0
292496,0
292507,0
292517,1
292528,0
292538,0
292548,0
292558,0
292569,0
292580,0
292590,0
292600,0
292611,0
292621,0
292631,0
292642,0
292653,0
292663,0
292673,0
292683,0
292694,0
292704,0
292715,0
292725,0
292736,0
292746,0
292756,0
292766,0
292777,0
292788,0
292798,0
292808,0
292818,0
292829,0
292840,0
292850,0
292860,0
292871,0
292881,0
292891,0
292901,1
292913,0
292923,0
292933,0
292943,0
292954,1
292964,0
292975,0
292985,0
292996,0
293006,0
293016,0
293026,0
293037,0
293048,0
293058,0
293068,0
293079,0
293089,1
293099,1
293110,0
293121,1
293131,0
293141,0
293151,0
293161,0
293173,0
293183,0
293193,0
293203,0
293214,0
293224,0
293234,1
293245,0
293256,0
293266,0
293276,0
293286,0
293297,0
293308,0
293318,0
293328,0
293339,0
293349,1
293359,0
293369,0
293381,0
293391,0
293401,0
293411,0
293422,1
293432,1
293443,1
293453,1
293464,0
293474,0
293484,0
293494,0
293506,0
293516,1
293526,0
293536,0
293547,0
293557,1
293567,0
293578,0
293588,0
293599,0
293609,0
293619,0
293629,0
293641,0
293651,0
293661,0
293671,0
293682,0
293692,0
293702,0
293713,0
293724,0
293734,0
293744,0
293754,1
293765,0
293776,0
293786,0
293796,1
293807,0
293817,0
293827,0
293838,0
293849,1
293859,0
293869,0
293879,0
293890,0
293900,1
293911,0
293921,0
293932,0
293942,0
293952,0
293962,0
293974,0
293984,1
293994,0
294004,0
294014,0
294025,0
294035,0
294046,0
294056,0
294067,0
294077,0
294087,0
294097,0
294109,0
294119,0
294129,0
294139,1
294150,0
294160,0
294171,0
294181,0
294192,1
294202,0
294212,0
294222,0
294233,0
294244,0
294254,1
294264,0
294275,0
294285,0
294295,0
294306,0
294317,0
294327,0
294337,0
294347,0
294358,0
294368,0
294379,0
294389,0
294400,0
294410,0
294420,0
294430,0
294441,0
294452,0
294462,0
294472,0
294482,0
294493,0
294504,0
294514,1
294524,1
294535,1
294545,0
294555,0
294565,0
294577,0
294587,0
294597,0
294607,0
294618,0
294628,0
294639,0
294649,1
294660,0
294670,0
294680,0
294690,0
294701,0
294712,0
294722,0
294732,0
294743,1
294753,0
294763,0
294774,0
294785,0
294795,0
294805,0
294815,0
294825,0
294837,0
294847,0
294857,0
294867,0
294878,0
294888,0
294898,0
294909,0
294920,0
294930,0
294940,0
294950,0
294961,0
294972,0
294982,0
294992,0
295003,0
295013,0
295023,1
295033,0
295045,1
295055,0
295065,0
295075,0
295086,0
295096,0
295107,0
295117,0
295128,0
295138,0
295148,0
295158,0
295170,0
295180,0
295190,0
295200,0
295211,0
295221,1
295231,0
295242,0
295252,0
295263,0
295273,0
295283,0
295293,0
295305,0
295315,0
295325,0
295335,0
295346,0
295356,1
295366,0
295377,0
295388,0
295398,0
295408,0
295418,0
295429,1
295440,0
295450,0
295460,0
295471,0
295481,0
295491,0
295502,1
295513,0
295523,0
295533,0
295543,0
295554,0
295564,0
295575,0
295585,1
295596,0
295606,1
295616,0
295626,0
295638,0
295648,0
295658,1
295668,0
295678,0
295689,0
295699,1
295710,0
295720,0
295731,0
295741,0
295751,0
295761,0
295773,1
295783,0
295793,0
295803,0
295814,0
295824,0
295835,0
295845,0
295856,0
295866,1
295876,0
295886,0
295897,0
295908,0
295918,0
295928,0
295939,0
295949,0
295959,0
295970,0
295981,0
295991,0
296001,0
296011,0
296022,0
296032,1
296043,0
296053,0
296064,0
296074,0
296084,0
296094,0
296105,0
296116,0
296126,0
296136,0
296146,0
296157,1
296168,0
296178,0
296188,0
296199,0
296209,0
296219,0
296229,0
296241,0
296251,0
296261,0
296271,0
296282,0
296292,0
296303,0
296313,0
296324,0
296334,0
296344,0
296354,0
296365,0
296376,0
296386,0
296396,0
296407,0
296417,0
296427,0
296438,0
296449,0
296459,0
296469,0
296479,0
296489,0
296501,0
296511,1
296521,0
296531,0
296542,0
296552,0
296562,0
296573,0
296584,0
296594,0
296604,0
296614,0
296625,0
296636,0
296646,0
296656,0
296667,0
296677,0
296687,0
296697,0
296709,1
296719,0
296729,0
296739,0
296750,0
296760,0
296771,0
296781,0
296792,0
296802,0
296812,0
296822,1
296834,0
296844,0
296854,0
296864,0
296875,0
296885,0
296895,0
296906,0
296916,0
296927,0
296937,0
296947,0
296957,0
296969,0
296979,0
296989,0
296999,0
297010,0
297020,0
297030,0
297041,0
297052,0
297062,0
297072,0
297082,0
297093,0
297104,0
297114,0
297124,0
297135,0
297145,0
297155,0
297166,1
297177,0
297187,0
297197,0
297207,0
297218,0
297228,0
297239,0
297249,0
297260,0
297270,0
297280,0
297290,0
297302,0
297312,0
297322,0
297332,0
297342,0
297353,0
297363,0
297374,0
297384,0
297395,0
297405,0
297415,0
297425,0
297437,0
297447,0
297457,0
297467,0
297478,0
297488,0
297499,0
297509,0
297520,0
297530,0
297540,0
297550,0
297561,0
297572,0
297582,0
297592,0
297603,1
297613,0
297623,0
297634,0
297645,0
297655,0
297665,0
297675,1
297686,0
297696,0
297707,0
297717,0
297728,0
297738,0
297748,0
297758,0
297769,0
297780,0
297790,0
297800,0
297810,0
297821,0
297832,0
297842,0
297852,0
297863,1
297873,0
297883,0
297893,0
297905,0
297915,0
297925,0
297935,0
297946,0
297956,0
297967,0
297977,0
297988,0
297998,0
298008,0
298018,0
298029,0
298040,0
298050,0
298060,0
298071,0
298081,0
298091,0
298102,0
298113,0
298123,0
298133,0
298143,0
298153,0
298165,0
298175,0
298185,0
298195,0
298206,0
298216,0
298226,0
298237,0
298248,0
298258,0
298268,0
298278,0
298289,0
298300,0
298310,0
298320,0
298331,0
298341,0
298351,0
298361,0
298373,0
298383,0
298393,0
298403,0
298414,0
298424,0
298435,0
298445,0
298456,0
298466,0
298476,0
298486,0
298498,0
298508,0
298518,0
298528,1
298539,1
298549,0
298559,0
298570,0
298580,0
298591,0
298601,0
298611,1
298621,0
298633,0
298643,0
298653,0
298663,0
298674,0
298684,0
298694,0
298705,0
298716,0
298726,0
298736,0
298746,0
298757,1
298768,0
298778,0
298788,0
298799,0
298809,0
298819,0
298830,0
298841,0
298851,0
298861,0
298871,0
298882,0
298892,1
298903,0
298913,0
298924,0
298934,0
298944,0
298954,0
298966,0
298976,0
298986,0
298996,0
299006,0
299017,0
299027,0
299038,0
299048,1
299059,0
299069,0
299079,0
299089,0
299101,0
299111,0
299121,0
299131,0
299142,0
299152,0
299163,0
299173,0
299184,1
299194,0
299204,0
299214,0
299225,0
299236,0
299246,0
299256,0
299267,0
299277,1
299287,0
299298,0
299309,0
299319,0
299329,0
299339,0
299350,0
299360,0
299371,1
299381,0
299392,0
299402,0
299412,0
299422,0
299433,0
299444,0
299454,0
299464,0
299474,0
299485,0
299496,0
299506,0
299516,0
299527,0
299537,0
299547,0
299557,0
299569,0
299579,0
299589,0
299599,0
299610,0
299620,0
299631,0
299641,0
299652,0
299662,0
299672,0
299682,0
299693,0
299704,0
299714,0
299724,0
299735,0
299745,0
299755,0
299766,0
299777,0
299787,0
299797,0
299807,0
299817,0
299829,0
299839,0
299849,0
299859,0
299870,0
299880,0
299890,0
299901,0
299912,0
299922,0
299932,0
299942,0
299953,0
299964,0
299974,0
299984,0
299995,0
300005,0
300015,0
300025,0
300037,0
300047,0
300057,0
300067,0
300078,0
300088,0
300099,0
300109,0
300120,0
300130,0
300140,0
300150,0
300162,0
300172,0
300182,0
300192,0
300203,1
300213,0
300223,0
300234,0
300244,0
300255,0
300265,0
300275,0
300285,1
300297,0
300307,0
300317,0
300327,0
300338,0
300348,0
300358,0
300369,0
300380,0
300390,0
300400,0
300410,0
300421,0
300432,0
300442,0
300452,0
300463,0
300473,0
300483,0
300494,0
300505,0
300515,0
300525,0
300535,0
300546,0
300556,0
300567,0
300577,0
300588,0
300598,0
300608,0
300618,0
300630,0
300640,0
300650,0
300660,0
300670,0
300681,0
300691,0
300702,0
300712,0
300723,0
300733,0
300743,0
300753,0
300765,0
300775,0
300785,0
300795,1
300806,0
300816,0
300827,0
300837,0
300848,0
300858,0
300868,0
300878,0
300889,0
300900,0
300910,0
300920,0
300931,0
300941,0
300951,0
300962,0
300973,0
300983,0
300993,0
301003,0
301014,0
301024,0
301035,0
301045,0
301056,0
301066,0
301076,0
301086,0
301097,1
301108,0
301118,0
301128,0
301138,0
301149,0
301160,0
301170,0
301180,0
301191,0
301201,0
301211,0
301221,1
301233,0
301243,0
301253,0
301263,0
301274,0
301284,0
301295,0
301305,0
301316,1
301326,0
301336,0
301346,0
301357,0
301368,0
301378,0
301388,1
301399,0
301409,0
301419,0
301430,0
301441,0
301451,0
301461,0
301471,0
301481,0
301493,0
301503,0
301513,0
301523,0
301534,0
301544,0
301554,0
301565,1
301576,0
301586,0
301596,0
301606,0
301617,0
301628,0
301638,0
301648,0
301659,0
301669,0
301679,0
301689,0
301701,0
301711,0
301721,0
301731,0
301742,0
301752,0
301763,1
301773,0
301784,0
301794,0
301804,1
301814,0
301826,0
301836,0
301846,0
301856,0
301867,0
301877,0
301887,0
301898,0
301908,0
301919,0
301929,0
301939,0
301949,0
301961,0
301971,0
301981,0
301991,0
302002,0
302012,0
302022,0
302033,0
302044,0
302054,0
302064,0
302074,0
302085,0
302096,0
302106,0
302116,0
302127,0
302137,0
302147,0
302158,0
302169,0
302179,0
302189,0
302199,0
302210,0
302220,1
302231,0
302241,0
302252,0
302262,0
302272,0
302282,1
302294,0
302304,0
302314,0
302324,0
302334,0
302345,0
302355,0
302366,0
302376,0
302387,0
302397,0
302407,0
302417,0
302429,0
302439,0
302449,0
302459,0
302470,0
302480,0
302491,0
302501,0
302512,0
302522,0
302532,1
302542,0
302553,0
302564,0
302574,0
302584,0
302595,0
302605,0
302615,0
302626,0
302637,0
302647,0
302657,0
302667,1
302678,0
302688,0
302699,0
302709,0
302720,0
302730,0
302740,0
302750,0
302761,0
302772,0
302782,0
302792,0
302802,0
302813,0
302824,0
302834,0
302844,0
302855,0
302865,0
302875,0
302885,0
302897,0
302907,0
302917,0
302927,0
302938,1
302948,0
302959,1
302969,0
302980,0
302990,0
303000,0
303010,0
303021,0
303032,0
303042,0
303052,0
303063,0
303073,1
303083,0
303094,0
303105,0
303115,0
303125,0
303135,0
303145,0
303157,0
303167,0
303177,0
303187,0
303198,1
303208,0
303218,0
303229,0
303240,0
303250,0
303260,0
303270,0
303281,0
303292,0
303302,0
303312,0
303323,0
303333,0
303343,0
303353,0
303365,0
303375,0
303385,1
303395,0
303406,0
303416,1
303427,0
303437,0
303448,0
303458,0
303468,0
303478,0
303490,0
303500,0
303510,0
303520,0
303531,0
303541,0
303551,0
303562,0
303572,0
303583,0
303593,0
303603,0
303613,0
303625,0
303635,0
303645,0
303655,0
303666,0
303676,0
303686,0
303697,0
303708,0
303718,0
303728,0
303738,0
303749,0
303760,0
303770,1
303780,1
303791,0
303801,0
303811,0
303822,0
303833,0
303843,1
303853,0
303863,0
303874,0
303884,0
303895,0
303905,0
303916,0
303926,1
303936,0
303946,0
303958,0
303968,0
303978,0
303988,0
303998,0
304009,1
304019,0
304030,0
304040,0
304051,0
304061,0
304071,0
304081,0
304093,1
304103,1
304113,0
304123,0
304134,0
304144,1
304155,0
304165,0
304176,0
304186,0
304196,0
304206,0
304217,0
304228,1
304238,0
304248,0
304259,1
304269,0
304279,0
304290,0
304301,1
304311,1
304321,0
304331,0
304342,0
304352,0
304363,1
304373,0
304384,0
304394,0
304404,1
304414,1
304425,0
304436,0
304446,0
304456,0
304466,0
304477,0
304488,0
304498,0
304508,0
304519,0
304529,0
304539,1
304549,0
304561,0
304571,0
304581,0
304591,0
304602,0
304612,1
304623,0
304633,0
304644,0
304654,0
304664,1
304674,0
304685,0
304696,0
304706,0
304716,1
304727,0
304737,0
304747,1
304758,0
304769,0
304779,0
304789,0
304799,0
304809,0
304821,0
304831,0
304841,0
304851,0
304862,0
304872,0
304882,0
304893,0
304904,0
304914,1
304924,0
304934,0
304945,0
304956,1
304966,0
304976,0
304987,0
304997,0
305007,1
305017,0
305029,0
305039,1
305049,1
305059,0
305070,0
305080,0
305091,0
305101,0
305112,0
305122,0
305132,0
305142,0
305154,0
305164,0
305174,0
305184,0
305195,0
305205,1
305215,0
305226,0
305236,0
305247,0
305257,1
305267,1
305277,0
305289,0
305299,1
305309,1
305319,0
305330,0
305340,0
305350,0
305361,0
305372,0
305382,0
305392,0
305402,0
305413,0
305424,0
305434,0
305444,1
305455,0
305465,0
305475,0
305486,0
305497,0
305507,1
305517,0
305527,0
305538,1
305548,0
305559,1
305569,1
305580,0
305590,0
305600,1
305610,0
305622,0
305632,0
305642,1
305652,0
305662,0
305673,0
305683,1
305694,1
305704,0
305715,0
305725,1
305735,0
305745,0
305757,0
305767,0
305777,0
305787,0
305798,1
305808,0
305819,0
305829,1
305840,0
305850,0
305860,1
305870,1
305881,0
305892,0
305902,0
305912,0
305923,0
305933,0
305943,1
305954,0
305965,1
305975,0
305985,1
305995,0
306006,0
306016,0
306027,0
306037,0
306048,1
306058,0
306068,0
306078,0
306089,0
306100,1
306110,0
306120,0
306130,0
306141,1
306152,1
306162,0
306172,0
306183,0
306193,1
306203,0
306213,0
306225,0
306235,0
306245,0
306255,0
306266,0
306276,0
306287,0
306297,0
306308,0
306318,0
306328,1
306338,0
306349,0
306360,0
306370,0
306380,0
306391,0
306401,1
306411,0
306422,0
306433,0
306443,1
306453,0
306463,0
306473,0
306485,1
306495,0
306505,0
306515,0
306526,0
306536,0
306546,1
306557,0
306568,0
306578,0
306588,0
306598,1
306609,0
306620,1
306630,1
306640,0
306651,0
306661,0
306671,0
306681,0
306693,0
306703,0
306713,0
306723,0
306734,0
306744,0
306755,0
306765,0
306776,1
306786,0
306796,0
306806,0
306818,0
306828,0
306838,0
306848,0
306859,0
306869,0
306879,1
306890,0
306900,0
306911,1
306921,0
306931,0
306941,0
306953,0
306963,0
306973,0
306983,0
306994,0
307004,0
307014,0
307025,0
307036,0
307046,0
307056,1
307066,1
307077,1
307088,0
307098,0
307108,0
307119,0
307129,0
307139,0
307150,0
307161,0
307171,0
307181,0
307191,0
307202,0
307212,0
307223,0
307233,0
307244,0
307254,0
307264,1
307274,0
307286,0
307296,0
307306,0
307316,0
307326,0
307337,0
307347,0
307358,0
307368,0
307379,0
307389,0
307399,0
307409,0
307421,0
307431,0
307441,0
307451,0
307462,0
307472,0
307483,0
307493,0
307504,0
307514,0
307524,1
307534,0
307545,0
307556,0
307566,0
307576,0
307587,0
307597,1
307607,0
307618,0
307629,0
307639,0
307649,0
307659,0
307670,0
307680,0
307691,0
307701,0
307712,0
307722,0
307732,0
307742,0
307753,0
307764,0
307774,0
307784,0
307794,0
307805,0
307816,0
307826,0
307836,0
307847,0
307857,0
307867,0
307877,0
307889,0
307899,0
307909,0
307919,0
307930,0
307940,0
307951,0
307961,0
307972,0
307982,0
307992,0
308002,0
308013,0
308024,0
308034,0
308044,0
308055,0
308065,0
308075,0
308086,0
308097,1
308107,0
308117,0
308127,0
308137,0
308149,0
308159,0
308169,1
308179,0
308190,0
308200,0
308210,0
308221,0
308232,0
308242,0
308252,0
308262,0
308273,0
308284,0
308294,0
308304,0
308315,0
308325,1
308335,0
308345,0
308357,1
308367,0
308377,0
308387,0
308398,0
308408,0
308419,0
308429,1
308440,0
308450,0
308460,0
308470,0
308482,1
308492,1
308502,0
308512,0
308523,1
308533,0
308543,0
308554,0
308564,0
308575,0
308585,0
308595,0
308605,0
308617,0
308627,0
308637,0
308647,1
308658,0
308668,1
308678,0
308689,0
308700,0
308710,0
308720,0
308730,0
308741,0
308752,0
308762,0
308772,0
308783,0
308793,0
308803,0
308814,1
308825,0
308835,0
308845,0
308855,0
308866,0
308876,0
308887,0
308897,0
308908,0
308918,0
308928,0
308938,0
308950,1
308960,0
308970,0
308980,0
308990,0
309001,0
309011,0
309022,0
309032,0
309043,0
309053,0
309063,0
309073,0
309085,1
309095,0
309105,0
309115,0
309126,0
309136,0
309147,0
309157,0
309168,0
309178,0
309188,0
309198,0
309209,0
309220,0
309230,0
309240,0
309251,0
309261,0
309271,0
309282,0
309293,0
309303,0
309313,0
309323,0
309334,1
309344,0
309355,0
309365,0
309376,0
309386,0
309396,0
309406,0
309417,0
309428,0
309438,0
309448,0
309458,0
309469,0
309480,0
309490,0
309500,1
309511,0
309521,0
309531,0
309541,0
309553,0
309563,0
309573,0
309583,0
309594,0
309604,1
309615,1
309625,0
309636,1
309646,0
309656,0
309666,0
309677,0
309688,0
309698,0
309708,0
309719,0
309729,0
309739,0
309750,0
309761,0
309771,0
309781,0
309791,0
309801,0
309813,0
309823,0
309833,0
309843,0
309854,0
309864,0
309874,0
309885,0
309896,0
309906,0
309916,0
309926,0
309937,0
309948,0
309958,0
309968,0
309979,0
309989,0
309999,0
310009,0
310021,0
310031,1
310041,0
310051,0
310062,0
310072,0
310083,0
310093,1
310104,0
310114,0
310124,0
310134,0
310146,0
310156,0
310166,0
310176,0
310187,0
310197,0
310207,0
310218,0
310228,0
310239,0
310249,0
310259,0
310269,0
310281,0
310291,0
310301,0
310311,0
310322,0
310332,1
310342,0
310353,0
310364,0
310374,0
310384,0
310394,0
310405,1
310416,0
310426,0
310436,0
310447,0
310457,1
310467,1
310478,0
310489,0
310499,0
310509,0
310519,0
310530,0
310540,0
310551,0
310561,0
310572,0
310582,0
310592,0
310602,1
310614,0
310624,1
310634,0
310644,0
310654,0
310665,0
310675,0
310686,1
310696,0
310707,0
310717,0
310727,0
310737,0
310749,0
310759,0
310769,1
310779,0
310790,1
310800,0
310811,1
310821,0
310832,1
310842,1
310852,0
310862,0
310873,0
310884,0
310894,0
310904,0
310915,0
310925,0
310935,0
310946,0
310957,0
310967,1
310977,0
310987,1
310998,0
311008,0
311019,0
311029,1
311040,0
311050,0
311060,0
311070,0
311081,0
311092,0
311102,0
311112,0
311122,0
311133,0
311144,0
311154,0
311164,0
311175,1
311185,0
311195,0
311205,0
311217,0
311227,0
311237,0
311247,0
311258,1
311268,0
311279,0
311289,0
311300,1
311310,0
311320,0
311330,0
311341,0
311352,0
311362,0
311372,0
311383,1
311393,0
311403,0
311414,0
311425,0
311435,0
311445,0
311455,0
311465,0
311477,0
311487,1
311497,0
311507,0
311518,0
311528,0
311538,0
311549,0
311560,0
311570,0
311580,0
311590,0
311601,0
311612,0
311622,0
311632,0
311643,0
311653,0
311663,0
311673,0
311685,0
311695,0
311705,0
311715,0
311726,0
311736,0
311747,1
311757,0
311768,0
311778,0
311788,0
311798,1
311810,0
311820,0
311830,0
311840,0
311851,0
311861,0
311871,0
311882,0
311892,0
311903,0
311913,0
311923,0
311933,1
311945,0
311955,0
311965,0
311975,0
311986,0
311996,0
312006,1
312017,0
312028,1
312038,0
312048,0
312058,0
312069,0
312080,0
312090,1
312100,1
312111,1
312121,0
312131,0
312142,0
312153,1
312163,0
312173,0
312183,0
312194,0
312204,0
312215,0
312225,0
312236,1
312246,0
312256,0
312266,0
312278,0
312288,0
312298,0
312308,1
312318,0
312329,0
312339,0
312350,0
312360,0
312371,0
312381,0
312391,0
312401,0
312413,0
312423,1
312433,0
312443,0
312454,0
312464,0
312475,0
312485,0
312496,0
312506,0
312516,0
312526,0
312537,0
312548,0
312558,0
312568,0
312579,0
312589,0
312599,0
312610,0
312621,0
312631,0
312641,0
312651,0
312662,0
312672,0
312683,0
312693,0
312704,0
312714,0
312724,1
312734,0
312745,0
312756,0
312766,0
312776,1
312786,0
312797,0
312808,0
312818,0
312828,0
312839,0
312849,0
312859,0
312869,1
312881,0
312891,1
312901,0
312911,0
312922,0
312932,0
312943,0
312953,0
312964,0
312974,0
312984,1
312994,0
313005,0
313016,0
313026,0
313036,0
313047,0
313057,0
313067,1
313078,0
313089,0
313099,0
313109,0
313119,0
313129,0
313141,0
313151,0
313161,1
313171,0
313182,0
313192,0
313202,0
313213,0
313224,0
313234,0
313244,0
313254,0
313265,0
313276,0
313286,0
313296,0
313307,0
313317,0
313327,0
313337,0
313349,0
313359,0
313369,0
313379,0
313390,0
313400,0
313411,0
313421,0
313432,0
313442,0
313452,0
313462,0
313474,0
313484,0
313494,0
313504,0
313515,0
313525,0
313535,0
313546,0
313556,0
313567,0
313577,1
313587,0
313597,0
313609,0
313619,0
313629,0
313639,0
313650,0
313660,0
313670,0
313681,1
313692,0
313702,0
313712,0
313722,0
313733,0
313744,0
313754,1
313764,1
313775,0
313785,0
313795,1
313806,0
313817,0
313827,0
313837,0
313847,0
313858,0
313868,0
313879,0
313889,0
313900,0
313910,0
313920,0
313930,0
313942,0
313952,0
313962,0
313972,0
313982,0
313993,0
314003,0
314014,0
314024,0
314035,0
314045,0
314055,0
314065,0
314077,1
314087,0
314097,0
314107,0
314118,0
314128,0
314139,0
314149,1
314160,0
314170,0
314180,0
314190,0
314201,0
314212,0
314222,0
314232,0
314243,0
314253,0
314263,0
314274,0
314285,0
314295,0
314305,1
314315,0
314326,0
314336,0
314347,0
314357,0
314368,0
314378,0
314388,0
314398,0
314409,0
314420,0
314430,0
314440,0
314450,1
314461,0
314472,0
314482,0
314492,0
314503,0
314513,1
314523,0
314533,0
314545,0
314555,0
314565,0
314575,0
314586,0
314596,0
314607,0
314617,0
314628,0
314638,0
314648,0
314658,0
314669,1
314680,0
314690,0
314700,0
314711,0
314721,0
314731,0
314742,0
314753,0
314763,0
314773,0
314783,0
314793,1
314805,0
314815,0
314825,0
314835,0
314846,0
314856,0
314866,0
314877,0
314888,0
314898,0
314908,0
314918,0
314929,0
314940,0
314950,0
314960,0
314971,0
314981,1
314991,0
315001,1
315013,0
315023,0
315033,0
315043,0
315054,0
315064,0
315075,0
315085,0
315096,0
315106,0
315116,1
315126,0
315138,0
315148,0
315158,0
315168,1
315179,0
315189,0
315199,0
315210,0
315220,0
315231,0
315241,1
315251,0
315261,0
315273,0
315283,0
315293,0
315303,0
315314,0
315324,0
315334,0
315345,0
315356,0
315366,0
315376,0
315386,0
315397,0
315408,0
315418,0
315428,0
315439,0
315449,1
315459,1
315470,0
315481,0
315491,0
315501,0
315511,1
315522,0
315532,0
315543,0
315553,0
315564,0
315574,0
315584,0
315594,1
315606,0
315616,0
315626,0
315636,1
315646,0
315657,0
315667,0
315678,0
315688,0
315699,0
315709,0
315719,0
315729,0
315741,0
315751,0
315761,0
315771,1
315782,0
315792,1
315803,1
315813,0
315824,1
315834,0
315844,0
315854,0
315865,1
315876,0
315886,0
315896,0
315907,0
315917,0
315927,0
315938,0
315949,0
315959,0
315969,1
315979,0
315990,1
316000,0
316011,0
316021,0
316032,0
316042,0
316052,0
316062,0
316073,0
316084,0
316094,0
316104,0
316114,0
316125,0
316136,0
316146,0
316156,0
316167,1
316177,0
316187,0
316197,0
316209,0
316219,0
316229,0
316239,0
316250,0
316260,0
316271,0
316281,0
316292,0
316302,0
316312,0
316322,0
316333,0
316344,0
316354,0
316364,0
316375,0
316385,0
316395,0
316406,0
316417,0
316427,0
316437,0
316447,0
316457,0
316469,0
316479,0
316489,0
316499,0
316510,0
316520,0
316530,0
316541,0
316552,1
316562,0
316572,0
316582,0
316593,0
316604,0
316614,0
316624,0
316635,0
316645,0
316655,0
316665,0
316677,0
316687,0
316697,0
316707,1
316718,0
316728,0
316739,0
316749,0
316760,0
316770,0
316780,0
316790,0
316802,0
316812,0
316822,0
316832,0
316843,0
316853,0
316863,0
316874,0
316884,0
316895,0
316905,0
316915,0
316925,0
316937,0
316947,0
316957,0
316967,0
316978,0
316988,0
316998,0
317009,0
317020,0
317030,0
317040,0
317050,0
317061,0
317072,0
317082,0
317092,0
317103,0
317113,0
317123,0
317134,0
317145,0
317155,0
317165,1
317175,0
317186,0
317196,0
317207,0
317217,0
317228,0
317238,1
317248,0
317258,0
317270,0
317280,0
317290,0
317300,0
317310,0
317321,0
317331,0
317342,0
317352,0
317363,0
317373,0
317383,0
317393,0
317405,0
317415,0
317425,0
317435,0
317446,0
317456,0
317467,0
317477,0
317488,0
317498,0
317508,1
317518,0
317529,0
317540,0
317550,0
317560,0
317571,0
317581,0
317591,0
317602,0
317613,0
317623,0
317633,0
317643,0
317654,0
317664,0
317675,0
317685,0
317696,0
317706,0
317716,0
317726,0
317737,0
317748,0
317758,0
317768,0
317778,0
317789,0
317800,0
317810,0
317820,0
317831,0
317841,1
317851,0
317861,0
317873,0
317883,0
317893,0
317903,0
317914,0
317924,0
317935,0
317945,0
317956,0
317966,1
317976,0
317986,0
317997,1
318008,0
318018,0
318028,0
318039,0
318049,0
318059,0
318070,0
318081,0
318091,0
318101,0
318111,0
318121,0
318133,0
318143,0
318153,0
318163,0
318174,0
318184,0
318194,0
318205,0
318216,0
318226,0
318236,0
318246,0
318257,0
318268,0
318278,0
318288,1
318299,0
318309,1
318319,0
318329,0
318341,0
318351,0
318361,1
318371,0
318382,0
318392,0
318403,0
318413,0
318424,0
318434,0
318444,0
318454,0
318466,0
318476,0
318486,0
318496,0
318507,0
318517,0
318527,0
318538,0
318548,1
318559,0
318569,0
318579,0
318589,0
318601,0
318611,0
318621,0
318631,0
318642,0
318652,0
318662,0
318673,0
318684,0
318694,0
318704,0
318714,0
318725,0
318736,0
318746,0
318756,0
318767,0
318777,0
318787,0
318798,0
318809,0
318819,0
318829,0
318839,0
318850,0
318860,0
318871,0
318881,1
318892,0
318902,0
318912,0
318922,0
318934,0
318944,0
318954,0
318964,0
318974,0
318985,0
318995,0
319006,0
319016,0
319027,0
319037,0
319047,0
319057,0
319069,0
319079,0
319089,0
319099,0
319110,0
319120,0
319131,0
319141,0
319152,0
319162,0
319172,0
319182,0
319193,0
319204,0
319214,0
319224,0
319235,0
319245,0
319255,0
319266,0
319277,0
319287,0
319297,0
319307,0
319318,0
319328,0
319339,0
319349,0
319360,0
319370,0
319380,0
319390,0
319401,1
319412,0
319422,0
319432,0
319442,0
319453,0
319464,1
319474,0
319484,0
319495,0
319505,0
319515,0
319525,0
319537,0
319547,0
319557,0
319567,0
319578,0
319588,0
319599,0
319609,0
319620,0
319630,0
319640,0
319650,0
319661,0
319672,0
319682,0
319692,1
319703,1
319713,0
319723,0
319734,0
319745,0
319755,1
319765,0
319775,0
319785,0
319797,0
319807,0
319817,1
319827,0
319838,1
319848,0
319858,0
319869,0
319880,0
319890,1
319900,0
319910,0
319921,0
319932,0
319942,0
319952,0
319963,0
319973,1
319983,0
319993,0
320005,0
320015,0
320025,0
320035,0
320046,0
320056,1
320067,0
320077,0
320088,1
320098,0
320108,0
320118,0
320130,0
320140,0
320150,0
320160,0
320171,0
320181,0
320191,0
320202,0
320212,0
320223,0
320233,0
320243,0
320253,0
320265,0
320275,0
320285,0
320295,0
320306,0
320316,0
320326,0
320337,0
320348,1
320358,0
320368,0
320378,0
320389,0
320400,0
320410,0
320420,0
320431,0
320441,1
320451,0
320462,0
320473,0
320483,0
320493,0
320503,0
320514,0
320524,0
320535,0
320545,0
320556,0
320566,0
320576,0
320586,0
320598,0
320608,0
320618,0
320628,0
320638,0
320649,0
320659,0
320670,0
320680,0
320691,0
320701,0
320711,0
320721,0
320733,0
320743,0
320753,0
320763,0
320774,0
320784,1
320795,0
320805,0
320816,0
320826,0
320836,0
320846,0
320857,0
320868,0
320878,0
320888,0
320899,0
320909,1
320919,0
320930,0
320941,0
320951,0
320961,0
320971,0
320982,1
320992,0
321003,0
321013,0
321024,0
321034,0
321044,0
321054,0
321065,0
321076,0
321086,0
321096,0
321106,0
321117,0
321128,0
321138,0
321148,0
321159,0
321169,0
321179,0
321189,0
321201,0
321211,0
321221,0
321231,0
321242,0
321252,0
321263,0
321273,0
321284,0
321294,0
321304,0
321314,0
321325,0
321336,0
321346,0
321356,0
321367,0
321377,0
321387,0
321398,0
321409,0
321419,0
321429,0
321439,0
321449,0
321461,0
321471,0
321481,0
321491,0
321502,0
321512,0
321522,0
321533,0
321544,1
321554,1
321564,0
321574,0
321585,0
321596,0
321606,0
321616,0
321627,0
321637,0
321647,0
321657,0
321669,0
321679,0
321689,0
321699,0
321710,0
321720,0
321731,0
321741,0
321752,0
321762,0
321772,0
321782,0
321794,0
321804,0
321814,0
321824,0
321835,0
321845,0
321855,0
321866,0
321876,0
321887,0
321897,1
321907,0
321917,0
321929,0
321939,0
321949,0
321959,0
321970,0
321980,0
321990,0
322001,0
322012,0
322022,0
322032,0
322042,1
322053,0
322064,0
322074,0
322084,0
322095,0
322105,0
322115,0
322126,0
322137,0
322147,0
322157,0
322167,0
322178,0
322188,0
322199,0
322209,0
322220,0
322230,0
322240,0
322250,0
322262,0
322272,0
322282,0
322292,0
322302,0
322313,0
322323,0
322334,0
322344,0
322355,0
322365,0
322375,0
322385,0
322397,0
322407,0
322417,0
322427,0
322438,0
322448,0
322459,0
322469,0
322480,0
322490,0
322500,0
322510,0
322521,0
322532,0
322542,0
322552,0
322563,0
322573,0
322583,0
322594,0
322605,0
322615,0
322625,0
322635,0
322646,0
322656,0
322667,1
322677,0
322688,0
322698,0
322708,0
322718,0
322729,0
322740,0
322750,0
322760,1
322770,0
322781,0
322792,0
322802,0
322812,0
322823,0
322833,1
322843,0
322853,0
322865,0
322875,0
322885,0
322895,0
322906,0
322916,0
322927,0
322937,0
322948,0
322958,0
322968,0
322978,0
322989,0
323000,0
323010,0
323020,0
323031,0
323041,0
323051,0
323062,0
323073,0
323083,0
323093,0
323103,0
323113,0
323125,0
323135,0
323145,0
323155,0
323166,0
323176,0
323186,0
323197,0
323208,0
323218,0
323228,0
323238,0
323249,0
323260,0
323270,0
323280,0
323291,0
323301,0
323311,0
323321,0
323333,0
323343,0
323353,0
323363,0
323374,0
323384,0
323395,0
323405,0
323416,0
323426,0
323436,0
323446,1
323458,0
323468,0
323478,0
323488,0
323499,0
323509,0
323519,0
323530,0
323540,0
323551,0
323561,0
323571,0
323581,0
323593,0
323603,0
323613,0
323623,0
323634,0
323644,0
323654,0
323665,0
323676,0
323686,0
323696,1
323706,0
323717,0
323728,0
323738,0
323748,0
323759,0
323769,0
323779,0
323790,0
323801,0
323811,0
323821,0
323831,0
323842,0
323852,0
323863,0
323873,0
323884,0
323894,0
323904,0
323914,0
323926,0
323936,0
323946,0
323956,0
323966,0
323977,0
323987,0
323998,0
324008,0
324019,0
324029,0
324039,0
324049,0
324061,0
324071,0
324081,0
324091,0
324102,0
324112,0
324123,1
324133,0
324144,1
324154,0
324164,0
324174,0
324185,0
324196,0
324206,0
324216,0
324227,0
324237,0
324247,0
324258,0
324269,0
324279,0
324289,0
324299,0
324310,0
324320,0
324331,0
324341,0
324352,0
324362,0
324372,0
324382,0
324393,0
324404,0
324414,0
324424,0
324434,0
324445,0
324456,0
324466,0
324476,0
324487,0
324497,0
324507,0
324517,0
324529,0
324539,0
324549,0
324559,0
324570,0
324580,0
324591,1
324601,0
324612,0
324622,0
324632,0
324642,0
324653,0
324664,0
324674,1
324684,0
324695,0
324705,0
324715,0
324726,0
324737,0
324747,0
324757,1
324767,0
324777,0
324789,0
324799,0
324809,0
324819,0
324830,0
324840,0
324850,0
324861,0
324872,1
324882,0
324892,0
324902,0
324913,0
324924,0
324934,0
324944,0
324955,0
324965,0
324975,0
324985,0
324997,1
325007,0
325017,0
325027,0
325038,0
325048,0
325059,0
325069,0
325080,0
325090,0
325100,0
325110,0
325122,0
325132,0
325142,1
325152,0
325163,0
325173,0
325183,0
325194,0
325204,0
325215,0
325225,0
325235,0
325245,0
325257,0
325267,0
325277,0
325287,0
325298,1
325308,0
325318,0
325329,0
325340,0
325350,0
325360,0
325370,0
325381,0
325392,0
325402,1
325412,0
325423,0
325433,0
325443,1
325454,0
325465,0
325475,0
325485,0
325495,0
325506,0
325516,0
325527,0
325537,0
325548,0
325558,0
325568,1
325578,0
325590,1
325600,0
325610,0
325620,1
325630,0
325641,0
325651,0
325662,0
325672,0
325683,0
325693,0
325703,0
325713,0
325725,0
325735,0
325745,0
325755,0
325766,0
325776,0
325787,0
325797,0
325808,1
325818,0
325828,0
325838,0
325849,0
325860,0
325870,0
325880,0
325891,0
325901,0
325911,0
325922,0
325933,0
325943,0
325953,0
325963,0
325974,0
325984,0
325995,0
326005,0
326016,0
326026,0
326036,0
326046,0
326057,0
326068,0
326078,0
326088,1
326098,0
326109,0
326120,0
326130,0
326140,0
326151,0
326161,1
326171,0
326181,0
326193,1
326203,0
326213,0
326223,0
326234,0
326244,0
326255,0
326265,0
326276,0
326286,0
326296,1
326306,0
326317,0
326328,1
326338,0
326348,1
326359,0
326369,0
326379,0
326390,0
326401,0
326411,1
326421,0
326431,1
326441,0
326453,0
326463,0
326473,0
326483,0
326494,0
326504,0
326514,0
326525,0
326536,0
326546,0
326556,1
326566,0
326577,0
326588,0
326598,0
326608,1
326619,0
326629,0
326639,1
326649,0
326661,0
326671,0
326681,0
326691,0
326702,0
326712,0
326723,0
326733,0
326744,0
326754,0
326764,0
326774,0
326786,0
326796,0
326806,0
326816,0
326827,0
326837,0
326847,0
326858,0
326868,0
326879,0
326889,0
326899,0
326909,0
326921,0
326931,0
326941,1
326951,0
326962,0
326972,0
326982,0
326993,0
327004,0
327014,0
327024,0
327034,0
327045,0
327056,0
327066,1
327076,0
327087,0
327097,0
327107,1
327118,0
327129,0
327139,1
327149,0
327159,0
327170,1
327180,1
327191,0
327201,0
327212,0
327222,0
327232,0
327242,0
327254,0
327264,0
327274,0
327284,0
327294,0
327305,0
327315,0
327326,0
327336,0
327347,0
327357,0
327367,0
327377,1
327389,0
327399,0
327409,0
327419,1
327430,0
327440,0
327451,0
327461,0
327472,0
327482,1
327492,0
327502,0
327513,0
327524,0
327534,0
327544,0
327555,0
327565,0
327575,0
327586,0
327597,0
327607,0
327617,0
327627,0
327638,0
327648,0
327659,0
327669,0
327680,0
327690,0
327700,0
327710,0
327721,0
327732,0
327742,0
327752,0
327762,0
327773,0
327784,0
327794,0
327804,0
327815,0
327825,0
327835,0
327845,0
327857,0
327867,0
327877,0
327887,0
327898,0
327908,0
327919,0
327929,0
327940,0
327950,0
327960,0
327970,1
327981,0
327992,0
328002,0
328012,0
328023,0
328033,0
328043,0
328054,0
328065,0
328075,0
328085,0
328095,0
328105,0
328117,0
328127,0
328137,0
328147,0
328158,0
328168,0
328178,0
328189,0
328200,0
328210,0
328220,0
328230,0
328241,0
328252,1
328262,0
328272,0
328283,1
328293,0
328303,0
328313,0
328325,0
328335,0
328345,0
328355,0
328366,0
328376,0
328387,0
328397,0
328408,1
328418,0
328428,1
328438,0
328450,0
328460,0
328470,0
328480,0
328491,0
328501,0
328511,0
328522,0
328532,0
328543,0
328553,0
328563,0
328573,0
328585,0
328595,1
328605,0
328615,0
328626,0
328636,0
328646,0
328657,0
328668,0
328678,0
328688,0
328698,0
328709,0
328720,0
328730,0
328740,1
328751,0
328761,0
328771,0
328782,0
328793,0
328803,0
328813,0
328823,0
328834,0
328844,0
328855,0
328865,0
328876,0
328886,0
328896,0
328906,0
328918,1
328928,0
328938,0
328948,0
328958,0
328969,0
328979,0
328990,0
329000,0
329011,0
329021,0
329031,0
329041,0
329053,0
329063,0
329073,0
329083,0
329094,0
329104,0
329115,0
329125,0
329136,0
329146,0
329156,0
329166,0
329177,0
329188,1
329198,0
329208,0
329219,0
329229,0
329239,0
329250,0
329261,0
329271,0
329281,0
329291,0
329302,0
329312,0
329323,0
329333,0
329344,0
329354,0
329364,0
329374,0
329385,0
329396,0
329406,0
329416,0
329426,0
329437,0
329448,0
329458,0
329468,0
329479,0
329489,0
329499,0
329509,0
329521,0
329531,1
329541,1
329551,0
329562,0
329572,1
329583,0
329593,0
329604,0
329614,0
329624,0
329634,0
329645,0
329656,0
329666,0
329676,0
329687,0
329697,0
329707,0
329718,0
329729,0
329739,0
329749,0
329759,1
329769,0
329781,0
329791,0
329801,0
329811,0
329822,0
329832,0
329842,0
329853,0
329864,0
329874,0
329884,0
329894,0
329905,0
329916,0
329926,0
329936,0
329947,0
329957,0
329967,0
329977,0
329989,0
329999,0
330009,0
330019,0
330030,0
330040,0
330051,0
330061,0
330072,0
330082,0
330092,0
330102,0
330114,0
330124,0
330134,0
330144,0
330155,0
330165,0
330175,0
330186,0
330196,0
330207,0
330217,0
330227,0
330237,0
330249,0
330259,0
330269,0
330279,0
330290,0
330300,0
330310,0
330321,0
330332,0
330342,0
330352,0
330362,0
330373,0
330384,0
330394,0
330404,0
330415,0
330425,0
330435,0
330446,0
330457,0
330467,0
330477,0
330487,0
330498,0
330508,0
330519,0
330529,0
330540,0
330550,0
330560,0
330570,0
330582,0
330592,0
330602,0
330612,0
330622,0
330633,1
330643,0
330654,0
330664,0
330675,0
330685,0
330695,0
330705,0
330717,0
330727,0
330737,0
330747,0
330758,0
330768,0
330779,0
330789,0
330800,0
330810,0
330820,0
330830,0
330841,0
330852,0
330862,0
330872,0
330883,0
330893,0
330903,0
330914,0
330925,0
330935,0
330945,0
330955,0
330966,0
330976,0
330987,0
330997,0
331008,0
331018,0
331028,0
331038,0
331049,0
331060,1
331070,0
331080,0
331090,0
331101,0
331112,0
331122,0
331132,0
331143,0
331153,0
331163,0
331173,0
331185,1
331195,0
331205,0
331215,0
331226,0
331236,0
331247,0
331257,0
331268,0
331278,0
331288,0
331298,0
331309,0
331320,0
331330,0
331340,0
331351,0
331361,1
331371,0
331382,0
331393,0
331403,0
331413,0
331423,0
331433,0
331445,0
331455,0
331465,0
331475,0
331486,0
331496,0
331506,0
331517,0
331528,0
331538,0
331548,0
331558,0
331569,0
331580,1
331590,0
331600,0
331611,0
331621,0
331631,0
331641,0
331653,0
331663,0
331673,0
331683,0
331694,0
331704,0
331715,0
331725,0
331736,0
331746,0
331756,1
331766,0
331778,0
331788,0
331798,0
331808,0
331819,0
331829,0
331839,0
331850,0
331860,0
331871,0
331881,0
331891,0
331901,0
331913,0
331923,0
331933,0
331943,0
331954,0
331964,0
331974,0
331985,1
331996,0
332006,1
332016,0
332026,0
332037,0
332048,0
332058,0
332068,0
332079,0
332089,0
332099,0
332110,1
332121,0
332131,0
332141,0
332151,0
332162,0
332172,1
332183,0
332193,0
332204,0
332214,0
332224,0
332234,0
332246,0
332256,0
332266,0
332276,0
332286,0
332297,0
332307,0
332318,0
332328,0
332339,0
332349,0
332359,0
332369,0
332381,0
332391,0
332401,0
332411,0
332422,0
332432,0
332443,0
332453,0
332464,0
332474,0
332484,0
332494,0
332505,0
332516,0
332526,0
332536,0
332547,0
332557,0
332567,0
332578,0
332589,0
332599,0
332609,0
332619,0
332630,0
332640,0
332651,0
332661,0
332672,0
332682,0
332692,0
332702,0
332713,0
332724,0
332734,0
332744,0
332754,0
332765,0
332776,0
332786,0
332796,0
332807,0
332817,0
332827,0
332837,0
332849,0
332859,0
332869,0
332879,0
332890,0
332900,0
332911,0
332921,0
332932,0
332942,0
332952,0
332962,0
332973,0
332984,0
332994,0
333004,0
333015,0
333025,0
333035,0
333046,0
333057,0
333067,0
333077,0
333087,0
333097,0
333109,0
333119,0
333129,0
333139,0
333150,0
333160,0
333170,0
333181,0
333192,0
333202,0
333212,0
333222,0
333233,0
333244,0
333254,0
333264,0
333275,0
333285,0
333295,0
333305,0
333317,0
333327,0
333337,0
333347,0
333358,0
333368,0
333379,0
333389,0
333400,0
333410,0
333420,0
333430,0
333442,0
333452,0
333462,0
333472,0
333483,0
333493,0
333503,0
333514,0
333524,0
333535,0
333545,1
333555,0
333565,1
333577,0
333587,0
333597,0
333607,0
333618,0
333628,0
333638,0
333649,0
333660,0
333670,0
333680,0
333690,0
333701,0
333712,0
333722,0
333732,0
333743,0
333753,0
333763,0
333774,0
333785,0
333795,0
333805,0
333815,1
333826,0
333836,0
333847,0
333857,0
333868,0
333878,0
333888,0
333898,0
333910,0
333920,0
333930,0
333940,0
333950,0
333961,0
333971,0
333982,0
333992,0
334003,0
334013,0
334023,0
334033,1
334045,0
334055,0
334065,0
334075,0
334086,0
334096,0
334107,0
334117,0
334128,0
334138,0
334148,0
334158,0
334169,0
334180,0
334190,1
334200,0
334211,0
334221,0
334231,0
334242,0
334253,0
334263,0
334273,0
334283,0
334294,0
334304,0
334315,0
334325,0
334336,0
334346,1
334356,0
334366,0
334377,0
334388,0
334398,0
334408,0
334418,0
334429,0
334440,0
334450,0
334460,0
334471,0
334481,0
334491,0
334501,0
334513,0
334523,0
334533,0
334543,0
334554,0
334564,0
334575,0
334585,0
334596,1
334606,0
334616,0
334626,0
334637,0
334648,0
334658,0
334668,0
334679,0
334689,0
334699,1
334710,0
334721,0
334731,0
334741,0
334751,0
334761,0
334773,0
334783,0
334793,0
334803,0
334814,0
334824,0
334834,0
334845,0
334856,0
334866,0
334876,0
334886,0
334897,0
334908,0
334918,0
334928,0
334939,0
334949,0
334959,0
334969,0
334981,0
334991,0
335001,0
335011,0
335022,0
335032,0
335043,1
335053,0
335064,0
335074,0
335084,0
335094,0
335106,0
335116,0
335126,0
335136,0
335147,0
335157,0
335167,0
335178,0
335188,0
335199,0
335209,0
335219,0
335229,0
335241,0
335251,0
335261,0
335271,0
335282,0
335292,0
335302,0
335313,0
335324,0
335334,0
335344,0
335354,0
335365,0
335376,0
335386,0
335396,0
335407,0
335417,0
335427,0
335438,0
335449,0
335459,0
335469,0
335479,0
335490,0
335500,1
335511,1
335521,0
335532,0
335542,0
335552,0
335562,0
335574,0
335584,0
335594,0
335604,0
335614,0
335625,0
335635,0
335646,0
335656,0
335667,0
335677,0
335687,0
335697,0
335709,0
335719,0
335729,0
335739,0
335750,0
335760,0
335771,0
335781,0
335792,0
335802,0
335812,0
335822,0
335833,0
335844,0
335854,0
335864,0
335875,0
335885,0
335895,1
335906,0
335917,0
335927,0
335937,0
335947,0
335958,0
335968,0
335979,0
335989,0
336000,0
336010,0
336020,0
336030,0
336041,0
336052,0
336062,0
336072,0
336082,0
336093,0
336104,0
336114,0
336124,0
336135,0
336145,0
336155,0
336165,0
336177,0
336187,0
336197,0
336207,0
336218,0
336228,0
336239,1
336249,1
336260,0
336270,0
336280,0
336290,0
336301,0
336312,0
336322,0
336332,0
336343,0
336353,0
336363,0
336374,0
336385,0
336395,0
336405,0
336415,0
336425,0
336437,0
336447,0
336457,0
336467,0
336478,0
336488,1
336498,0
336509,0
336520,0
336530,0
336540,0
336550,0
336561,0
336572,0
336582,0
336592,0
336603,0
336613,0
336623,0
336633,0
336645,0
336655,0
336665,0
336675,0
336686,0
336696,0
336707,0
336717,0
336728,0
336738,0
336748,0
336758,0
336770,0
336780,0
336790,1
336800,1
336811,0
336821,0
336831,0
336842,0
336852,0
336863,0
336873,0
336883,0
336893,0
336905,1
336915,0
336925,0
336935,0
336946,0
336956,0
336966,0
336977,1
336988,0
336998,0
337008,0
337018,0
337029,0
337040,0
337050,0
337060,0
337071,0
337081,0
337091,0
337102,0
337113,0
337123,0
337133,0
337143,0
337154,0
337164,0
337175,0
337185,1
337196,0
337206,0
337216,0
337226,0
337238,0
337248,0
337258,0
337268,0
337278,0
337289,0
337299,0
337310,0
337320,0
337331,0
337341,0
337351,0
337361,0
337373,1
337383,0
337393,0
337403,0
337414,0
337424,0
337435,0
337445,0
337456,0
337466,0
337476,0
337486,0
337497,0
337508,0
337518,0
337528,0
337539,0
337549,0
337559,0
337570,0
337581,0
337591,0
337601,0
337611,0
337622,0
337632,0
337643,0
337653,0
337664,0
337674,0
337684,0
337694,0
337705,0
337716,0
337726,0
337736,0
337746,0
337757,0
337768,0
337778,0
337788,0
337799,0
337809,0
337819,0
337829,0
337841,0
337851,0
337861,0
337871,0
337882,0
337892,0
337903,0
337913,0
337924,0
337934,0
337944,0
337954,0
337965,0
337976,0
337986,0
337996,0
338007,0
338017,0
338027,1
338038,0
338049,0
338059,0
338069,0
338079,0
338089,0
338101,0
338111,0
338121,0
338131,0
338142,0
338152,0
338162,0
338173,0
338184,0
338194,0
338204,0
338214,0
338225,0
338236,0
338246,0
338256,0
338267,0
338277,0
338287,0
338297,0
338309,0
338319,0
338329,1
338339,0
338350,0
338360,0
338371,0
338381,0
338392,0
338402,0
338412,0
338422,0
338434,0
338444,0
338454,0
338464,0
338475,0
338485,0
338495,0
338506,0
338516,0
338527,0
338537,1
338547,0
338557,0
338569,0
338579,0
338589,0
338599,0
338610,0
338620,0
338630,0
338641,0
338652,0
338662,0
338672,0
338682,0
338693,0
338704,0
338714,0
338724,0
338735,0
338745,0
338755,0
338766,0
338777,0
338787,0
338797,0
338807,0
338818,0
338828,0
338839,0
338849,0
338860,0
338870,0
338880,0
338890,0
338902,0
338912,0
338922,0
338932,0
338942,0
338953,0
338963,0
338974,0
338984,0
338995,0
339005,0
339015,0
339025,0
339037,0
339047,0
339057,0
339067,0
339078,0
339088,0
339099,0
339109,0
339120,0
339130,0
339140,0
339150,0
339161,0
339172,0
339182,0
339192,0
339203,0
339213,0
339223,0
339234,0
339245,0
339255,0
339265,1
339275,0
339286,0
339296,0
339307,0
339317,0
339328,0
339338,0
339348,0
339358,1
339369,0
339380,0
339390,0
339400,0
339410,0
339421,0
339432,0
339442,0
339452,0
339463,0
339473,1
339483,0
339493,0
339505,0
339515,0
339525,1
339535,0
339546,0
339556,1
339567,0
339577,0
339588,0
339598,0
339608,0
339618,0
339629,0
339640,0
339650,0
339660,0
339671,0
339681,0
339691,0
339702,0
339713,0
339723,0
339733,0
339743,0
339753,0
339765,0
339775,0
339785,0
339795,0
339806,0
339816,0
339826,0
339837,0
339848,0
339858,0
339868,0
339878,0
339889,0
339900,0
339910,0
339920,0
339931,0
339941,0
339951,0
339961,0
339973,0
339983,1
339993,0
340003,0
340014,0
340024,0
340035,0
340045,0
340056,0
340066,0
340076,0
340086,0
340098,0
340108,1
340118,0
340128,0
340139,0
340149,0
340159,0
340170,0
340180,0
340191,0
340201,0
340211,0
340221,0
340233,0
340243,0
340253,0
340263,0
340274,0
340284,0
340294,0
340305,0
340316,0
340326,1
340336,0
340346,0
340357,0
340368,0
340378,0
340388,0
340399,1
340409,0
340419,0
340430,0
340441,0
340451,0
340461,0
340471,0
340482,0
340492,0
340503,1
340513,0
340524,0
340534,0
340544,0
340554,0
340566,0
340576,1
340586,0
340596,0
340606,0
340617,0
340627,0
340638,0
340648,0
340659,0
340669,0
340679,0
340689,0
340701,0
340711,0
340721,0
340731,0
340742,0
340752,0
340763,0
340773,0
340784,0
340794,0
340804,0
340814,0
340825,0
340836,0
340846,0
340856,0
340867,0
340877,0
340887,0
340898,0
340909,1
340919,0
340929,0
340939,0
340950,0
340960,0
340971,0
340981,0
340992,0
341002,0
341012,0
341022,0
341033,0
341044,0
341054,0
341064,0
341074,0
341085,0
341096,0
341106,0
341116,0
341127,0
341137,0
341147,0
341157,0
341169,0
341179,0
341189,0
341199,0
341210,0
341220,0
341231,0
341241,0
341252,0
341262,0
341272,0
341282,0
341293,0
341304,0
341314,0
341324,0
341335,0
341345,0
341355,0
341366,0
341377,0
341387,0
341397,0
341407,0
341417,0
341429,0
341439,0
341449,0
341459,0
341470,0
341480,0
341490,0
341501,0
341512,1
341522,0
341532,0
341542,0
341553,0
341564,0
341574,0
341584,1
341595,0
341605,0
341615,1
341625,0
341637,0
341647,0
341657,0
341667,0
341678,0
341688,0
341699,0
341709,0
341720,0
341730,0
341740,0
341750,0
341762,0
341772,0
341782,0
341792,0
341803,0
341813,0
341823,0
341834,0
341844,0
341855,0
341865,0
341875,0
341885,0
341897,0
341907,0
341917,0
341927,0
341938,0
341948,0
341958,0
341969,0
341980,0
341990,0
342000,0
342010,0
342021,0
342032,0
342042,0
342052,0
342063,0
342073,0
342083,0
342094,0
342105,0
342115,0
342125,0
342135,0
342146,0
342156,0
342167,0
342177,0
342188,0
342198,0
342208,0
342218,0
342230,0
342240,0
342250,0
342260,0
342270,1
342281,0
342291,0
342302,0
342312,0
342323,0
342333,0
342343,0
342353,0
342365,0
342375,0
342385,0
342395,0
342406,0
342416,0
342427,0
342437,0
342448,0
342458,0
342468,0
342478,0
342489,0
342500,0
342510,0
342520,0
342531,0
342541,0
342551,0
342562,0
342573,0
342583,0
342593,0
342603,0
342614,0
342624,0
342635,0
342645,0
342656,0
342666,0
342676,0
342686,0
342697,0
342708,0
342718,0
342728,0
342738,0
342749,0
342760,0
342770,0
342780,0
342791,0
342801,0
342811,0
342821,0
342833,0
342843,0
342853,1
342863,0
342874,0
342884,0
342895,1
342905,0
342916,1
342926,0
342936,0
342946,0
342957,0
342968,0
342978,0
342988,0
342999,0
343009,0
343019,0
343030,0
343041,0
343051,0
343061,0
343071,0
343081,0
343093,0
343103,0
343113,0
343123,0
343134,0
343144,0
343154,0
343165,0
343176,1
343186,0
343196,0
343206,0
343217,0
343228,0
343238,0
343248,0
343259,0
343269,0
343279,1
343289,0
343301,0
343311,1
343321,0
343331,0
343342,0
343352,0
343363,0
343373,0
343384,0
343394,0
343404,0
343414,0
343426,0
343436,0
343446,0
343456,0
343467,0
343477,0
343487,0
343498,0
343508,0
343519,0
343529,0
343539,0
343549,0
343561,0
343571,0
343581,0
343591,0
343602,0
343612,0
343622,0
343633,0
343644,0
343654,0
343664,0
343674,0
343685,0
343696,0
343706,0
343716,0
343727,0
343737,0
343747,0
343758,0
343769,0
343779,0
343789,0
343799,0
343810,0
343820,0
343831,0
343841,0
343852,0
343862,0
343872,0
343882,0
343894,0
343904,0
343914,0
343924,0
343934,0
343945,0
343955,0
343966,0
343976,0
343987,0
343997,0
344007,1
344017,0
344029,0
344039,1
344049,0
344059,0
344070,0
344080,0
344091,0
344101,0
344112,0
344122,0
344132,0
344142,0
344153,0
344164,0
344174,0
344184,0
344195,0
344205,0
344215,0
344226,0
344237,0
344247,0
344257,0
344267,0
344278,0
344288,0
344299,0
344309,0
344320,0
344330,0
344340,0
344350,0
344361,1
344372,0
344382,0
344392,0
344402,0
344413,0
344424,0
344434,0
344444,0
344455,0
344465,0
344475,0
344485,0
344497,0
344507,0
344517,0
344527,0
344538,0
344548,0
344559,0
344569,0
344580,0
344590,0
344600,0
344610,0
344621,0
344632,0
344642,0
344652,0
344663,0
344673,0
344683,0
344694,0
344705,0
344715,0
344725,0
344735,0
344745,0
344757,0
344767,0
344777,0
344787,1
344798,0
344808,0
344818,0
344829,0
344840,0
344850,0
344860,0
344870,0
344881,0
344892,0
344902,0
344912,0
344923,0
344933,0
344943,1
344953,0
344965,0
344975,0
344985,0
344995,0
345006,0
345016,0
345027,0
345037,0
345048,0
345058,0
345068,0
345078,0
345090,0
345100,0
345110,0
345120,0
345131,0
345141,0
345151,0
345162,0
345172,0
345183,0
345193,0
345203,0
345213,0
345225,0
345235,0
345245,0
345255,0
345266,0
345276,0
345286,0
345297,0
345308,0
345318,0
345328,0
345338,0
345349,1
345360,0
345370,0
345380,0
345391,0
345401,1
345411,0
345422,0
345433,0
345443,0
345453,0
345463,0
345474,0
345484,0
345495,0
345505,0
345516,0
345526,0
345536,0
345546,0
345558,0
345568,0
345578,0
345588,0
345598,0
345609,0
345619,0
345630,0
345640,0
345651,0
345661,0
345671,0
345681,0
345693,0
345703,0
345713,0
345723,0
345734,0
345744,0
345755,0
345765,0
345776,0
345786,0
345796,0
345806,0
345817,0
345828,0
345838,0
345848,0
345859,0
345869,0
345879,0
345890,0
345901,0
345911,0
345921,0
345931,0
345942,1
345952,0
345963,0
345973,0
345984,0
345994,0
346004,0
346014,0
346025,0
346036,0
346046,0
346056,0
346066,0
346077,0
346088,0
346098,0
346108,0
346119,0
346129,0
346139,0
346149,0
346161,0
346171,0
346181,0
346191,0
346202,0
346212,0
346223,0
346233,0
346244,0
346254,0
346264,0
346274,0
346285,0
346296,0
346306,0
346316,0
346327,0
346337,0
346347,0
346358,0
346369,0
346379,0
346389,0
346399,0
346409,0
346421,0
346431,0
346441,0
346451,0
346462,0
346472,0
346482,0
346493,1
346504,0
346514,0
346524,0
346534,0
346545,0
346556,0
346566,0
346576,0
346587,0
346597,0
346607,0
346617,0
346629,0
346639,0
346649,0
346659,0
346670,0
346680,0
346691,0
346701,0
346712,0
346722,0
346732,0
346742,0
346754,0
346764,0
346774,0
346784,0
346795,0
346805,0
346815,0
346826,0
346836,0
346847,0
346857,1
346867,0
346877,0
346889,0
346899,0
346909,0
346919,0
346930,0
346940,0
346950,0
346961,0
346972,0
346982,0
346992,0
347002,0
347013,0
347024,0
347034,0
347044,0
347055,0
347065,1
347075,0
347086,0
347097,0
347107,0
347117,0
347127,0
347138,0
347148,0
347159,0
347169,0
347180,0
347190,0
347200,0
347210,0
347222,0
347232,0
347242,0
347252,0
347262,0
347273,1
347283,0
347294,1
347304,0
347315,0
347325,1
347335,0
347345,0
347357,0
347367,0
347377,0
347387,0
347398,0
347408,0
347419,0
347429,0
347440,0
347450,0
347460,0
347470,0
347481,0
347492,0
347502,0
347512,0
347523,0
347533,0
347543,0
347554,0
347565,0
347575,0
347585,0
347595,0
347606,0
347616,0
347627,0
347637,0
347648,0
347658,0
347668,0
347678,0
347689,1
347700,0
347710,0
347720,0
347730,0
347741,0
347752,0
347762,0
347772,0
347783,0
347793,0
347803,0
347813,0
347825,0
347835,0
347845,0
347855,0
347866,0
347876,0
347887,0
347897,0
347908,0
347918,0
347928,0
347938,0
347949,0
347960,0
347970,0
347980,0
347991,0
348001,0
348011,0
348022,0
348033,0
348043,0
348053,0
348063,0
348073,0
348085,0
348095,0
348105,0
348115,0
348126,0
348136,1
348146,0
348157,0
348168,0
348178,0
348188,0
348198,0
348209,0
348220,0
348230,0
348240,0
348251,0
348261,0
348271,0
348281,0
348293,0
348303,0
348313,0
348323,0
348334,0
348344,0
348355,0
348365,0
348376,0
348386,0
348396,0
348406,0
348418,0
348428,0
348438,0
348448,0
348459,0
348469,0
348479,0
348490,0
348500,0
348511,0
348521,0
348531,0
348541,0
348553,0
348563,0
348573,0
348583,0
348594,0
348604,0
348614,0
348625,0
348636,0
348646,0
348656,0
348666,0
348677,0
348688,0
348698,0
348708,0
348719,0
348729,0
348739,0
348750,0
348761,0
348771,0
348781,0
348791,0
348802,0
348812,0
348823,1
348833,0
348844,0
348854,0
348864,0
348874,0
348886,0
348896,0
348906,0
348916,0
348926,0
348937,0
348947,0
348958,0
348968,0
348979,0
348989,0
348999,0
349009,0
349021,0
349031,0
349041,0
349051,0
349062,0
349072,0
349083,0
349093,0
349104,0
349114,0
349124,0
349134,0
349145,0
349156,0
349166,0
349176,0
349187,0
349197,0
349207,0
349218,0
349229,0
349239,0
349249,0
349259,0
349270,0
349280,0
349291,0
349301,0
349312,0
349322,0
349332,1
349342,0
349353,0
349364,0
349374,0
349384,0
349394,0
349405,0
349416,0
349426,0
349436,0
349447,0
349457,0
349467,0
349477,0
349489,0
349499,0
349509,0
349519,0
349530,0
349540,0
349551,0
349561,0
349572,0
349582,0
349592,0
349602,0
349613,0
349624,0
349634,0
349644,0
349655,0
349665,0
349675,0
349686,0
349697,0
349707,0
349717,0
349727,0
349737,0
349749,0
349759,0
349769,0
349779,0
349790,0
349800,0
349810,0
349821,1
349832,0
349842,0
349852,0
349862,0
349873,0
349884,0
349894,0
349904,0
349915,0
349925,0
349935,0
349945,0
349957,0
349967,0
349977,0
349987,0
349998,0
350008,0
350019,0
350029,0
350040,0
350050,0
350060,0
350070,0
350082,0
350092,0
350102,0
350112,0
350123,0
350133,0
350143,0
350154,0
350164,0
350175,0
350185,0
350195,0
350205,0
350217,0
350227,0
350237,0
350247,0
350258,0
350268,0
350278,0
350289,0
350300,0
350310,0
350320,0
350330,0
350341,0
350352,0
350362,0
350372,0
350383,0
350393,0
350403,0
350414,0
350425,0
350435,0
350445,0
350455,0
350466,0
350476,0
350487,0
350497,0
350508,0
350518,0
350528,0
350538,0
350550,0
350560,0
350570,0
350580,0
350590,0
350601,0
350611,0
350622,0
350632,0
350643,0
350653,0
350663,0
350673,0
350685,0
350695,0
350705,0
350715,0
350726,0
350736,0
350747,0
350757,0
350768,0
350778,0
350788,0
350798,1
350809,0
350820,0
350830,0
350840,0
350851,0
350861,0
350871,0
350882,0
350893,0
350903,0
350913,0
350923,0
350934,0
350944,0
350955,0
350965,0
350976,0
350986,0
350996,1
351006,0
351017,0
351028,0
351038,0
351048,0
351058,0
351069,0
351080,0
351090,0
351100,0
351111,0
351121,0
351131,0
351141,0
351153,0
351163,0
351173,0
351183,0
351194,0
351204,0
351215,0
351225,0
351236,0
351246,0
351256,0
351266,0
351277,0
351288,0
351298,0
351308,0
351319,0
351329,0
351339,0
351350,0
351361,0
351371,0
351381,0
351391,0
351401,0
351413,0
351423,0
351433,0
351443,0
351454,0
351464,1
351474,0
351485,0
351496,0
351506,0
351516,0
351526,0
351537,0
351548,0
351558,0
351568,0
351579,0
351589,0
351599,0
351609,0
351621,0
351631,0
351641,0
351651,1
351662,0
351672,0
351683,0
351693,0
351704,1
351714,0
351724,0
351734,0
351746,0
351756,1
351766,0
351776,0
351787,0
351797,0
351807,0
351818,0
351828,0
351839,0
351849,0
351859,0
351869,0
351881,0
351891,0
351901,0
351911,0
351922,0
351932,0
351942,0
351953,0
351964,0
351974,0
351984,0
351994,0
352005,0
352016,0
352026,0
352036,0
352047,0
352057,1
352067,0
352078,0
352089,0
352099,0
352109,0
352119,0
352130,0
352140,1
352151,0
352161,1
352172,0
352182,0
352192,0
352202,0
352214,0
352224,0
352234,0
352244,0
352254,0
352265,0
352275,0
352286,0
352296,0
352307,0
352317,0
352327,0
352337,0
352349,0
352359,0
352369,0
352379,0
352390,0
352400,0
352411,0
352421,0
352432,0
352442,0
352452,0
352462,0
352473,0
352484,0
352494,0
352504,0
352515,0
352525,0
352535,0
352546,0
352557,0
352567,0
352577,0
352587,0
352598,0
352608,1
352619,0
352629,0
352640,1
352650,0
352660,0
352670,0
352681,0
352692,0
352702,0
352712,0
352722,0
352733,0
352744,0
352754,0
352764,0
352775,0
352785,0
352795,0
352805,0
352817,0
352827,0
352837,0
352847,0
352858,0
352868,0
352879,0
352889,0
352900,0
352910,0
352920,0
352930,0
352941,0
352952,0
352962,0
352972,0
352983,0
352993,0
353003,1
353014,0
353025,0
353035,0
353045,0
353055,0
353065,0
353077,0
353087,0
353097,0
353107,0
353118,0
353128,0
353138,0
353149,0
353160,0
353170,0
353180,0
353190,0
353201,1
353212,0
353222,0
353232,0
353243,0
353253,0
353263,0
353273,0
353285,0
353295,0
353305,0
353315,0
353326,0
353336,0
353347,0
353357,0
353368,0
353378,0
353388,0
353398,0
353410,0
353420,1
353430,0
353440,0
353451,0
353461,0
353471,0
353482,0
353492,0
353503,0
353513,0
353523,0
353533,0
353545,0
353555,0
353565,0
353575,1
353586,0
353596,0
353606,0
353617,0
353628,0
353638,0
353648,0
353658,0
353669,0
353680,0
353690,0
353700,0
353711,0
353721,0
353731,0
353742,0
353753,0
353763,0
353773,0
353783,0
353794,0
353804,0
353815,0
353825,0
353836,0
353846,0
353856,0
353866,0
353878,0
353888,0
353898,0
353908,0
353918,0
353929,0
353939,0
353950,0
353960,0
353971,0
353981,0
353991,0
354001,0
354013,0
354023,0
354033,0
354043,0
354054,0
354064,0
354075,0
354085,0
354096,0
354106,0
354116,0
354126,1
354137,0
354148,0
354158,0
354168,0
354179,0
354189,0
354199,0
354210,0
354221,0
354231,0
354241,0
354251,0
354262,0
354272,0
354283,0
354293,0
354304,0
354314,0
354324,0
354334,0
354345,0
354356,1
354366,0
354376,0
354386,0
354397,0
354408,0
354418,0
354428,0
354439,0
354449,0
354459,0
354469,0
354481,0
354491,0
354501,0
354511,0
354522,0
354532,0
354543,0
354553,0
354564,0
354574,0
354584,0
354594,0
354605,0
354616,0
354626,0
354636,0
354647,0
354657,0
354667,0
354678,0
354689,0
354699,0
354709,0
354719,0
354729,0
354741,0
354751,0
354761,0
354771,0
354782,0
354792,0
354802,0
354813,0
354824,0
354834,0
354844,0
354854,1
354865,0
354876,0
354886,1
354896,0
354907,0
354917,0
354927,0
354937,0
354949,0
354959,0
354969,0
354979,0
354990,0
355000,0
355011,0
355021,0
355032,0
355042,0
355052,0
355062,0
355074,0
355084,0
355094,0
355104,0
355115,0
355125,0
355135,0
355146,0
355156,0
355167,0
355177,0
355187,0
355197,0
355209,0
355219,0
355229,0
355239,0
355250,0
355260,0
355270,0
355281,0
355292,0
355302,0
355312,0
355322,0
355333,0
355344,0
355354,0
355364,0
355375,0
355385,0
355395,0
355406,0
355417,0
355427,0
355437,0
355447,0
355458,0
355468,0
355479,0
355489,0
355500,0
355510,0
355520,0
355530,0
355542,0
355552,0
355562,0
355572,0
355582,0
355593,0
355603,0
355614,0
355624,0
355635,0
355645,0
355655,0
355665,0
355677,0
355687,0
355697,1
355707,0
355718,0
355728,0
355739,0
355749,0
355760,0
355770,0
355780,0
355790,0
355801,0
355812,0
355822,0
355832,0
355843,0
355853,0
355863,0
355874,0
355885,0
355895,0
355905,0
355915,0
355926,0
355936,0
355947,0
355957,0
355968,0
355978,0
355988,0
355998,0
356009,0
356020,0
356030,0
356040,0
356050,0
356061,0
356072,0
356082,0
356092,0
356103,0
356113,0
356123,0
356133,0
356145,0
356155,0
356165,0
356175,0
356186,0
356196,0
356207,0
356217,0
356228,0
356238,0
356248,0
356258,0
356269,0
356280,0
356290,0
356300,0
356311,0
356321,1
356331,0
356342,0
356353,0
356363,0
356373,0
356383,0
356393,0
356405,0
356415,0
356425,0
356435,0
356446,0
356456,0
356466,0
356477,0
356488,0
356498,0
356508,0
356518,0
356529,0
356540,0
356550,0
356560,0
356571,0
356581,0
356591,0
356601,0
356613,0
356623,0
356633,0
356643,0
356654,0
356664,0
356675,0
356685,0
356696,0
356706,0
356716,0
356726,0
356738,0
356748,0
356758,0
356768,0
356779,0
356789,0
356799,0
356810,0
356820,0
356831,0
356841,0
356851,0
356861,0
356873,0
356883,0
356893,0
356903,0
356914,0
356924,0
356934,0
356945,0
356956,0
356966,0
356976,0
356986,0
356997,0
357008,0
357018,0
357028,0
357039,0
357049,0
357059,0
357070,0
357081,0
357091,0
357101,0
357111,0
357122,0
357132,0
357143,0
357153,0
357164,0
357174,0
357184,0
357194,0
357206,0
357216,0
357226,0
357236,0
357246,0
357257,0
357267,0
357278,0
357288,0
357299,0
357309,0
357319,0
357329,0
357341,0
357351,0
357361,0
357371,0
357382,0
357392,0
357403,0
357413,0
357424,0
357434,0
357444,0
357454,0
357465,0
357476,0
357486,0
357496,0
357507,0
357517,0
357527,0
357538,0
357549,0
357559,0
357569,0
357579,0
357590,0
357600,0
357611,0
357621,0
357632,0
357642,0
357652,0
357662,0
357673,0
357684,0
357694,0
357704,0
357714,0
357725,0
357736,0
357746,0
357756,0
357767,0
357777,0
357787,0
357797,0
357809,0
357819,0
357829,0
357839,0
357850,0
357860,0
357871,0
357881,0
357892,0
357902,0
357912,0
357922,0
357933,0
357944,0
357954,0
357964,0
357975,0
357985,0
357995,0
358006,0
358017,0
358027,0
358037,0
358047,0
358057,0
358069,0
358079,0
358089,0
358099,0
358110,0
358120,0
358130,0
358141,0
358152,0
358162,0
358172,0
358182,0
358193,0
358204,0
358214,0
358224,0
358235,0
358245,0
358255,0
358265,0
358277,0
358287,0
358297,0
358307,0
358318,0
358328,0
358339,0
358349,0
358360,0
358370,0
358380,0
358390,0
358402,0
358412,0
358422,0
358432,0
358443,0
358453,0
358463,0
358474,0
358484,0
358495,0
358505,0
358515,0
358525,0
358537,0
358547,0
358557,0
358567,0
358578,0
358588,0
358598,0
358609,0
358620,0
358630,0
358640,0
358650,0
358661,0
358672,0
358682,0
358692,0
358703,0
358713,0
358723,0
358734,0
358745,0
358755,0
358765,0
358775,0
358786,0
358796,0
358807,0
358817,0
358828,0
358838,0
358848,0
358858,0
358870,0
358880,0
358890,0
358900,0
358910,0
358921,0
358931,0
358942,0
358952,0
358963,0
358973,0
358983,0
358993,0
359005,0
359015,0
359025,0
359035,0
359046,0
359056,0
359067,0
359077,0
359088,0
359098,0
359108,0
359118,0
359129,0
359140,0
359150,0
359160,0
359171,0
359181,0
359191,0
359202,0
359213,0
359223,0
359233,0
359243,0
359254,0
359264,0
359275,0
359285,0
359296,0
359306,0
359316,1
359326,0
359337,0
359348,0
359358,0
359368,0
359378,0
359389,0
359400,0
359410,0
359420,0
359431,0
359441,0
359451,0
359461,0
359473,0
359483,0
359493,0
359503,0
359514,0
359524,0
359535,0
359545,0
359556,0
359566,0
359576,0
359586,0
359597,0
359608,0
359618,0
359628,0
359639,0
359649,0
359659,0
359670,0
359681,0
359691,0
359701,0
359711,0
359721,0
359733,0
359743,0
359753,0
359763,0
359774,0
359784,0
359794,0
359805,0
359816,0
359826,0
359836,0
359846,0
359857,0
359868,0
359878,0
359888,0
359899,0
359909,0
359919,0
359929,0
359941,0
359951,0
359961,0
359971,0
359982,0
359992,0
360003,0
360013,0
360024,0
360034,0
360044,0
360054,0
360066,0
360076,0
360086,0
360096,0
360107,0
360117,0
