,Computer Time (microseconds),Arduino Time (seconds),pulseTime (microseconds),PluseTime / 2 in seconds,Estimated Distance,In Inches,Rounded,Actual Length (in inches),In meters (m)
1440,1.75999E+15,47338092,1439,0.0007195,0.261660565,10.30157644,10,10,0.254000508
1441,1.75999E+15,47362720,1440,0.00072,0.2618424,10.30873529,10,10,0.254000508
1442,1.75999E+15,47387340,1439,0.0007195,0.261660565,10.30157644,10,10,0.254000508
1443,1.75999E+15,47411956,1439,0.0007195,0.261660565,10.30157644,10,10,0.254000508
1444,1.75999E+15,47436576,1439,0.0007195,0.261660565,10.30157644,10,10,0.254000508
1445,1.75999E+15,47461200,1439,0.0007195,0.261660565,10.30157644,10,10,0.254000508
1446,1.75999E+15,47485820,1439,0.0007195,0.261660565,10.30157644,10,10,0.254000508
1447,1.75999E+15,47510440,1439,0.0007195,0.261660565,10.30157644,10,10,0.254000508
1448,1.75999E+15,47535060,1439,0.0007195,0.261660565,10.30157644,10,10,0.254000508
1449,1.75999E+15,47559688,1439,0.0007195,0.261660565,10.30157644,10,10,0.254000508
1450,1.75999E+15,47584308,1439,0.0007195,0.261660565,10.30157644,10,10,0.254000508
1451,1.75999E+15,47608920,1433,0.0007165,0.260569555,10.25862338,10,10,0.254000508
1452,1.75999E+15,47633536,1433,0.0007165,0.260569555,10.25862338,10,10,0.254000508
1453,1.75999E+15,47658152,1434,0.000717,0.26075139,10.26578222,10,10,0.254000508
1454,1.75999E+15,47682772,1433,0.0007165,0.260569555,10.25862338,10,10,0.254000508
1455,1.75999E+15,47707392,1433,0.0007165,0.260569555,10.25862338,10,10,0.254000508
1456,1.75999E+15,47732012,1434,0.000717,0.26075139,10.26578222,10,10,0.254000508
1457,1.75999E+15,47756636,1433,0.0007165,0.260569555,10.25862338,10,10,0.254000508
1458,1.75999E+15,47781260,1433,0.0007165,0.260569555,10.25862338,10,10,0.254000508
1459,1.75999E+15,47805876,1433,0.0007165,0.260569555,10.25862338,10,10,0.254000508
1460,1.75999E+15,47830496,1435,0.0007175,0.260933225,10.27294107,10,10,0.254000508
1461,1.75999E+15,47855116,1439,0.0007195,0.261660565,10.30157644,10,10,0.254000508
1462,1.75999E+15,47879740,1439,0.0007195,0.261660565,10.30157644,10,10,0.254000508
1463,1.75999E+15,47904356,1439,0.0007195,0.261660565,10.30157644,10,10,0.254000508
1464,1.75999E+15,47928980,1439,0.0007195,0.261660565,10.30157644,10,10,0.254000508
1465,1.75999E+15,47953604,1439,0.0007195,0.261660565,10.30157644,10,10,0.254000508
1466,1.75999E+15,47978224,1439,0.0007195,0.261660565,10.30157644,10,10,0.254000508
1467,1.75999E+15,48002844,1439,0.0007195,0.261660565,10.30157644,10,10,0.254000508
1468,1.75999E+15,48027464,1439,0.0007195,0.261660565,10.30157644,10,10,0.254000508
1469,1.75999E+15,48052084,1439,0.0007195,0.261660565,10.30157644,10,10,0.254000508
1470,1.75999E+15,48076704,1440,0.00072,0.2618424,10.30873529,10,10,0.254000508
1471,1.75999E+15,48101324,1439,0.0007195,0.261660565,10.30157644,10,10,0.254000508
1472,1.75999E+15,48125944,1439,0.0007195,0.261660565,10.30157644,10,10,0.254000508
1473,1.75999E+15,48150572,1439,0.0007195,0.261660565,10.30157644,10,10,0.254000508
1474,1.75999E+15,48175184,1433,0.0007165,0.260569555,10.25862338,10,10,0.254000508
1475,1.75999E+15,48199800,1433,0.0007165,0.260569555,10.25862338,10,10,0.254000508
1476,1.75999E+15,48224412,1433,0.0007165,0.260569555,10.25862338,10,10,0.254000508
1477,1.75999E+15,48249024,1433,0.0007165,0.260569555,10.25862338,10,10,0.254000508
1478,1.75999E+15,48273644,1433,0.0007165,0.260569555,10.25862338,10,10,0.254000508
1479,1.75999E+15,48298264,1433,0.0007165,0.260569555,10.25862338,10,10,0.254000508
1480,1.75999E+15,48322888,1433,0.0007165,0.260569555,10.25862338,10,10,0.254000508
1481,1.75999E+15,48347504,1433,0.0007165,0.260569555,10.25862338,10,10,0.254000508
1482,1.75999E+15,48372124,1433,0.0007165,0.260569555,10.25862338,10,10,0.254000508
1483,1.75999E+15,48396744,1433,0.0007165,0.260569555,10.25862338,10,10,0.254000508
1484,1.75999E+15,48421364,1439,0.0007195,0.261660565,10.30157644,10,10,0.254000508
1485,1.75999E+15,48445988,1439,0.0007195,0.261660565,10.30157644,10,10,0.254000508
1486,1.75999E+15,48470604,1438,0.000719,0.26147873,10.2944176,10,10,0.254000508
1487,1.75999E+15,48495228,1439,0.0007195,0.261660565,10.30157644,10,10,0.254000508
1488,1.75999E+15,48519856,1439,0.0007195,0.261660565,10.30157644,10,10,0.254000508
1489,1.75999E+15,48544476,1439,0.0007195,0.261660565,10.30157644,10,10,0.254000508
1490,1.75999E+15,48569096,1439,0.0007195,0.261660565,10.30157644,10,10,0.254000508
1491,1.75999E+15,48593720,1440,0.00072,0.2618424,10.30873529,10,10,0.254000508
1492,1.75999E+15,48618344,1440,0.00072,0.2618424,10.30873529,10,10,0.254000508
1493,1.75999E+15,48642960,1439,0.0007195,0.261660565,10.30157644,10,10,0.254000508
1494,1.75999E+15,48667576,1439,0.0007195,0.261660565,10.30157644,10,10,0.254000508
1495,1.75999E+15,48692196,1439,0.0007195,0.261660565,10.30157644,10,10,0.254000508
1496,1.75999E+15,48716824,1439,0.0007195,0.261660565,10.30157644,10,10,0.254000508
1497,1.75999E+15,48741440,1435,0.0007175,0.260933225,10.27294107,10,10,0.254000508
1498,1.75999E+15,48766052,1434,0.000717,0.26075139,10.26578222,10,10,0.254000508
1499,1.75999E+15,48790668,1433,0.0007165,0.260569555,10.25862338,10,10,0.254000508
1500,1.75999E+15,48815284,1433,0.0007165,0.260569555,10.25862338,10,10,0.254000508
1501,1.75999E+15,48839904,1433,0.0007165,0.260569555,10.25862338,10,10,0.254000508
1502,1.75999E+15,48864528,1433,0.0007165,0.260569555,10.25862338,10,10,0.254000508
1503,1.75999E+15,48889144,1432,0.000716,0.26038772,10.25146454,10,10,0.254000508
1504,1.75999E+15,48913764,1433,0.0007165,0.260569555,10.25862338,10,10,0.254000508
1505,1.75999E+15,48938384,1433,0.0007165,0.260569555,10.25862338,10,10,0.254000508
1506,1.75999E+15,48963004,1433,0.0007165,0.260569555,10.25862338,10,10,0.254000508
1507,1.75999E+15,48987624,1439,0.0007195,0.261660565,10.30157644,10,10,0.254000508
1508,1.75999E+15,49012244,1439,0.0007195,0.261660565,10.30157644,10,10,0.254000508
1509,1.75999E+15,49036864,1439,0.0007195,0.261660565,10.30157644,10,10,0.254000508
1510,1.75999E+15,49061488,1440,0.00072,0.2618424,10.30873529,10,10,0.254000508
1511,1.75999E+15,49086116,1439,0.0007195,0.261660565,10.30157644,10,10,0.254000508
1512,1.75999E+15,49110736,1439,0.0007195,0.261660565,10.30157644,10,10,0.254000508
1513,1.75999E+15,49135360,1439,0.0007195,0.261660565,10.30157644,10,10,0.254000508
1514,1.75999E+15,49159980,1439,0.0007195,0.261660565,10.30157644,10,10,0.254000508
1515,1.75999E+15,49184600,1439,0.0007195,0.261660565,10.30157644,10,10,0.254000508
1516,1.75999E+15,49209220,1439,0.0007195,0.261660565,10.30157644,10,10,0.254000508
1517,1.75999E+15,49233840,1439,0.0007195,0.261660565,10.30157644,10,10,0.254000508
1518,1.75999E+15,49258456,1439,0.0007195,0.261660565,10.30157644,10,10,0.254000508
1519,1.75999E+15,49283084,1439,0.0007195,0.261660565,10.30157644,10,10,0.254000508
1520,1.75999E+15,49307704,1439,0.0007195,0.261660565,10.30157644,10,10,0.254000508
1521,1.75999E+15,49332316,1433,0.0007165,0.260569555,10.25862338,10,10,0.254000508
1522,1.75999E+15,49356932,1434,0.000717,0.26075139,10.26578222,10,10,0.254000508
1523,1.75999E+15,49381544,1433,0.0007165,0.260569555,10.25862338,10,10,0.254000508
1524,1.75999E+15,49406164,1433,0.0007165,0.260569555,10.25862338,10,10,0.254000508
1525,1.75999E+15,49430784,1433,0.0007165,0.260569555,10.25862338,10,10,0.254000508
1526,1.75999E+15,49455404,1433,0.0007165,0.260569555,10.25862338,10,10,0.254000508
1527,1.75999E+15,49480028,1433,0.0007165,0.260569555,10.25862338,10,10,0.254000508
1528,1.75999E+15,49504640,1432,0.000716,0.26038772,10.25146454,10,10,0.254000508
1529,1.75999E+15,49529260,1434,0.000717,0.26075139,10.26578222,10,10,0.254000508
1530,1.75999E+15,49553880,1434,0.000717,0.26075139,10.26578222,10,10,0.254000508
1531,1.75999E+15,49578500,1439,0.0007195,0.261660565,10.30157644,10,10,0.254000508
1532,1.75999E+15,49603120,1439,0.0007195,0.261660565,10.30157644,10,10,0.254000508
1533,1.75999E+15,49627740,1439,0.0007195,0.261660565,10.30157644,10,10,0.254000508
1534,1.75999E+15,49652360,1439,0.0007195,0.261660565,10.30157644,10,10,0.254000508
1535,1.75999E+15,49676980,1439,0.0007195,0.261660565,10.30157644,10,10,0.254000508
1536,1.75999E+15,49701596,1440,0.00072,0.2618424,10.30873529,10,10,0.254000508
1537,1.75999E+15,49726220,1439,0.0007195,0.261660565,10.30157644,10,10,0.254000508
1538,1.75999E+15,49750836,1439,0.0007195,0.261660565,10.30157644,10,10,0.254000508
1539,1.75999E+15,49775456,1439,0.0007195,0.261660565,10.30157644,10,10,0.254000508
1540,1.75999E+15,49800076,1439,0.0007195,0.261660565,10.30157644,10,10,0.254000508
1541,1.75999E+15,49824696,1439,0.0007195,0.261660565,10.30157644,10,10,0.254000508
1542,1.75999E+15,49849312,1439,0.0007195,0.261660565,10.30157644,10,10,0.254000508
1543,1.75999E+15,49873940,1440,0.00072,0.2618424,10.30873529,10,10,0.254000508
1544,1.75999E+15,49898560,1439,0.0007195,0.261660565,10.30157644,10,10,0.254000508
1545,1.75999E+15,49923172,1433,0.0007165,0.260569555,10.25862338,10,10,0.254000508
1546,1.75999E+15,49947788,1433,0.0007165,0.260569555,10.25862338,10,10,0.254000508
1547,1.75999E+15,49972400,1434,0.000717,0.26075139,10.26578222,10,10,0.254000508
1548,1.75999E+15,49997020,1433,0.0007165,0.260569555,10.25862338,10,10,0.254000508
1549,1.75999E+15,50021644,1433,0.0007165,0.260569555,10.25862338,10,10,0.254000508
1550,1.75999E+15,50046264,1434,0.000717,0.26075139,10.26578222,10,10,0.254000508
1551,1.75999E+15,50070884,1433,0.0007165,0.260569555,10.25862338,10,10,0.254000508
1552,1.75999E+15,50095504,1433,0.0007165,0.260569555,10.25862338,10,10,0.254000508
1553,1.75999E+15,50120128,1433,0.0007165,0.260569555,10.25862338,10,10,0.254000508
1554,1.75999E+15,50144748,1439,0.0007195,0.261660565,10.30157644,10,10,0.254000508
1555,1.75999E+15,50169364,1439,0.0007195,0.261660565,10.30157644,10,10,0.254000508
1556,1.75999E+15,50193984,1439,0.0007195,0.261660565,10.30157644,10,10,0.254000508
1557,1.75999E+15,50218608,1439,0.0007195,0.261660565,10.30157644,10,10,0.254000508
1558,1.75999E+15,50243232,1439,0.0007195,0.261660565,10.30157644,10,10,0.254000508
1559,1.75999E+15,50267848,1439,0.0007195,0.261660565,10.30157644,10,10,0.254000508
1560,1.75999E+15,50292468,1440,0.00072,0.2618424,10.30873529,10,10,0.254000508
1561,1.75999E+15,50317088,1439,0.0007195,0.261660565,10.30157644,10,10,0.254000508
1562,1.75999E+15,50341708,1439,0.0007195,0.261660565,10.30157644,10,10,0.254000508
1563,1.75999E+15,50366328,1440,0.00072,0.2618424,10.30873529,10,10,0.254000508
1564,1.75999E+15,50390952,1439,0.0007195,0.261660565,10.30157644,10,10,0.254000508
1565,1.75999E+15,50415576,1439,0.0007195,0.261660565,10.30157644,10,10,0.254000508
1566,1.75999E+15,50440204,1439,0.0007195,0.261660565,10.30157644,10,10,0.254000508
1567,1.75999E+15,50464824,1439,0.0007195,0.261660565,10.30157644,10,10,0.254000508
1568,1.75999E+15,50489436,1434,0.000717,0.26075139,10.26578222,10,10,0.254000508
1569,1.75999E+15,50514048,1433,0.0007165,0.260569555,10.25862338,10,10,0.254000508
1570,1.75999E+15,50538660,1433,0.0007165,0.260569555,10.25862338,10,10,0.254000508
1571,1.75999E+15,50563280,1433,0.0007165,0.260569555,10.25862338,10,10,0.254000508
1572,1.75999E+15,50587900,1433,0.0007165,0.260569555,10.25862338,10,10,0.254000508
1573,1.75999E+15,50612520,1433,0.0007165,0.260569555,10.25862338,10,10,0.254000508
1574,1.75999E+15,50637144,1433,0.0007165,0.260569555,10.25862338,10,10,0.254000508
1575,1.75999E+15,50661764,1433,0.0007165,0.260569555,10.25862338,10,10,0.254000508
1576,1.75999E+15,50686384,1433,0.0007165,0.260569555,10.25862338,10,10,0.254000508
1577,1.75999E+15,50711012,1437,0.0007185,0.261296895,10.28725876,10,10,0.254000508
1578,1.75999E+15,50735636,1439,0.0007195,0.261660565,10.30157644,10,10,0.254000508
1579,1.75999E+15,50760260,1439,0.0007195,0.261660565,10.30157644,10,10,0.254000508
1580,1.75999E+15,50784880,1439,0.0007195,0.261660565,10.30157644,10,10,0.254000508
1581,1.75999E+15,50809508,1440,0.00072,0.2618424,10.30873529,10,10,0.254000508
1582,1.75999E+15,50834128,1439,0.0007195,0.261660565,10.30157644,10,10,0.254000508
1583,1.75999E+15,50858752,1439,0.0007195,0.261660565,10.30157644,10,10,0.254000508
1584,1.75999E+15,50883372,1439,0.0007195,0.261660565,10.30157644,10,10,0.254000508
1585,1.75999E+15,50907992,1439,0.0007195,0.261660565,10.30157644,10,10,0.254000508
1586,1.75999E+15,50932616,1439,0.0007195,0.261660565,10.30157644,10,10,0.254000508
1587,1.75999E+15,50957236,1439,0.0007195,0.261660565,10.30157644,10,10,0.254000508
1588,1.75999E+15,50981860,1439,0.0007195,0.261660565,10.30157644,10,10,0.254000508
1589,1.75999E+15,51006488,1439,0.0007195,0.261660565,10.30157644,10,10,0.254000508
1590,1.75999E+15,51031104,1433,0.0007165,0.260569555,10.25862338,10,10,0.254000508
1591,1.75999E+15,51055720,1434,0.000717,0.26075139,10.26578222,10,10,0.254000508
1592,1.75999E+15,51080340,1434,0.000717,0.26075139,10.26578222,10,10,0.254000508
1593,1.75999E+15,51104952,1433,0.0007165,0.260569555,10.25862338,10,10,0.254000508
1594,1.75999E+15,51129572,1433,0.0007165,0.260569555,10.25862338,10,10,0.254000508
1595,1.75999E+15,51154196,1433,0.0007165,0.260569555,10.25862338,10,10,0.254000508
1596,1.75999E+15,51178820,1433,0.0007165,0.260569555,10.25862338,10,10,0.254000508
1597,1.75999E+15,51203444,1433,0.0007165,0.260569555,10.25862338,10,10,0.254000508
1598,1.75999E+15,51228060,1433,0.0007165,0.260569555,10.25862338,10,10,0.254000508
1599,1.75999E+15,51252676,1433,0.0007165,0.260569555,10.25862338,10,10,0.254000508
1600,1.75999E+15,51277300,1439,0.0007195,0.261660565,10.30157644,10,10,0.254000508
1601,1.75999E+15,51301916,1440,0.00072,0.2618424,10.30873529,10,10,0.254000508
1602,1.75999E+15,51326540,1439,0.0007195,0.261660565,10.30157644,10,10,0.254000508
1603,1.75999E+15,51351156,1439,0.0007195,0.261660565,10.30157644,10,10,0.254000508
1604,1.75999E+15,51375780,1439,0.0007195,0.261660565,10.30157644,10,10,0.254000508
1605,1.75999E+15,51400400,1439,0.0007195,0.261660565,10.30157644,10,10,0.254000508
1606,1.75999E+15,51425024,1440,0.00072,0.2618424,10.30873529,10,10,0.254000508
1607,1.75999E+15,51449640,1439,0.0007195,0.261660565,10.30157644,10,10,0.254000508
1608,1.75999E+15,51474260,1439,0.0007195,0.261660565,10.30157644,10,10,0.254000508
1609,1.75999E+15,51498880,1439,0.0007195,0.261660565,10.30157644,10,10,0.254000508
1610,1.75999E+15,51523504,1439,0.0007195,0.261660565,10.30157644,10,10,0.254000508
1611,1.75999E+15,51548120,1439,0.0007195,0.261660565,10.30157644,10,10,0.254000508
1612,1.75999E+15,51572748,1439,0.0007195,0.261660565,10.30157644,10,10,0.254000508
1613,1.75999E+15,51597368,1440,0.00072,0.2618424,10.30873529,10,10,0.254000508
1614,1.75999E+15,51621984,1433,0.0007165,0.260569555,10.25862338,10,10,0.254000508
1615,1.75999E+15,51646596,1433,0.0007165,0.260569555,10.25862338,10,10,0.254000508
1616,1.75999E+15,51671208,1433,0.0007165,0.260569555,10.25862338,10,10,0.254000508
1617,1.75999E+15,51695828,1433,0.0007165,0.260569555,10.25862338,10,10,0.254000508
1618,1.75999E+15,51720448,1433,0.0007165,0.260569555,10.25862338,10,10,0.254000508
1619,1.75999E+15,51745064,1433,0.0007165,0.260569555,10.25862338,10,10,0.254000508
1620,1.75999E+15,51769684,1433,0.0007165,0.260569555,10.25862338,10,10,0.254000508
1621,1.75999E+15,51794304,1433,0.0007165,0.260569555,10.25862338,10,10,0.254000508
1622,1.75999E+15,51818920,1433,0.0007165,0.260569555,10.25862338,10,10,0.254000508
1623,1.75999E+15,51843544,1434,0.000717,0.26075139,10.26578222,10,10,0.254000508
1624,1.75999E+15,51868164,1440,0.00072,0.2618424,10.30873529,10,10,0.254000508
1625,1.75999E+15,51892784,1439,0.0007195,0.261660565,10.30157644,10,10,0.254000508
1626,1.75999E+15,51917408,1439,0.0007195,0.261660565,10.30157644,10,10,0.254000508
1627,1.75999E+15,51942024,1440,0.00072,0.2618424,10.30873529,10,10,0.254000508
1628,1.75999E+15,51966648,1439,0.0007195,0.261660565,10.30157644,10,10,0.254000508
1629,1.75999E+15,51991268,1439,0.0007195,0.261660565,10.30157644,10,10,0.254000508
1630,1.75999E+15,52015888,1439,0.0007195,0.261660565,10.30157644,10,10,0.254000508
1631,1.75999E+15,52040508,1439,0.0007195,0.261660565,10.30157644,10,10,0.254000508
1632,1.75999E+15,52065132,1440,0.00072,0.2618424,10.30873529,10,10,0.254000508
1633,1.75999E+15,52089752,1439,0.0007195,0.261660565,10.30157644,10,10,0.254000508
1634,1.75999E+15,52114372,1439,0.0007195,0.261660565,10.30157644,10,10,0.254000508
1635,1.75999E+15,52138992,1439,0.0007195,0.261660565,10.30157644,10,10,0.254000508
1636,1.75999E+15,52163648,1467,0.0007335,0.266751945,10.50202407,11,10,0.254000508
1637,1.75999E+15,52188332,1501,0.0007505,0.272934335,10.74542477,11,10,0.254000508
1638,1.75999E+15,52212956,1433,0.0007165,0.260569555,10.25862338,10,10,0.254000508
1639,1.75999E+15,52237644,1501,0.0007505,0.272934335,10.74542477,11,10,0.254000508
1640,1.75999E+15,52262300,1467,0.0007335,0.266751945,10.50202407,11,10,0.254000508
1641,1.75999E+15,52287040,1552,0.000776,0.28220792,11.11052581,11,10,0.254000508
1642,1.75999E+15,52311764,1541,0.0007705,0.280207735,11.03177853,11,10,0.254000508
1643,1.75999E+15,52336592,1643,0.0008215,0.298754905,11.76198061,12,,
1644,1.75999E+15,52361412,1637,0.0008185,0.297663895,11.71902755,12,,
1645,1.75999E+15,52386304,1703,0.0008515,0.309665005,12.19151125,12,,
1646,1.75999E+15,52411256,1769,0.0008845,0.321666115,12.66399495,13,,
1647,1.75999E+15,52436252,1809,0.0009045,0.328939515,12.95034871,13,,
1648,1.75999E+15,52461320,1885,0.0009425,0.342758975,13.49442085,13,,
1649,1.75999E+15,52486464,1961,0.0009805,0.356578435,14.03849299,14,,
1650,1.75999E+15,52511688,2037,0.0010185,0.370397895,14.58256513,15,,
1651,1.75999E+15,52536984,2110,0.001055,0.38367185,15.10516073,15,,
1652,1.75999E+15,52562372,2204,0.001102,0.40076434,15.77809207,16,,
1653,1.75999E+15,52587852,2299,0.0011495,0.418038665,16.45818224,16,,
1654,1.75999E+15,52613348,2305,0.0011525,0.419129675,16.5011353,17,,
1655,1.75999E+15,52638956,2414,0.001207,0.43894969,17.2814493,17,,
1656,1.75999E+15,52664652,2504,0.001252,0.45531484,17.92574525,18,,
1657,1.75999E+15,52690348,2503,0.0012515,0.455133005,17.91858641,18,,
1658,1.75999E+15,52716032,2491,0.0012455,0.452950985,17.83268028,18,,
1659,1.75999E+15,52741788,2569,0.0012845,0.467134115,18.39107011,18,,
1660,1.75999E+15,52767580,2604,0.001302,0.47349834,18.64162965,19,,
1661,1.75999E+15,52793372,2604,0.001302,0.47349834,18.64162965,19,,
1662,1.75999E+15,52819176,2621,0.0013105,0.476589535,18.76332999,19,,
1663,1.75999E+15,52845012,2644,0.001322,0.48077174,18.9279834,19,,
1664,1.75999E+15,52870868,2674,0.001337,0.48622679,19.14274872,19,,
1665,1.75999E+15,52896728,2674,0.001337,0.48622679,19.14274872,19,,
1666,1.75999E+15,52922636,2715,0.0013575,0.493682025,19.43626132,19,,
1667,1.75999E+15,52948616,2786,0.001393,0.50659231,19.94453924,20,,
1668,1.75999E+15,52974560,2756,0.001378,0.50113726,19.72977393,20,,
1669,1.75999E+15,53000552,2797,0.0013985,0.508592495,20.02328653,20,,
1670,1.75999E+15,53026556,2809,0.0014045,0.510774515,20.10919266,20,,
1671,1.75999E+15,53052540,2797,0.0013985,0.508592495,20.02328653,20,,
1672,1.75999E+15,53078584,2856,0.001428,0.51932076,20.44565832,20,20,0.508001016
1673,1.75999E+15,53104612,2838,0.001419,0.51604773,20.31679913,20,20,0.508001016
1674,1.75999E+15,53130632,2832,0.001416,0.51495672,20.27384607,20,20,0.508001016
1675,1.75999E+15,53156656,2833,0.0014165,0.515138555,20.28100491,20,20,0.508001016
1676,1.75999E+15,53182684,2833,0.0014165,0.515138555,20.28100491,20,20,0.508001016
1677,1.75999E+15,53208708,2832,0.001416,0.51495672,20.27384607,20,20,0.508001016
1678,1.75999E+15,53234740,2838,0.001419,0.51604773,20.31679913,20,20,0.508001016
1679,1.75999E+15,53260760,2831,0.0014155,0.514774885,20.26668722,20,20,0.508001016
1680,1.75999E+15,53286784,2838,0.001419,0.51604773,20.31679913,20,20,0.508001016
1681,1.75999E+15,53312812,2833,0.0014165,0.515138555,20.28100491,20,20,0.508001016
1682,1.75999E+15,53338836,2832,0.001416,0.51495672,20.27384607,20,20,0.508001016
1683,1.75999E+15,53364880,2855,0.0014275,0.519138925,20.43849948,20,20,0.508001016
1684,1.75999E+15,53390920,2856,0.001428,0.51932076,20.44565832,20,20,0.508001016
1685,1.75999E+15,53416908,2803,0.0014015,0.509683505,20.06623959,20,20,0.508001016
1686,1.75999E+15,53442900,2797,0.0013985,0.508592495,20.02328653,20,20,0.508001016
1687,1.75999E+15,53468888,2797,0.0013985,0.508592495,20.02328653,20,20,0.508001016
1688,1.75999E+15,53494872,2797,0.0013985,0.508592495,20.02328653,20,20,0.508001016
1689,1.75999E+15,53520860,2797,0.0013985,0.508592495,20.02328653,20,20,0.508001016
1690,1.75999E+15,53546844,2803,0.0014015,0.509683505,20.06623959,20,20,0.508001016
1691,1.75999E+15,53572832,2796,0.001398,0.50841066,20.01612768,20,20,0.508001016
1692,1.75999E+15,53598820,2797,0.0013985,0.508592495,20.02328653,20,20,0.508001016
1693,1.75999E+15,53624816,2803,0.0014015,0.509683505,20.06623959,20,20,0.508001016
1694,1.75999E+15,53650808,2797,0.0013985,0.508592495,20.02328653,20,20,0.508001016
1695,1.75999E+15,53676800,2797,0.0013985,0.508592495,20.02328653,20,20,0.508001016
1696,1.75999E+15,53702788,2796,0.001398,0.50841066,20.01612768,20,20,0.508001016
1697,1.75999E+15,53728776,2798,0.001399,0.50877433,20.03044537,20,20,0.508001016
1698,1.75999E+15,53754768,2803,0.0014015,0.509683505,20.06623959,20,20,0.508001016
1699,1.75999E+15,53780820,2856,0.001428,0.51932076,20.44565832,20,20,0.508001016
1700,1.75999E+15,53806844,2833,0.0014165,0.515138555,20.28100491,20,20,0.508001016
1701,1.75999E+15,53832868,2833,0.0014165,0.515138555,20.28100491,20,20,0.508001016
1702,1.75999E+15,53858892,2832,0.001416,0.51495672,20.27384607,20,20,0.508001016
1703,1.75999E+15,53884920,2838,0.001419,0.51604773,20.31679913,20,20,0.508001016
1704,1.75999E+15,53910940,2831,0.0014155,0.514774885,20.26668722,20,20,0.508001016
1705,1.75999E+15,53936964,2832,0.001416,0.51495672,20.27384607,20,20,0.508001016
1706,1.75999E+15,53962992,2832,0.001416,0.51495672,20.27384607,20,20,0.508001016
1707,1.75999E+15,53989020,2832,0.001416,0.51495672,20.27384607,20,20,0.508001016
1708,1.75999E+15,54015044,2832,0.001416,0.51495672,20.27384607,20,20,0.508001016
1709,1.75999E+15,54041064,2833,0.0014165,0.515138555,20.28100491,20,20,0.508001016
1710,1.75999E+15,54067124,2873,0.0014365,0.522411955,20.56735867,21,20,0.508001016
1711,1.75999E+15,54093188,2867,0.0014335,0.521320945,20.5244056,21,20,0.508001016
1712,1.75999E+15,54119248,2867,0.0014335,0.521320945,20.5244056,21,20,0.508001016
1713,1.75999E+15,54145308,2867,0.0014335,0.521320945,20.5244056,21,20,0.508001016
1714,1.75999E+15,54171336,2832,0.001416,0.51495672,20.27384607,20,20,0.508001016
1715,1.75999E+15,54197360,2832,0.001416,0.51495672,20.27384607,20,20,0.508001016
1716,1.75999E+15,54223380,2833,0.0014165,0.515138555,20.28100491,20,20,0.508001016
1717,1.75999E+15,54249404,2838,0.001419,0.51604773,20.31679913,20,20,0.508001016
1718,1.75999E+15,54275428,2832,0.001416,0.51495672,20.27384607,20,20,0.508001016
1719,1.75999E+15,54301456,2832,0.001416,0.51495672,20.27384607,20,20,0.508001016
1720,1.75999E+15,54327480,2832,0.001416,0.51495672,20.27384607,20,20,0.508001016
1721,1.75999E+15,54353504,2832,0.001416,0.51495672,20.27384607,20,20,0.508001016
1722,1.75999E+15,54379536,2838,0.001419,0.51604773,20.31679913,20,20,0.508001016
1723,1.75999E+15,54405552,2831,0.0014155,0.514774885,20.26668722,20,20,0.508001016
1724,1.75999E+15,54431572,2832,0.001416,0.51495672,20.27384607,20,20,0.508001016
1725,1.75999E+15,54457600,2832,0.001416,0.51495672,20.27384607,20,20,0.508001016
1726,1.75999E+15,54483620,2832,0.001416,0.51495672,20.27384607,20,20,0.508001016
1727,1.75999E+15,54509644,2832,0.001416,0.51495672,20.27384607,20,20,0.508001016
1728,1.75999E+15,54535660,2832,0.001416,0.51495672,20.27384607,20,20,0.508001016
1729,1.75999E+15,54561688,2838,0.001419,0.51604773,20.31679913,20,20,0.508001016
1730,1.75999E+15,54587708,2832,0.001416,0.51495672,20.27384607,20,20,0.508001016
1731,1.75999E+15,54613736,2833,0.0014165,0.515138555,20.28100491,20,20,0.508001016
1732,1.75999E+15,54639764,2833,0.0014165,0.515138555,20.28100491,20,20,0.508001016
1733,1.75999E+15,54665780,2832,0.001416,0.51495672,20.27384607,20,20,0.508001016
1734,1.75999E+15,54691808,2838,0.001419,0.51604773,20.31679913,20,20,0.508001016
1735,1.75999E+15,54717832,2832,0.001416,0.51495672,20.27384607,20,20,0.508001016
1736,1.75999E+15,54743860,2832,0.001416,0.51495672,20.27384607,20,20,0.508001016
1737,1.75999E+15,54769884,2833,0.0014165,0.515138555,20.28100491,20,20,0.508001016
1738,1.75999E+15,54795908,2831,0.0014155,0.514774885,20.26668722,20,20,0.508001016
1739,1.75999E+15,54821940,2838,0.001419,0.51604773,20.31679913,20,20,0.508001016
1740,1.75999E+15,54847964,2833,0.0014165,0.515138555,20.28100491,20,20,0.508001016
1741,1.75999E+15,54873988,2838,0.001419,0.51604773,20.31679913,20,20,0.508001016
1742,1.75999E+15,54900016,2832,0.001416,0.51495672,20.27384607,20,20,0.508001016
1743,1.75999E+15,54926036,2832,0.001416,0.51495672,20.27384607,20,20,0.508001016
1744,1.75999E+15,54952060,2832,0.001416,0.51495672,20.27384607,20,20,0.508001016
1745,1.75999E+15,54978080,2832,0.001416,0.51495672,20.27384607,20,20,0.508001016
1746,1.75999E+15,55004104,2838,0.001419,0.51604773,20.31679913,20,20,0.508001016
1747,1.75999E+15,55030128,2833,0.0014165,0.515138555,20.28100491,20,20,0.508001016
1748,1.75999E+15,55056160,2832,0.001416,0.51495672,20.27384607,20,20,0.508001016
1749,1.75999E+15,55082180,2832,0.001416,0.51495672,20.27384607,20,20,0.508001016
1750,1.75999E+15,55108208,2833,0.0014165,0.515138555,20.28100491,20,20,0.508001016
1751,1.75999E+15,55134240,2838,0.001419,0.51604773,20.31679913,20,20,0.508001016
1752,1.75999E+15,55160260,2832,0.001416,0.51495672,20.27384607,20,20,0.508001016
1753,1.75999E+15,55186292,2839,0.0014195,0.516229565,20.32395797,20,20,0.508001016
1754,1.75999E+15,55212320,2833,0.0014165,0.515138555,20.28100491,20,20,0.508001016
1755,1.75999E+15,55238348,2833,0.0014165,0.515138555,20.28100491,20,20,0.508001016
1756,1.75999E+15,55264376,2832,0.001416,0.51495672,20.27384607,20,20,0.508001016
1757,1.75999E+15,55290396,2832,0.001416,0.51495672,20.27384607,20,20,0.508001016
1758,1.75999E+15,55316420,2839,0.0014195,0.516229565,20.32395797,20,20,0.508001016
1759,1.75999E+15,55342448,2833,0.0014165,0.515138555,20.28100491,20,20,0.508001016
1760,1.75999E+15,55368476,2832,0.001416,0.51495672,20.27384607,20,20,0.508001016
1761,1.75999E+15,55394500,2833,0.0014165,0.515138555,20.28100491,20,20,0.508001016
1762,1.75999E+15,55420524,2832,0.001416,0.51495672,20.27384607,20,20,0.508001016
1763,1.75999E+15,55446560,2838,0.001419,0.51604773,20.31679913,20,20,0.508001016
1764,1.75999E+15,55472580,2832,0.001416,0.51495672,20.27384607,20,20,0.508001016
1765,1.75999E+15,55498604,2838,0.001419,0.51604773,20.31679913,20,20,0.508001016
1766,1.75999E+15,55524628,2832,0.001416,0.51495672,20.27384607,20,20,0.508001016
1767,1.75999E+15,55550652,2831,0.0014155,0.514774885,20.26668722,20,20,0.508001016
1768,1.75999E+15,55576676,2832,0.001416,0.51495672,20.27384607,20,20,0.508001016
1769,1.75999E+15,55602696,2833,0.0014165,0.515138555,20.28100491,20,20,0.508001016
1770,1.75999E+15,55628728,2838,0.001419,0.51604773,20.31679913,20,20,0.508001016
1771,1.75999E+15,55654756,2832,0.001416,0.51495672,20.27384607,20,20,0.508001016
1772,1.75999E+15,55680784,2832,0.001416,0.51495672,20.27384607,20,20,0.508001016
1773,1.75999E+15,55706804,2832,0.001416,0.51495672,20.27384607,20,20,0.508001016
1774,1.75999E+15,55732828,2832,0.001416,0.51495672,20.27384607,20,20,0.508001016
1775,1.75999E+15,55758860,2838,0.001419,0.51604773,20.31679913,20,20,0.508001016
1776,1.75999E+15,55784880,2832,0.001416,0.51495672,20.27384607,20,20,0.508001016
1777,1.75999E+15,55810908,2832,0.001416,0.51495672,20.27384607,20,20,0.508001016
1778,1.75999E+15,55836928,2833,0.0014165,0.515138555,20.28100491,20,20,0.508001016
1779,1.75999E+15,55862956,2833,0.0014165,0.515138555,20.28100491,20,20,0.508001016
1780,1.75999E+15,55888980,2832,0.001416,0.51495672,20.27384607,20,20,0.508001016
1781,1.75999E+15,55915004,2832,0.001416,0.51495672,20.27384607,20,20,0.508001016
1782,1.75999E+15,55941028,2838,0.001419,0.51604773,20.31679913,20,20,0.508001016
1783,1.75999E+15,55967052,2832,0.001416,0.51495672,20.27384607,20,20,0.508001016
1784,1.75999E+15,55993076,2832,0.001416,0.51495672,20.27384607,20,20,0.508001016
1785,1.75999E+15,56019108,2833,0.0014165,0.515138555,20.28100491,20,20,0.508001016
1786,1.75999E+15,56045136,2833,0.0014165,0.515138555,20.28100491,20,20,0.508001016
1787,1.75999E+15,56071160,2839,0.0014195,0.516229565,20.32395797,20,20,0.508001016
1788,1.75999E+15,56097188,2832,0.001416,0.51495672,20.27384607,20,20,0.508001016
1789,1.75999E+15,56123216,2833,0.0014165,0.515138555,20.28100491,20,20,0.508001016
1790,1.75999E+15,56149244,2832,0.001416,0.51495672,20.27384607,20,20,0.508001016
1791,1.75999E+15,56175272,2832,0.001416,0.51495672,20.27384607,20,20,0.508001016
1792,1.75999E+15,56201296,2832,0.001416,0.51495672,20.27384607,20,20,0.508001016
1793,1.75999E+15,56227320,2832,0.001416,0.51495672,20.27384607,20,20,0.508001016
1794,1.75999E+15,56253348,2839,0.0014195,0.516229565,20.32395797,20,20,0.508001016
1795,1.75999E+15,56279376,2832,0.001416,0.51495672,20.27384607,20,20,0.508001016
1796,1.75999E+15,56305404,2832,0.001416,0.51495672,20.27384607,20,20,0.508001016
1797,1.75999E+15,56331432,2833,0.0014165,0.515138555,20.28100491,20,20,0.508001016
1798,1.75999E+15,56357460,2833,0.0014165,0.515138555,20.28100491,20,20,0.508001016
1799,1.75999E+15,56383496,2839,0.0014195,0.516229565,20.32395797,20,20,0.508001016
1800,1.75999E+15,56409516,2833,0.0014165,0.515138555,20.28100491,20,20,0.508001016
1801,1.75999E+15,56435540,2833,0.0014165,0.515138555,20.28100491,20,20,0.508001016
1802,1.75999E+15,56461544,2808,0.001404,0.51059268,20.10203381,20,20,0.508001016
1803,1.75999E+15,56487572,2832,0.001416,0.51495672,20.27384607,20,20,0.508001016
1804,1.75999E+15,56513576,2815,0.0014075,0.511865525,20.15214572,20,20,0.508001016
1805,1.75999E+15,56539596,2833,0.0014165,0.515138555,20.28100491,20,20,0.508001016
1806,1.75999E+15,56565596,2815,0.0014075,0.511865525,20.15214572,20,20,0.508001016
1807,1.75999E+15,56591600,2808,0.001404,0.51059268,20.10203381,20,20,0.508001016
1808,1.75999E+15,56617600,2808,0.001404,0.51059268,20.10203381,20,20,0.508001016
1809,1.75999E+15,56643636,2839,0.0014195,0.516229565,20.32395797,20,20,0.508001016
1810,1.75999E+15,56669628,2808,0.001404,0.51059268,20.10203381,20,20,0.508001016
1811,1.75999E+15,56695656,2839,0.0014195,0.516229565,20.32395797,20,20,0.508001016
1812,1.75999E+15,56721660,2809,0.0014045,0.510774515,20.10919266,20,20,0.508001016
1813,1.75999E+15,56747680,2832,0.001416,0.51495672,20.27384607,20,20,0.508001016
1814,1.75999E+15,56773704,2833,0.0014165,0.515138555,20.28100491,20,20,0.508001016
1815,1.75999E+15,56799704,2809,0.0014045,0.510774515,20.10919266,20,20,0.508001016
1816,1.75999E+15,56825704,2815,0.0014075,0.511865525,20.15214572,20,20,0.508001016
1817,1.75999E+15,56851732,2833,0.0014165,0.515138555,20.28100491,20,20,0.508001016
1818,1.75999E+15,56877736,2809,0.0014045,0.510774515,20.10919266,20,20,0.508001016
1819,1.75999E+15,56903764,2833,0.0014165,0.515138555,20.28100491,20,20,0.508001016
1820,1.75999E+15,56929784,2833,0.0014165,0.515138555,20.28100491,20,20,0.508001016
1821,1.75999E+15,56955788,2815,0.0014075,0.511865525,20.15214572,20,20,0.508001016
1822,1.75999E+15,56981792,2809,0.0014045,0.510774515,20.10919266,20,20,0.508001016
1823,1.75999E+15,57007796,2810,0.001405,0.51095635,20.1163515,20,20,0.508001016
1824,1.75999E+15,57033796,2808,0.001404,0.51059268,20.10203381,20,20,0.508001016
1825,1.75999E+15,57059796,2809,0.0014045,0.510774515,20.10919266,20,20,0.508001016
1826,1.75999E+15,57085800,2815,0.0014075,0.511865525,20.15214572,20,20,0.508001016
1827,1.75999E+15,57111804,2809,0.0014045,0.510774515,20.10919266,20,20,0.508001016
1828,1.75999E+15,57137804,2808,0.001404,0.51059268,20.10203381,20,20,0.508001016
1829,1.75999E+15,57163812,2815,0.0014075,0.511865525,20.15214572,20,20,0.508001016
1830,1.75999E+15,57189808,2809,0.0014045,0.510774515,20.10919266,20,20,0.508001016
1831,1.75999E+15,57215812,2808,0.001404,0.51059268,20.10203381,20,20,0.508001016
1832,1.75999E+15,57241816,2809,0.0014045,0.510774515,20.10919266,20,20,0.508001016
1833,1.75999E+15,57267820,2809,0.0014045,0.510774515,20.10919266,20,20,0.508001016
1834,1.75999E+15,57293836,2815,0.0014075,0.511865525,20.15214572,20,20,0.508001016
1835,1.75999E+15,57319836,2809,0.0014045,0.510774515,20.10919266,20,20,0.508001016
1836,1.75999E+15,57345836,2808,0.001404,0.51059268,20.10203381,20,20,0.508001016
1837,1.75999E+15,57371836,2809,0.0014045,0.510774515,20.10919266,20,20,0.508001016
1838,1.75999E+15,57397836,2808,0.001404,0.51059268,20.10203381,20,20,0.508001016
1839,1.75999E+15,57423864,2838,0.001419,0.51604773,20.31679913,20,20,0.508001016
1840,1.75999E+15,57449868,2810,0.001405,0.51095635,20.1163515,20,20,0.508001016
1841,1.75999E+15,57475872,2809,0.0014045,0.510774515,20.10919266,20,20,0.508001016
1842,1.75999E+15,57501900,2832,0.001416,0.51495672,20.27384607,20,20,0.508001016
1843,1.75999E+15,57527904,2809,0.0014045,0.510774515,20.10919266,20,20,0.508001016
1844,1.75999E+15,57553904,2815,0.0014075,0.511865525,20.15214572,20,20,0.508001016
1845,1.75999E+15,57579912,2809,0.0014045,0.510774515,20.10919266,20,20,0.508001016
1846,1.75999E+15,57605940,2832,0.001416,0.51495672,20.27384607,20,20,0.508001016
1847,1.75999E+15,57631960,2832,0.001416,0.51495672,20.27384607,20,20,0.508001016
1848,1.75999E+15,57657964,2809,0.0014045,0.510774515,20.10919266,20,20,0.508001016
1849,1.75999E+15,57683996,2838,0.001419,0.51604773,20.31679913,20,20,0.508001016
1850,1.75999E+15,57710004,2822,0.001411,0.51313837,20.20225763,20,20,0.508001016
1851,1.75999E+15,57736056,2859,0.0014295,0.519866265,20.46713485,20,20,0.508001016
1852,1.75999E+15,57762136,2887,0.0014435,0.524957645,20.66758248,21,,
1853,1.75999E+15,57788240,2917,0.0014585,0.530412695,20.8823478,21,,
1854,1.75999E+15,57814372,2936,0.001468,0.53386756,21.01836584,21,,
1855,1.75999E+15,57840552,2988,0.001494,0.54332298,21.39062572,21,,
1856,1.75999E+15,57866824,3076,0.001538,0.55932446,22.02060399,22,,
1857,1.75999E+15,57893160,3146,0.001573,0.57205291,22.52172307,23,,
1858,1.75999E+15,57919552,3191,0.0015955,0.580235485,22.84387104,23,,
1859,1.75999E+15,57946016,3274,0.001637,0.59532779,23.43805509,23,,
1860,1.75999E+15,57972540,3332,0.001666,0.60587422,23.85326804,24,,
1861,1.75999E+15,57999180,3447,0.0017235,0.626785245,24.6765351,25,,
1862,1.75999E+15,58025880,3505,0.0017525,0.637331675,25.09174804,25,,
1863,1.75999E+15,58052668,3587,0.0017935,0.652242145,25.67877325,26,,
1864,1.75999E+15,58079540,3680,0.00184,0.6691528,26.34454574,26,,
1865,1.75999E+15,58106504,3762,0.001881,0.68406327,26.93157094,27,,
1866,1.75999E+15,58133512,3809,0.0019045,0.692609515,27.26803661,27,,
1867,1.75999E+15,58160604,3895,0.0019475,0.708247325,27.88369719,28,,
1868,1.75999E+15,58187728,3933,0.0019665,0.715157055,28.15573326,28,,
1869,1.75999E+15,58214928,4001,0.0020005,0.727521835,28.64253464,29,,
1870,1.75999E+15,58242180,4055,0.0020275,0.737340925,29.02911222,29,,
1871,1.75999E+15,58269472,4103,0.0020515,0.746069005,29.37273673,29,,
1872,1.75999E+15,58296796,4124,0.002062,0.74988754,29.52307245,30,,
1873,1.75999E+15,58324180,4186,0.002093,0.76116131,29.96692077,30,,
1874,1.75999E+15,58351596,4218,0.002109,0.76698003,30.19600378,30,,
1875,1.75999E+15,58379036,4239,0.0021195,0.770798565,30.3463395,30,30,0.762001524
1876,1.75999E+15,58406468,4229,0.0021145,0.768980215,30.27475106,30,30,0.762001524
1877,1.75999E+15,58433924,4259,0.0021295,0.774435265,30.48951638,30,30,0.762001524
1878,1.75999E+15,58461384,4260,0.00213,0.7746171,30.49667523,30,30,0.762001524
1879,1.75999E+15,58488824,4243,0.0021215,0.771525905,30.37497488,30,30,0.762001524
1880,1.75999E+15,58516264,4243,0.0021215,0.771525905,30.37497488,30,30,0.762001524
1881,1.75999E+15,58543708,4244,0.002122,0.77170774,30.38213372,30,30,0.762001524
1882,1.75999E+15,58571152,4244,0.002122,0.77170774,30.38213372,30,30,0.762001524
1883,1.75999E+15,58598600,4243,0.0021215,0.771525905,30.37497488,30,30,0.762001524
1884,1.75999E+15,58626040,4244,0.002122,0.77170774,30.38213372,30,30,0.762001524
1885,1.75999E+15,58653488,4249,0.0021245,0.772616915,30.41792794,30,30,0.762001524
1886,1.75999E+15,58680960,4270,0.002135,0.77643545,30.56826367,31,30,0.762001524
1887,1.75999E+15,58708432,4269,0.0021345,0.776253615,30.56110482,31,30,0.762001524
1888,1.75999E+15,58735896,4265,0.0021325,0.775526275,30.53246945,31,30,0.762001524
1889,1.75999E+15,58763364,4258,0.002129,0.77425343,30.48235754,30,30,0.762001524
1890,1.75999E+15,58790820,4260,0.00213,0.7746171,30.49667523,30,30,0.762001524
1891,1.75999E+15,58818272,4254,0.002127,0.77352609,30.45372216,30,30,0.762001524
1892,1.75999E+15,58845732,4255,0.0021275,0.773707925,30.46088101,30,30,0.762001524
1893,1.75999E+15,58873188,4255,0.0021275,0.773707925,30.46088101,30,30,0.762001524
1894,1.75999E+15,58900648,4253,0.0021265,0.773344255,30.44656332,30,30,0.762001524
1895,1.75999E+15,58928104,4259,0.0021295,0.774435265,30.48951638,30,30,0.762001524
1896,1.75999E+15,58955564,4260,0.00213,0.7746171,30.49667523,30,30,0.762001524
1897,1.75999E+15,58983024,4260,0.00213,0.7746171,30.49667523,30,30,0.762001524
1898,1.75999E+15,59010488,4260,0.00213,0.7746171,30.49667523,30,30,0.762001524
1899,1.75999E+15,59037948,4259,0.0021295,0.774435265,30.48951638,30,30,0.762001524
1900,1.75999E+15,59065408,4254,0.002127,0.77352609,30.45372216,30,30,0.762001524
1901,1.75999E+15,59092864,4260,0.00213,0.7746171,30.49667523,30,30,0.762001524
1902,1.75999E+15,59120324,4260,0.00213,0.7746171,30.49667523,30,30,0.762001524
1903,1.75999E+15,59147784,4260,0.00213,0.7746171,30.49667523,30,30,0.762001524
1904,1.75999E+15,59175244,4260,0.00213,0.7746171,30.49667523,30,30,0.762001524
1905,1.75999E+15,59202704,4253,0.0021265,0.773344255,30.44656332,30,30,0.762001524
1906,1.75999E+15,59230156,4260,0.00213,0.7746171,30.49667523,30,30,0.762001524
1907,1.75999E+15,59257612,4259,0.0021295,0.774435265,30.48951638,30,30,0.762001524
1908,1.75999E+15,59285068,4259,0.0021295,0.774435265,30.48951638,30,30,0.762001524
1909,1.75999E+15,59312524,4260,0.00213,0.7746171,30.49667523,30,30,0.762001524
1910,1.75999E+15,59339984,4253,0.0021265,0.773344255,30.44656332,30,30,0.762001524
1911,1.75999E+15,59367448,4259,0.0021295,0.774435265,30.48951638,30,30,0.762001524
1912,1.75999E+15,59394904,4260,0.00213,0.7746171,30.49667523,30,30,0.762001524
1913,1.75999E+15,59422360,4260,0.00213,0.7746171,30.49667523,30,30,0.762001524
1914,1.75999E+15,59449820,4260,0.00213,0.7746171,30.49667523,30,30,0.762001524
1915,1.75999E+15,59477276,4259,0.0021295,0.774435265,30.48951638,30,30,0.762001524
1916,1.75999E+15,59504736,4254,0.002127,0.77352609,30.45372216,30,30,0.762001524
1917,1.75999E+15,59532184,4259,0.0021295,0.774435265,30.48951638,30,30,0.762001524
1918,1.75999E+15,59559644,4259,0.0021295,0.774435265,30.48951638,30,30,0.762001524
1919,1.75999E+15,59587104,4259,0.0021295,0.774435265,30.48951638,30,30,0.762001524
1920,1.75999E+15,59614564,4260,0.00213,0.7746171,30.49667523,30,30,0.762001524
1921,1.75999E+15,59642024,4253,0.0021265,0.773344255,30.44656332,30,30,0.762001524
1922,1.75999E+15,59669484,4260,0.00213,0.7746171,30.49667523,30,30,0.762001524
1923,1.75999E+15,59696944,4260,0.00213,0.7746171,30.49667523,30,30,0.762001524
1924,1.75999E+15,59724400,4260,0.00213,0.7746171,30.49667523,30,30,0.762001524
1925,1.75999E+15,59751864,4259,0.0021295,0.774435265,30.48951638,30,30,0.762001524
1926,1.75999E+15,59779324,4260,0.00213,0.7746171,30.49667523,30,30,0.762001524
1927,1.75999E+15,59806784,4255,0.0021275,0.773707925,30.46088101,30,30,0.762001524
1928,1.75999E+15,59834236,4260,0.00213,0.7746171,30.49667523,30,30,0.762001524
1929,1.75999E+15,59861696,4260,0.00213,0.7746171,30.49667523,30,30,0.762001524
1930,1.75999E+15,59889156,4261,0.0021305,0.774798935,30.50383407,31,30,0.762001524
1931,1.75999E+15,59916616,4260,0.00213,0.7746171,30.49667523,30,30,0.762001524
1932,1.75999E+15,59944076,4254,0.002127,0.77352609,30.45372216,30,30,0.762001524
1933,1.75999E+15,59971532,4260,0.00213,0.7746171,30.49667523,30,30,0.762001524
1934,1.75999E+15,59998992,4260,0.00213,0.7746171,30.49667523,30,30,0.762001524
1935,1.75999E+15,60026448,4259,0.0021295,0.774435265,30.48951638,30,30,0.762001524
1936,1.75999E+15,60053908,4260,0.00213,0.7746171,30.49667523,30,30,0.762001524
1937,1.75999E+15,60081368,4254,0.002127,0.77352609,30.45372216,30,30,0.762001524
1938,1.75999E+15,60108832,4259,0.0021295,0.774435265,30.48951638,30,30,0.762001524
1939,1.75999E+15,60136284,4259,0.0021295,0.774435265,30.48951638,30,30,0.762001524
1940,1.75999E+15,60163748,4260,0.00213,0.7746171,30.49667523,30,30,0.762001524
1941,1.75999E+15,60191208,4260,0.00213,0.7746171,30.49667523,30,30,0.762001524
1942,1.75999E+15,60218668,4260,0.00213,0.7746171,30.49667523,30,30,0.762001524
1943,1.75999E+15,60246128,4254,0.002127,0.77352609,30.45372216,30,30,0.762001524
1944,1.75999E+15,60273576,4260,0.00213,0.7746171,30.49667523,30,30,0.762001524
1945,1.75999E+15,60301040,4260,0.00213,0.7746171,30.49667523,30,30,0.762001524
1946,1.75999E+15,60328500,4260,0.00213,0.7746171,30.49667523,30,30,0.762001524
1947,1.75999E+15,60355960,4260,0.00213,0.7746171,30.49667523,30,30,0.762001524
1948,1.75999E+15,60383416,4254,0.002127,0.77352609,30.45372216,30,30,0.762001524
1949,1.75999E+15,60410884,4259,0.0021295,0.774435265,30.48951638,30,30,0.762001524
1950,1.75999E+15,60438340,4259,0.0021295,0.774435265,30.48951638,30,30,0.762001524
1951,1.75999E+15,60465800,4260,0.00213,0.7746171,30.49667523,30,30,0.762001524
1952,1.75999E+15,60493260,4260,0.00213,0.7746171,30.49667523,30,30,0.762001524
1953,1.75999E+15,60520720,4260,0.00213,0.7746171,30.49667523,30,30,0.762001524
1954,1.75999E+15,60548176,4253,0.0021265,0.773344255,30.44656332,30,30,0.762001524
1955,1.75999E+15,60575632,4260,0.00213,0.7746171,30.49667523,30,30,0.762001524
1956,1.75999E+15,60603092,4260,0.00213,0.7746171,30.49667523,30,30,0.762001524
1957,1.75999E+15,60630552,4260,0.00213,0.7746171,30.49667523,30,30,0.762001524
1958,1.75999E+15,60658012,4260,0.00213,0.7746171,30.49667523,30,30,0.762001524
1959,1.75999E+15,60685472,4253,0.0021265,0.773344255,30.44656332,30,30,0.762001524
1960,1.75999E+15,60712924,4260,0.00213,0.7746171,30.49667523,30,30,0.762001524
1961,1.75999E+15,60740384,4261,0.0021305,0.774798935,30.50383407,31,30,0.762001524
1962,1.75999E+15,60767840,4260,0.00213,0.7746171,30.49667523,30,30,0.762001524
1963,1.75999E+15,60795312,4260,0.00213,0.7746171,30.49667523,30,30,0.762001524
1964,1.75999E+15,60822772,4255,0.0021275,0.773707925,30.46088101,30,30,0.762001524
1965,1.75999E+15,60850236,4260,0.00213,0.7746171,30.49667523,30,30,0.762001524
1966,1.75999E+15,60877688,4259,0.0021295,0.774435265,30.48951638,30,30,0.762001524
1967,1.75999E+15,60905148,4260,0.00213,0.7746171,30.49667523,30,30,0.762001524
1968,1.75999E+15,60932608,4260,0.00213,0.7746171,30.49667523,30,30,0.762001524
1969,1.75999E+15,60960068,4261,0.0021305,0.774798935,30.50383407,31,30,0.762001524
1970,1.75999E+15,60987528,4254,0.002127,0.77352609,30.45372216,30,30,0.762001524
1971,1.75999E+15,61014984,4259,0.0021295,0.774435265,30.48951638,30,30,0.762001524
1972,1.75999E+15,61042444,4261,0.0021305,0.774798935,30.50383407,31,30,0.762001524
1973,1.75999E+15,61069904,4260,0.00213,0.7746171,30.49667523,30,30,0.762001524
1974,1.75999E+15,61097364,4260,0.00213,0.7746171,30.49667523,30,30,0.762001524
1975,1.75999E+15,61124820,4254,0.002127,0.77352609,30.45372216,30,30,0.762001524
1976,1.75999E+15,61152288,4260,0.00213,0.7746171,30.49667523,30,30,0.762001524
1977,1.75999E+15,61179740,4260,0.00213,0.7746171,30.49667523,30,30,0.762001524
1978,1.75999E+15,61207196,4260,0.00213,0.7746171,30.49667523,30,30,0.762001524
1979,1.75999E+15,61234660,4260,0.00213,0.7746171,30.49667523,30,30,0.762001524
1980,1.75999E+15,61262124,4260,0.00213,0.7746171,30.49667523,30,30,0.762001524
1981,1.75999E+15,61289584,4255,0.0021275,0.773707925,30.46088101,30,30,0.762001524
1982,1.75999E+15,61317040,4260,0.00213,0.7746171,30.49667523,30,30,0.762001524
1983,1.75999E+15,61344504,4260,0.00213,0.7746171,30.49667523,30,30,0.762001524
1984,1.75999E+15,61371960,4260,0.00213,0.7746171,30.49667523,30,30,0.762001524
1985,1.75999E+15,61399420,4259,0.0021295,0.774435265,30.48951638,30,30,0.762001524
1986,1.75999E+15,61426884,4254,0.002127,0.77352609,30.45372216,30,30,0.762001524
1987,1.75999E+15,61454356,4261,0.0021305,0.774798935,30.50383407,31,30,0.762001524
1988,1.75999E+15,61481812,4261,0.0021305,0.774798935,30.50383407,31,30,0.762001524
1989,1.75999E+15,61509272,4260,0.00213,0.7746171,30.49667523,30,30,0.762001524
1990,1.75999E+15,61536728,4260,0.00213,0.7746171,30.49667523,30,30,0.762001524
1991,1.75999E+15,61564188,4260,0.00213,0.7746171,30.49667523,30,30,0.762001524
1992,1.75999E+15,61591644,4253,0.0021265,0.773344255,30.44656332,30,30,0.762001524
1993,1.75999E+15,61619096,4259,0.0021295,0.774435265,30.48951638,30,30,0.762001524
1994,1.75999E+15,61646556,4260,0.00213,0.7746171,30.49667523,30,30,0.762001524
1995,1.75999E+15,61674016,4260,0.00213,0.7746171,30.49667523,30,30,0.762001524
1996,1.75999E+15,61701476,4260,0.00213,0.7746171,30.49667523,30,30,0.762001524
1997,1.75999E+15,61728936,4254,0.002127,0.77352609,30.45372216,30,30,0.762001524
1998,1.75999E+15,61756396,4260,0.00213,0.7746171,30.49667523,30,30,0.762001524
1999,1.75999E+15,61783860,4259,0.0021295,0.774435265,30.48951638,30,30,0.762001524
2000,1.75999E+15,61811320,4260,0.00213,0.7746171,30.49667523,30,30,0.762001524
2001,1.75999E+15,61838788,4260,0.00213,0.7746171,30.49667523,30,30,0.762001524
2002,1.75999E+15,61866248,4260,0.00213,0.7746171,30.49667523,30,30,0.762001524
2003,1.75999E+15,61893704,4254,0.002127,0.77352609,30.45372216,30,30,0.762001524
2004,1.75999E+15,61921160,4260,0.00213,0.7746171,30.49667523,30,30,0.762001524
2005,1.75999E+15,61948624,4260,0.00213,0.7746171,30.49667523,30,30,0.762001524
2006,1.75999E+15,61976088,4261,0.0021305,0.774798935,30.50383407,31,30,0.762001524
2007,1.75999E+15,62003552,4261,0.0021305,0.774798935,30.50383407,31,30,0.762001524
2008,1.75999E+15,62031012,4255,0.0021275,0.773707925,30.46088101,30,30,0.762001524
2009,1.75999E+15,62058472,4256,0.002128,0.77388976,30.46803985,30,30,0.762001524
2010,1.75999E+15,62085936,4260,0.00213,0.7746171,30.49667523,30,30,0.762001524
2011,1.75999E+15,62113392,4256,0.002128,0.77388976,30.46803985,30,30,0.762001524
2012,1.75999E+15,62140856,4256,0.002128,0.77388976,30.46803985,30,30,0.762001524
2013,1.75999E+15,62168312,4256,0.002128,0.77388976,30.46803985,30,30,0.762001524
2014,1.75999E+15,62195772,4256,0.002128,0.77388976,30.46803985,30,30,0.762001524
2015,1.75999E+15,62223228,4257,0.0021285,0.774071595,30.4751987,30,30,0.762001524
2016,1.75999E+15,62250688,4260,0.00213,0.7746171,30.49667523,30,30,0.762001524
2017,1.75999E+15,62278148,4256,0.002128,0.77388976,30.46803985,30,30,0.762001524
2018,1.75999E+15,62305608,4261,0.0021305,0.774798935,30.50383407,31,30,0.762001524
2019,1.75999E+15,62333068,4255,0.0021275,0.773707925,30.46088101,30,30,0.762001524
2020,1.75999E+15,62360524,4261,0.0021305,0.774798935,30.50383407,31,30,0.762001524
2021,1.75999E+15,62387988,4261,0.0021305,0.774798935,30.50383407,31,30,0.762001524
2022,1.75999E+15,62415448,4260,0.00213,0.7746171,30.49667523,30,30,0.762001524
2023,1.75999E+15,62442908,4261,0.0021305,0.774798935,30.50383407,31,30,0.762001524
2024,1.75999E+15,62470372,4255,0.0021275,0.773707925,30.46088101,30,30,0.762001524
2025,1.75999E+15,62497836,4260,0.00213,0.7746171,30.49667523,30,30,0.762001524
2026,1.75999E+15,62525292,4260,0.00213,0.7746171,30.49667523,30,30,0.762001524
2027,1.75999E+15,62552752,4260,0.00213,0.7746171,30.49667523,30,30,0.762001524
2028,1.75999E+15,62580216,4261,0.0021305,0.774798935,30.50383407,31,30,0.762001524
2029,1.75999E+15,62607676,4261,0.0021305,0.774798935,30.50383407,31,30,0.762001524
2030,1.75999E+15,62635140,4254,0.002127,0.77352609,30.45372216,30,30,0.762001524
2031,1.75999E+15,62662596,4261,0.0021305,0.774798935,30.50383407,31,30,0.762001524
2032,1.75999E+15,62690060,4261,0.0021305,0.774798935,30.50383407,31,30,0.762001524
2033,1.75999E+15,62717520,4261,0.0021305,0.774798935,30.50383407,31,30,0.762001524
2034,1.75999E+15,62744980,4261,0.0021305,0.774798935,30.50383407,31,30,0.762001524
2035,1.75999E+15,62772444,4255,0.0021275,0.773707925,30.46088101,30,30,0.762001524
2036,1.75999E+15,62799916,4261,0.0021305,0.774798935,30.50383407,31,30,0.762001524
2037,1.75999E+15,62827368,4261,0.0021305,0.774798935,30.50383407,31,30,0.762001524
2038,1.75999E+15,62854828,4260,0.00213,0.7746171,30.49667523,30,30,0.762001524
2039,1.75999E+15,62882288,4259,0.0021295,0.774435265,30.48951638,30,30,0.762001524
2040,1.75999E+15,62909748,4260,0.00213,0.7746171,30.49667523,30,30,0.762001524
2041,1.75999E+15,62937212,4254,0.002127,0.77352609,30.45372216,30,30,0.762001524
2042,1.75999E+15,62964668,4261,0.0021305,0.774798935,30.50383407,31,30,0.762001524
2043,1.75999E+15,62992124,4260,0.00213,0.7746171,30.49667523,30,30,0.762001524
2044,1.75999E+15,63019584,4261,0.0021305,0.774798935,30.50383407,31,30,0.762001524
2045,1.75999E+15,63047044,4260,0.00213,0.7746171,30.49667523,30,30,0.762001524
2046,1.75999E+15,63074504,4254,0.002127,0.77352609,30.45372216,30,30,0.762001524
2047,1.75999E+15,63101976,4261,0.0021305,0.774798935,30.50383407,31,30,0.762001524
2048,1.75999E+15,63129428,4260,0.00213,0.7746171,30.49667523,30,30,0.762001524
2049,1.75999E+15,63156888,4261,0.0021305,0.774798935,30.50383407,31,30,0.762001524
2050,1.75999E+15,63184344,4255,0.0021275,0.773707925,30.46088101,30,30,0.762001524
2051,1.75999E+15,63211800,4255,0.0021275,0.773707925,30.46088101,30,30,0.762001524
2052,1.75999E+15,63239260,4254,0.002127,0.77352609,30.45372216,30,30,0.762001524
2053,1.75999E+15,63266708,4259,0.0021295,0.774435265,30.48951638,30,30,0.762001524
2054,1.75999E+15,63294164,4259,0.0021295,0.774435265,30.48951638,30,30,0.762001524
2055,1.75999E+15,63321624,4259,0.0021295,0.774435265,30.48951638,30,30,0.762001524
2056,1.75999E+15,63349084,4260,0.00213,0.7746171,30.49667523,30,30,0.762001524
2057,1.75999E+15,63376544,4254,0.002127,0.77352609,30.45372216,30,30,0.762001524
2058,1.75999E+15,63404004,4259,0.0021295,0.774435265,30.48951638,30,30,0.762001524
2059,1.75999E+15,63431460,4255,0.0021275,0.773707925,30.46088101,30,30,0.762001524
2060,1.75999E+15,63458916,4255,0.0021275,0.773707925,30.46088101,30,30,0.762001524
2061,1.75999E+15,63486380,4260,0.00213,0.7746171,30.49667523,30,30,0.762001524
2062,1.75999E+15,63513840,4254,0.002127,0.77352609,30.45372216,30,30,0.762001524
2063,1.75999E+15,63541304,4260,0.00213,0.7746171,30.49667523,30,30,0.762001524
2064,1.75999E+15,63568760,4260,0.00213,0.7746171,30.49667523,30,30,0.762001524
2065,1.75999E+15,63596216,4259,0.0021295,0.774435265,30.48951638,30,30,0.762001524
2066,1.75999E+15,63623668,4255,0.0021275,0.773707925,30.46088101,30,30,0.762001524
2067,1.75999E+15,63651132,4260,0.00213,0.7746171,30.49667523,30,30,0.762001524
2068,1.75999E+15,63678596,4254,0.002127,0.77352609,30.45372216,30,30,0.762001524
2069,1.75999E+15,63706048,4255,0.0021275,0.773707925,30.46088101,30,30,0.762001524
2070,1.75999E+15,63733504,4255,0.0021275,0.773707925,30.46088101,30,30,0.762001524
2071,1.75999E+15,63760956,4255,0.0021275,0.773707925,30.46088101,30,30,0.762001524
2072,1.75999E+15,63788416,4260,0.00213,0.7746171,30.49667523,30,,
2073,1.75999E+15,63815868,4248,0.002124,0.77243508,30.4107691,30,,
2074,1.75999E+15,63843296,4229,0.0021145,0.768980215,30.27475106,30,,
2075,1.75999E+15,63870672,4177,0.0020885,0.759524795,29.90249118,30,,
2076,1.75999E+15,63898036,4167,0.0020835,0.757706445,29.83090274,30,,
2077,1.75999E+15,63925336,4095,0.0020475,0.744614325,29.31546598,29,,
2078,1.75999E+15,63952580,4050,0.002025,0.73643175,28.993318,29,,
2079,1.75999E+15,63979796,4016,0.002008,0.73024936,28.7499173,29,,
2080,1.75999E+15,64006952,3959,0.0019795,0.719884765,28.3418632,28,,
2081,1.75999E+15,64034064,3911,0.0019555,0.711156685,27.99823869,28,,
2082,1.75999E+15,64061092,3829,0.0019145,0.696246215,27.41121348,27,,
2083,1.75999E+15,64088076,3785,0.0018925,0.688245475,27.09622435,27,,
2084,1.75999E+15,64115032,3763,0.0018815,0.684245105,26.93872978,27,,
2085,1.75999E+15,64141928,3697,0.0018485,0.672243995,26.46624608,26,,
2086,1.75999E+15,64168816,3686,0.001843,0.67024381,26.3874988,26,,
2087,1.75999E+15,64195648,3637,0.0018185,0.661333895,26.03671545,26,,
2088,1.75999E+15,64222436,3598,0.001799,0.65424233,25.75752053,26,,
2089,1.75999E+15,64249228,3591,0.0017955,0.652969485,25.70740862,26,,
2090,1.75999E+15,64275980,3550,0.001775,0.64551425,25.41389602,25,,
2091,1.75999E+15,64302728,3554,0.001777,0.64624159,25.4425314,25,25,0.63500127
2092,1.75999E+15,64329460,3538,0.001769,0.64333223,25.3279899,25,25,0.63500127
2093,1.75999E+15,64356160,3505,0.0017525,0.637331675,25.09174804,25,25,0.63500127
2094,1.75999E+15,64382876,3522,0.001761,0.64042287,25.21344839,25,25,0.63500127
2095,1.75999E+15,64409592,3521,0.0017605,0.640241035,25.20628955,25,25,0.63500127
2096,1.75999E+15,64436308,3515,0.0017575,0.639150025,25.16333648,25,25,0.63500127
2097,1.75999E+15,64463016,3515,0.0017575,0.639150025,25.16333648,25,25,0.63500127
2098,1.75999E+15,64489732,3515,0.0017575,0.639150025,25.16333648,25,25,0.63500127
2099,1.75999E+15,64516432,3499,0.0017495,0.636240665,25.04879498,25,25,0.63500127
2100,1.75999E+15,64543132,3499,0.0017495,0.636240665,25.04879498,25,25,0.63500127
2101,1.75999E+15,64569836,3507,0.0017535,0.637695345,25.10606573,25,25,0.63500127
2102,1.75999E+15,64596568,3538,0.001769,0.64333223,25.3279899,25,25,0.63500127
2103,1.75999E+15,64623296,3538,0.001769,0.64333223,25.3279899,25,25,0.63500127
2104,1.75999E+15,64650040,3547,0.0017735,0.644968745,25.39241949,25,25,0.63500127
2105,1.75999E+15,64676772,3545,0.0017725,0.644605075,25.3781018,25,25,0.63500127
2106,1.75999E+15,64703520,3546,0.001773,0.64478691,25.38526065,25,25,0.63500127
2107,1.75999E+15,64730256,3541,0.0017705,0.643877735,25.34946643,25,25,0.63500127
2108,1.75999E+15,64756980,3533,0.0017665,0.642423055,25.29219568,25,25,0.63500127
2109,1.75999E+15,64783720,3541,0.0017705,0.643877735,25.34946643,25,25,0.63500127
2110,1.75999E+15,64810460,3540,0.00177,0.6436959,25.34230758,25,25,0.63500127
2111,1.75999E+15,64837204,3547,0.0017735,0.644968745,25.39241949,25,25,0.63500127
2112,1.75999E+15,64863944,3547,0.0017735,0.644968745,25.39241949,25,25,0.63500127
2113,1.75999E+15,64890684,3546,0.001773,0.64478691,25.38526065,25,25,0.63500127
2114,1.75999E+15,64917424,3546,0.001773,0.64478691,25.38526065,25,25,0.63500127
2115,1.75999E+15,64944168,3545,0.0017725,0.644605075,25.3781018,25,25,0.63500127
2116,1.75999E+15,64970900,3540,0.00177,0.6436959,25.34230758,25,25,0.63500127
2117,1.75999E+15,64997632,3541,0.0017705,0.643877735,25.34946643,25,25,0.63500127
2118,1.75999E+15,65024372,3540,0.00177,0.6436959,25.34230758,25,25,0.63500127
2119,1.75999E+15,65051112,3540,0.00177,0.6436959,25.34230758,25,25,0.63500127
2120,1.75999E+15,65077852,3546,0.001773,0.64478691,25.38526065,25,25,0.63500127
2121,1.75999E+15,65104592,3546,0.001773,0.64478691,25.38526065,25,25,0.63500127
2122,1.75999E+15,65131308,3522,0.001761,0.64042287,25.21344839,25,25,0.63500127
2123,1.75999E+15,65158048,3546,0.001773,0.64478691,25.38526065,25,25,0.63500127
2124,1.75999E+15,65184796,3546,0.001773,0.64478691,25.38526065,25,25,0.63500127
2125,1.75999E+15,65211528,3540,0.00177,0.6436959,25.34230758,25,25,0.63500127
2126,1.75999E+15,65238260,3541,0.0017705,0.643877735,25.34946643,25,25,0.63500127
2127,1.75999E+15,65265000,3539,0.0017695,0.643514065,25.33514874,25,25,0.63500127
2128,1.75999E+15,65291740,3541,0.0017705,0.643877735,25.34946643,25,25,0.63500127
2129,1.75999E+15,65318480,3546,0.001773,0.64478691,25.38526065,25,25,0.63500127
2130,1.75999E+15,65345220,3546,0.001773,0.64478691,25.38526065,25,25,0.63500127
2131,1.75999E+15,65371960,3546,0.001773,0.64478691,25.38526065,25,25,0.63500127
2132,1.75999E+15,65398700,3546,0.001773,0.64478691,25.38526065,25,25,0.63500127
2133,1.75999E+15,65425444,3547,0.0017735,0.644968745,25.39241949,25,25,0.63500127
2134,1.75999E+15,65452180,3539,0.0017695,0.643514065,25.33514874,25,25,0.63500127
2135,1.75999E+15,65478916,3541,0.0017705,0.643877735,25.34946643,25,25,0.63500127
2136,1.75999E+15,65505660,3540,0.00177,0.6436959,25.34230758,25,25,0.63500127
2137,1.75999E+15,65532404,3541,0.0017705,0.643877735,25.34946643,25,25,0.63500127
2138,1.75999E+15,65559148,3546,0.001773,0.64478691,25.38526065,25,25,0.63500127
2139,1.75999E+15,65585896,3546,0.001773,0.64478691,25.38526065,25,25,0.63500127
2140,1.75999E+15,65612632,3546,0.001773,0.64478691,25.38526065,25,25,0.63500127
2141,1.75999E+15,65639372,3546,0.001773,0.64478691,25.38526065,25,25,0.63500127
2142,1.75999E+15,65666112,3544,0.001772,0.64442324,25.37094296,25,25,0.63500127
2143,1.75999E+15,65692844,3541,0.0017705,0.643877735,25.34946643,25,25,0.63500127
2144,1.75999E+15,65719580,3540,0.00177,0.6436959,25.34230758,25,25,0.63500127
2145,1.75999E+15,65746320,3540,0.00177,0.6436959,25.34230758,25,25,0.63500127
2146,1.75999E+15,65773056,3540,0.00177,0.6436959,25.34230758,25,25,0.63500127
2147,1.75999E+15,65799796,3546,0.001773,0.64478691,25.38526065,25,25,0.63500127
2148,1.75999E+15,65826540,3546,0.001773,0.64478691,25.38526065,25,25,0.63500127
2149,1.75999E+15,65853280,3547,0.0017735,0.644968745,25.39241949,25,25,0.63500127
2150,1.75999E+15,65880016,3546,0.001773,0.64478691,25.38526065,25,25,0.63500127
2151,1.75999E+15,65906752,3540,0.00177,0.6436959,25.34230758,25,25,0.63500127
2152,1.75999E+15,65933484,3539,0.0017695,0.643514065,25.33514874,25,25,0.63500127
2153,1.75999E+15,65960224,3540,0.00177,0.6436959,25.34230758,25,25,0.63500127
2154,1.75999E+15,65986964,3540,0.00177,0.6436959,25.34230758,25,25,0.63500127
2155,1.75999E+15,66013704,3540,0.00177,0.6436959,25.34230758,25,25,0.63500127
2156,1.75999E+15,66040444,3548,0.001774,0.64515058,25.39957833,25,25,0.63500127
2157,1.75999E+15,66067192,3547,0.0017735,0.644968745,25.39241949,25,25,0.63500127
2158,1.75999E+15,66093932,3546,0.001773,0.64478691,25.38526065,25,25,0.63500127
2159,1.75999E+15,66120668,3546,0.001773,0.64478691,25.38526065,25,25,0.63500127
2160,1.75999E+15,66147404,3540,0.00177,0.6436959,25.34230758,25,25,0.63500127
2161,1.75999E+15,66174140,3540,0.00177,0.6436959,25.34230758,25,25,0.63500127
2162,1.75999E+15,66200880,3540,0.00177,0.6436959,25.34230758,25,25,0.63500127
2163,1.75999E+15,66227620,3540,0.00177,0.6436959,25.34230758,25,25,0.63500127
2164,1.75999E+15,66254360,3540,0.00177,0.6436959,25.34230758,25,25,0.63500127
2165,1.75999E+15,66281100,3546,0.001773,0.64478691,25.38526065,25,25,0.63500127
2166,1.75999E+15,66307840,3546,0.001773,0.64478691,25.38526065,25,25,0.63500127
2167,1.75999E+15,66334576,3546,0.001773,0.64478691,25.38526065,25,25,0.63500127
2168,1.75999E+15,66361316,3546,0.001773,0.64478691,25.38526065,25,25,0.63500127
2169,1.75999E+15,66388060,3541,0.0017705,0.643877735,25.34946643,25,25,0.63500127
2170,1.75999E+15,66414792,3541,0.0017705,0.643877735,25.34946643,25,25,0.63500127
2171,1.75999E+15,66441532,3540,0.00177,0.6436959,25.34230758,25,25,0.63500127
2172,1.75999E+15,66468272,3540,0.00177,0.6436959,25.34230758,25,25,0.63500127
2173,1.75999E+15,66495012,3540,0.00177,0.6436959,25.34230758,25,25,0.63500127
2174,1.75999E+15,66521756,3547,0.0017735,0.644968745,25.39241949,25,25,0.63500127
2175,1.75999E+15,66548492,3546,0.001773,0.64478691,25.38526065,25,25,0.63500127
2176,1.75999E+15,66575232,3545,0.0017725,0.644605075,25.3781018,25,25,0.63500127
2177,1.75999E+15,66601968,3546,0.001773,0.64478691,25.38526065,25,25,0.63500127
2178,1.75999E+15,66628704,3540,0.00177,0.6436959,25.34230758,25,25,0.63500127
2179,1.75999E+15,66655436,3540,0.00177,0.6436959,25.34230758,25,25,0.63500127
2180,1.75999E+15,66682176,3540,0.00177,0.6436959,25.34230758,25,25,0.63500127
2181,1.75999E+15,66708916,3540,0.00177,0.6436959,25.34230758,25,25,0.63500127
2182,1.75999E+15,66735652,3542,0.001771,0.64405957,25.35662527,25,25,0.63500127
2183,1.75999E+15,66762392,3546,0.001773,0.64478691,25.38526065,25,25,0.63500127
2184,1.75999E+15,66789132,3547,0.0017735,0.644968745,25.39241949,25,25,0.63500127
2185,1.75999E+15,66815872,3546,0.001773,0.64478691,25.38526065,25,25,0.63500127
2186,1.75999E+15,66842612,3546,0.001773,0.64478691,25.38526065,25,25,0.63500127
2187,1.75999E+15,66869356,3541,0.0017705,0.643877735,25.34946643,25,25,0.63500127
2188,1.75999E+15,66896088,3539,0.0017695,0.643514065,25.33514874,25,25,0.63500127
2189,1.75999E+15,66922824,3541,0.0017705,0.643877735,25.34946643,25,25,0.63500127
2190,1.75999E+15,66949564,3540,0.00177,0.6436959,25.34230758,25,25,0.63500127
2191,1.75999E+15,66976304,3546,0.001773,0.64478691,25.38526065,25,25,0.63500127
2192,1.75999E+15,67003044,3546,0.001773,0.64478691,25.38526065,25,25,0.63500127
2193,1.75999E+15,67029784,3546,0.001773,0.64478691,25.38526065,25,25,0.63500127
2194,1.75999E+15,67056524,3546,0.001773,0.64478691,25.38526065,25,25,0.63500127
2195,1.75999E+15,67083260,3547,0.0017735,0.644968745,25.39241949,25,25,0.63500127
2196,1.75999E+15,67110000,3541,0.0017705,0.643877735,25.34946643,25,25,0.63500127
2197,1.75999E+15,67136736,3540,0.00177,0.6436959,25.34230758,25,25,0.63500127
2198,1.75999E+15,67163480,3541,0.0017705,0.643877735,25.34946643,25,25,0.63500127
2199,1.75999E+15,67190220,3540,0.00177,0.6436959,25.34230758,25,25,0.63500127
2200,1.75999E+15,67216956,3545,0.0017725,0.644605075,25.3781018,25,25,0.63500127
2201,1.75999E+15,67243696,3546,0.001773,0.64478691,25.38526065,25,25,0.63500127
2202,1.75999E+15,67270436,3546,0.001773,0.64478691,25.38526065,25,25,0.63500127
2203,1.75999E+15,67297176,3547,0.0017735,0.644968745,25.39241949,25,25,0.63500127
2204,1.75999E+15,67323920,3546,0.001773,0.64478691,25.38526065,25,25,0.63500127
2205,1.75999E+15,67350656,3540,0.00177,0.6436959,25.34230758,25,25,0.63500127
2206,1.75999E+15,67377388,3540,0.00177,0.6436959,25.34230758,25,25,0.63500127
2207,1.75999E+15,67404128,3541,0.0017705,0.643877735,25.34946643,25,25,0.63500127
2208,1.75999E+15,67430872,3540,0.00177,0.6436959,25.34230758,25,25,0.63500127
2209,1.75999E+15,67457608,3545,0.0017725,0.644605075,25.3781018,25,25,0.63500127
2210,1.75999E+15,67484344,3546,0.001773,0.64478691,25.38526065,25,25,0.63500127
2211,1.75999E+15,67511084,3547,0.0017735,0.644968745,25.39241949,25,25,0.63500127
2212,1.75999E+15,67537824,3546,0.001773,0.64478691,25.38526065,25,25,0.63500127
2213,1.75999E+15,67564572,3546,0.001773,0.64478691,25.38526065,25,25,0.63500127
2214,1.75999E+15,67591304,3540,0.00177,0.6436959,25.34230758,25,25,0.63500127
2215,1.75999E+15,67618036,3540,0.00177,0.6436959,25.34230758,25,25,0.63500127
2216,1.75999E+15,67644776,3540,0.00177,0.6436959,25.34230758,25,25,0.63500127
2217,1.75999E+15,67671516,3539,0.0017695,0.643514065,25.33514874,25,25,0.63500127
2218,1.75999E+15,67698256,3545,0.0017725,0.644605075,25.3781018,25,25,0.63500127
2219,1.75999E+15,67724996,3546,0.001773,0.64478691,25.38526065,25,25,0.63500127
2220,1.75999E+15,67751728,3544,0.001772,0.64442324,25.37094296,25,25,0.63500127
2221,1.75999E+15,67778468,3546,0.001773,0.64478691,25.38526065,25,25,0.63500127
2222,1.75999E+15,67805216,3546,0.001773,0.64478691,25.38526065,25,25,0.63500127
2223,1.75999E+15,67831948,3540,0.00177,0.6436959,25.34230758,25,25,0.63500127
2224,1.75999E+15,67858680,3540,0.00177,0.6436959,25.34230758,25,25,0.63500127
2225,1.75999E+15,67885416,3540,0.00177,0.6436959,25.34230758,25,25,0.63500127
2226,1.75999E+15,67912156,3540,0.00177,0.6436959,25.34230758,25,25,0.63500127
2227,1.75999E+15,67938892,3546,0.001773,0.64478691,25.38526065,25,25,0.63500127
2228,1.75999E+15,67965632,3546,0.001773,0.64478691,25.38526065,25,25,0.63500127
2229,1.75999E+15,67992372,3546,0.001773,0.64478691,25.38526065,25,25,0.63500127
2230,1.75999E+15,68019112,3546,0.001773,0.64478691,25.38526065,25,25,0.63500127
2231,1.75999E+15,68045860,3546,0.001773,0.64478691,25.38526065,25,25,0.63500127
2232,1.75999E+15,68072592,3541,0.0017705,0.643877735,25.34946643,25,25,0.63500127
2233,1.75999E+15,68099328,3540,0.00177,0.6436959,25.34230758,25,25,0.63500127
2234,1.75999E+15,68126068,3540,0.00177,0.6436959,25.34230758,25,25,0.63500127
2235,1.75999E+15,68152808,3541,0.0017705,0.643877735,25.34946643,25,25,0.63500127
2236,1.75999E+15,68179548,3546,0.001773,0.64478691,25.38526065,25,25,0.63500127
2237,1.75999E+15,68206284,3546,0.001773,0.64478691,25.38526065,25,25,0.63500127
2238,1.75999E+15,68233020,3546,0.001773,0.64478691,25.38526065,25,25,0.63500127
2239,1.75999E+15,68259756,3547,0.0017735,0.644968745,25.39241949,25,25,0.63500127
2240,1.75999E+15,68286504,3546,0.001773,0.64478691,25.38526065,25,25,0.63500127
2241,1.75999E+15,68313236,3540,0.00177,0.6436959,25.34230758,25,25,0.63500127
2242,1.75999E+15,68339972,3541,0.0017705,0.643877735,25.34946643,25,25,0.63500127
2243,1.75999E+15,68366712,3540,0.00177,0.6436959,25.34230758,25,25,0.63500127
2244,1.75999E+15,68393456,3541,0.0017705,0.643877735,25.34946643,25,25,0.63500127
2245,1.75999E+15,68420196,3546,0.001773,0.64478691,25.38526065,25,25,0.63500127
2246,1.75999E+15,68446944,3546,0.001773,0.64478691,25.38526065,25,25,0.63500127
2247,1.75999E+15,68473684,3545,0.0017725,0.644605075,25.3781018,25,25,0.63500127
2248,1.75999E+15,68500424,3545,0.0017725,0.644605075,25.3781018,25,25,0.63500127
2249,1.75999E+15,68527168,3545,0.0017725,0.644605075,25.3781018,25,25,0.63500127
2250,1.75999E+15,68553900,3540,0.00177,0.6436959,25.34230758,25,25,0.63500127
2251,1.75999E+15,68580640,3539,0.0017695,0.643514065,25.33514874,25,25,0.63500127
2252,1.75999E+15,68607380,3540,0.00177,0.6436959,25.34230758,25,25,0.63500127
2253,1.75999E+15,68634124,3541,0.0017705,0.643877735,25.34946643,25,25,0.63500127
2254,1.75999E+15,68660864,3545,0.0017725,0.644605075,25.3781018,25,25,0.63500127
2255,1.75999E+15,68687608,3546,0.001773,0.64478691,25.38526065,25,25,0.63500127
2256,1.75999E+15,68714344,3546,0.001773,0.64478691,25.38526065,25,25,0.63500127
2257,1.75999E+15,68741084,3546,0.001773,0.64478691,25.38526065,25,25,0.63500127
2258,1.75999E+15,68767824,3540,0.00177,0.6436959,25.34230758,25,25,0.63500127
2259,1.75999E+15,68794560,3540,0.00177,0.6436959,25.34230758,25,25,0.63500127
2260,1.75999E+15,68821300,3540,0.00177,0.6436959,25.34230758,25,25,0.63500127
2261,1.75999E+15,68848040,3540,0.00177,0.6436959,25.34230758,25,25,0.63500127
2262,1.75999E+15,68874780,3540,0.00177,0.6436959,25.34230758,25,25,0.63500127
2263,1.75999E+15,68901520,3546,0.001773,0.64478691,25.38526065,25,25,0.63500127
2264,1.75999E+15,68928256,3545,0.0017725,0.644605075,25.3781018,25,25,0.63500127
2265,1.75999E+15,68954996,3546,0.001773,0.64478691,25.38526065,25,25,0.63500127
2266,1.75999E+15,68981740,3547,0.0017735,0.644968745,25.39241949,25,25,0.63500127
2267,1.75999E+15,69008480,3540,0.00177,0.6436959,25.34230758,25,25,0.63500127
2268,1.75999E+15,69035212,3540,0.00177,0.6436959,25.34230758,25,25,0.63500127
2269,1.75999E+15,69061952,3541,0.0017705,0.643877735,25.34946643,25,25,0.63500127
2270,1.75999E+15,69088692,3540,0.00177,0.6436959,25.34230758,25,25,0.63500127
2271,1.75999E+15,69115436,3545,0.0017725,0.644605075,25.3781018,25,25,0.63500127
2272,1.75999E+15,69142140,3513,0.0017565,0.638786355,25.1490188,25,25,0.63500127
2273,1.75999E+15,69168852,3514,0.001757,0.63896819,25.15617764,25,,
2274,1.75999E+15,69195544,3497,0.0017485,0.635876995,25.03447729,25,,
2275,1.75999E+15,69222196,3456,0.001728,0.62842176,24.74096469,25,,
2276,1.75999E+15,69248836,3446,0.001723,0.62660341,24.66937625,25,,
2277,1.75999E+15,69275420,3390,0.001695,0.61642065,24.26848099,24,,
2278,1.75999E+15,69301988,3373,0.0016865,0.613329455,24.14678064,24,,
2279,1.75999E+15,69328492,3308,0.001654,0.60151018,23.68145579,24,,
2280,1.75999E+15,69354984,3291,0.0016455,0.598418985,23.55975544,24,,
2281,1.75999E+15,69381424,3247,0.0016235,0.590418245,23.24476631,23,,
2282,1.75999E+15,69407812,3190,0.001595,0.58005365,22.8367122,23,,
2283,1.75999E+15,69434168,3167,0.0015835,0.575871445,22.67205879,23,,
2284,1.75999E+15,69460452,3086,0.001543,0.56114281,22.09219243,22,,
2285,1.75999E+15,69486680,3036,0.001518,0.55205106,21.73425023,22,,
2286,1.75999E+15,69512876,3008,0.001504,0.54695968,21.5338026,22,,
2287,1.75999E+15,69538996,2927,0.0014635,0.532231045,20.95393624,21,,
2288,1.75999E+15,69565064,2877,0.0014385,0.523139295,20.59599404,21,,
2289,1.75999E+15,69591136,2877,0.0014385,0.523139295,20.59599404,21,,
2290,1.75999E+15,69617100,2774,0.001387,0.50441029,19.85863312,20,,
2291,1.75999E+15,69643020,2733,0.0013665,0.496955055,19.56512052,20,,
2292,1.75999E+15,69668952,2738,0.001369,0.49786423,19.60091474,20,,
2293,1.75999E+15,69694804,2669,0.0013345,0.485317615,19.1069545,19,,
2294,1.75999E+15,69720652,2656,0.001328,0.48295376,19.01388953,19,,
2295,1.75999E+15,69746468,2628,0.001314,0.47786238,18.8134419,19,,
2296,1.75999E+15,69772200,2545,0.0012725,0.462770075,18.21925785,18,,
2297,1.75999E+15,69797916,2522,0.001261,0.45858787,18.05460444,18,,
2298,1.75999E+15,69823596,2492,0.001246,0.45313282,17.83983912,18,,
2299,1.75999E+15,69849256,2468,0.001234,0.44876878,17.66802687,18,,
2300,1.75999E+15,69874932,2481,0.0012405,0.451132635,17.76109184,18,,
2301,1.75999E+15,69900592,2468,0.001234,0.44876878,17.66802687,18,,
2302,1.75999E+15,69926228,2441,0.0012205,0.443859235,17.47473808,17,,
2303,1.75999E+15,69951864,2442,0.001221,0.44404107,17.48189693,17,,
2304,1.75999E+15,69977524,2468,0.001234,0.44876878,17.66802687,18,,
2305,1.75999E+15,70003204,2487,0.0012435,0.452223645,17.8040449,18,,
2306,1.75999E+15,70028864,2474,0.001237,0.44985979,17.71097993,18,,
2307,1.75999E+15,70054600,2546,0.001273,0.46295191,18.2264167,18,,
2308,1.75999E+15,70080324,2534,0.001267,0.46076989,18.14051057,18,,
2309,1.75999E+15,70106028,2521,0.0012605,0.458406035,18.0474456,18,,
2310,1.75999E+15,70131776,2553,0.0012765,0.464224755,18.2765286,18,,
2311,1.75999E+15,70157552,2586,0.001293,0.47022531,18.51277045,19,,
2312,1.75999E+15,70183332,2586,0.001293,0.47022531,18.51277045,19,,
2313,1.75999E+15,70209076,2551,0.0012755,0.463861085,18.26221092,18,,
2314,1.75999E+15,70234788,2522,0.001261,0.45858787,18.05460444,18,,
2315,1.75999E+15,70260488,2510,0.001255,0.45640585,17.96869831,18,,
2316,1.75999E+15,70286220,2546,0.001273,0.46295191,18.2264167,18,,
2317,1.75999E+15,70311884,2474,0.001237,0.44985979,17.71097993,18,,
2318,1.75999E+15,70337520,2446,0.001223,0.44476841,17.5105323,18,,
2319,1.75999E+15,70363164,2447,0.0012235,0.444950245,17.51769115,18,,
2320,1.75999E+15,70388776,2420,0.00121,0.4400407,17.32440236,17,,
2321,1.75999E+15,70414408,2441,0.0012205,0.443859235,17.47473808,17,,
2322,1.75999E+15,70439948,2352,0.001176,0.42767592,16.83760097,17,,
2323,1.75999E+15,70465480,2352,0.001176,0.42767592,16.83760097,17,,
2324,1.75999E+15,70491044,2379,0.0011895,0.432585465,17.03088976,17,,
2325,1.75999E+15,70516544,2312,0.001156,0.42040252,16.55124721,17,,
2326,1.75999E+15,70542072,2339,0.0011695,0.425312065,16.744536,17,,
2327,1.75999E+15,70567532,2272,0.001136,0.41312912,16.26489345,16,,
2328,1.75999E+15,70592956,2231,0.0011155,0.405673885,15.97138085,16,,
2329,1.75999E+15,70618432,2285,0.0011425,0.415492975,16.35795843,16,,
2330,1.75999E+15,70643864,2239,0.0011195,0.407128565,16.0286516,16,,
2331,1.75999E+15,70669252,2205,0.0011025,0.400946175,15.78525091,16,15,0.381000762
2332,1.75999E+15,70694632,2190,0.001095,0.39821865,15.67786825,16,15,0.381000762
2333,1.75999E+15,70720000,2178,0.001089,0.39603663,15.59196212,16,15,0.381000762
2334,1.75999E+15,70745348,2164,0.001082,0.39349094,15.49173831,15,15,0.381000762
2335,1.75999E+15,70770720,2178,0.001089,0.39603663,15.59196212,16,15,0.381000762
2336,1.75999E+15,70796120,2218,0.001109,0.40331003,15.87831588,16,15,0.381000762
2337,1.75999E+15,70821416,2110,0.001055,0.38367185,15.10516073,15,15,0.381000762
2338,1.75999E+15,70846728,2124,0.001062,0.38621754,15.20538455,15,15,0.381000762
2339,1.75999E+15,70872132,2211,0.0011055,0.402037185,15.82820397,16,15,0.381000762
2340,1.75999E+15,70897424,2110,0.001055,0.38367185,15.10516073,15,15,0.381000762
2341,1.75999E+15,70922696,2083,0.0010415,0.378762305,14.91187195,15,15,0.381000762
2342,1.75999E+15,70948004,2123,0.0010615,0.386035705,15.19822571,15,15,0.381000762
2343,1.75999E+15,70973288,2096,0.001048,0.38112616,15.00493692,15,15,0.381000762
2344,1.75999E+15,70998572,2096,0.001048,0.38112616,15.00493692,15,15,0.381000762
2345,1.75999E+15,71023856,2096,0.001048,0.38112616,15.00493692,15,15,0.381000762
2346,1.75999E+15,71049140,2097,0.0010485,0.381307995,15.01209576,15,15,0.381000762
2347,1.75999E+15,71074424,2097,0.0010485,0.381307995,15.01209576,15,15,0.381000762
2348,1.75999E+15,71099716,2096,0.001048,0.38112616,15.00493692,15,15,0.381000762
2349,1.75999E+15,71125008,2096,0.001048,0.38112616,15.00493692,15,15,0.381000762
2350,1.75999E+15,71150312,2124,0.001062,0.38621754,15.20538455,15,15,0.381000762
2351,1.75999E+15,71175680,2177,0.0010885,0.395854795,15.58480328,16,15,0.381000762
2352,1.75999E+15,71200952,2084,0.001042,0.37894414,14.91903079,15,15,0.381000762
2353,1.75999E+15,71226224,2083,0.0010415,0.378762305,14.91187195,15,15,0.381000762
2354,1.75999E+15,71251524,2110,0.001055,0.38367185,15.10516073,15,15,0.381000762
2355,1.75999E+15,71276824,2110,0.001055,0.38367185,15.10516073,15,15,0.381000762
2356,1.75999E+15,71302124,2111,0.0010555,0.383853685,15.11231958,15,15,0.381000762
2357,1.75999E+15,71327420,2110,0.001055,0.38367185,15.10516073,15,15,0.381000762
2358,1.75999E+15,71352720,2111,0.0010555,0.383853685,15.11231958,15,15,0.381000762
2359,1.75999E+15,71377992,2077,0.0010385,0.377671295,14.86891888,15,15,0.381000762
2360,1.75999E+15,71403288,2110,0.001055,0.38367185,15.10516073,15,15,0.381000762
2361,1.75999E+15,71428560,2083,0.0010415,0.378762305,14.91187195,15,15,0.381000762
2362,1.75999E+15,71453832,2083,0.0010415,0.378762305,14.91187195,15,15,0.381000762
2363,1.75999E+15,71479100,2083,0.0010415,0.378762305,14.91187195,15,15,0.381000762
2364,1.75999E+15,71504372,2083,0.0010415,0.378762305,14.91187195,15,15,0.381000762
2365,1.75999E+15,71529672,2110,0.001055,0.38367185,15.10516073,15,15,0.381000762
2366,1.75999E+15,71554944,2083,0.0010415,0.378762305,14.91187195,15,15,0.381000762
2367,1.75999E+15,71580216,2083,0.0010415,0.378762305,14.91187195,15,15,0.381000762
2368,1.75999E+15,71605512,2110,0.001055,0.38367185,15.10516073,15,15,0.381000762
2369,1.75999E+15,71630784,2083,0.0010415,0.378762305,14.91187195,15,15,0.381000762
2370,1.75999E+15,71656056,2083,0.0010415,0.378762305,14.91187195,15,15,0.381000762
2371,1.75999E+15,71681332,2083,0.0010415,0.378762305,14.91187195,15,15,0.381000762
2372,1.75999E+15,71706600,2083,0.0010415,0.378762305,14.91187195,15,15,0.381000762
2373,1.75999E+15,71731872,2083,0.0010415,0.378762305,14.91187195,15,15,0.381000762
2374,1.75999E+15,71757136,2083,0.0010415,0.378762305,14.91187195,15,15,0.381000762
2375,1.75999E+15,71782412,2083,0.0010415,0.378762305,14.91187195,15,15,0.381000762
2376,1.75999E+15,71807676,2083,0.0010415,0.378762305,14.91187195,15,15,0.381000762
2377,1.75999E+15,71832944,2083,0.0010415,0.378762305,14.91187195,15,15,0.381000762
2378,1.75999E+15,71858224,2083,0.0010415,0.378762305,14.91187195,15,15,0.381000762
2379,1.75999E+15,71883492,2083,0.0010415,0.378762305,14.91187195,15,15,0.381000762
2380,1.75999E+15,71908764,2083,0.0010415,0.378762305,14.91187195,15,15,0.381000762
2381,1.75999E+15,71934036,2077,0.0010385,0.377671295,14.86891888,15,15,0.381000762
2382,1.75999E+15,71959304,2083,0.0010415,0.378762305,14.91187195,15,15,0.381000762
2383,1.75999E+15,71984576,2083,0.0010415,0.378762305,14.91187195,15,15,0.381000762
2384,1.75999E+15,72009844,2083,0.0010415,0.378762305,14.91187195,15,15,0.381000762
2385,1.75999E+15,72035104,2083,0.0010415,0.378762305,14.91187195,15,15,0.381000762
2386,1.75999E+15,72060380,2083,0.0010415,0.378762305,14.91187195,15,15,0.381000762
2387,1.75999E+15,72085652,2084,0.001042,0.37894414,14.91903079,15,15,0.381000762
2388,1.75999E+15,72110920,2083,0.0010415,0.378762305,14.91187195,15,15,0.381000762
2389,1.75999E+15,72136188,2083,0.0010415,0.378762305,14.91187195,15,15,0.381000762
2390,1.75999E+15,72161460,2083,0.0010415,0.378762305,14.91187195,15,15,0.381000762
2391,1.75999E+15,72186732,2083,0.0010415,0.378762305,14.91187195,15,15,0.381000762
2392,1.75999E+15,72212004,2083,0.0010415,0.378762305,14.91187195,15,15,0.381000762
2393,1.75999E+15,72237272,2083,0.0010415,0.378762305,14.91187195,15,15,0.381000762
2394,1.75999E+15,72262544,2083,0.0010415,0.378762305,14.91187195,15,15,0.381000762
2395,1.75999E+15,72287812,2084,0.001042,0.37894414,14.91903079,15,15,0.381000762
2396,1.75999E+15,72313084,2083,0.0010415,0.378762305,14.91187195,15,15,0.381000762
2397,1.75999E+15,72338352,2083,0.0010415,0.378762305,14.91187195,15,15,0.381000762
2398,1.75999E+15,72363620,2082,0.001041,0.37858047,14.9047131,15,15,0.381000762
2399,1.75999E+15,72388896,2083,0.0010415,0.378762305,14.91187195,15,15,0.381000762
2400,1.75999E+15,72414168,2083,0.0010415,0.378762305,14.91187195,15,15,0.381000762
2401,1.75999E+15,72439464,2109,0.0010545,0.383490015,15.09800189,15,15,0.381000762
2402,1.75999E+15,72464732,2083,0.0010415,0.378762305,14.91187195,15,15,0.381000762
2403,1.75999E+15,72490012,2083,0.0010415,0.378762305,14.91187195,15,15,0.381000762
2404,1.75999E+15,72515276,2083,0.0010415,0.378762305,14.91187195,15,15,0.381000762
2405,1.75999E+15,72540540,2083,0.0010415,0.378762305,14.91187195,15,15,0.381000762
2406,1.75999E+15,72565816,2083,0.0010415,0.378762305,14.91187195,15,15,0.381000762
2407,1.75999E+15,72591076,2082,0.001041,0.37858047,14.9047131,15,15,0.381000762
2408,1.75999E+15,72616344,2083,0.0010415,0.378762305,14.91187195,15,15,0.381000762
2409,1.75999E+15,72641612,2077,0.0010385,0.377671295,14.86891888,15,15,0.381000762
2410,1.75999E+15,72666880,2083,0.0010415,0.378762305,14.91187195,15,15,0.381000762
2411,1.75999E+15,72692144,2083,0.0010415,0.378762305,14.91187195,15,15,0.381000762
2412,1.75999E+15,72717444,2106,0.001053,0.38294451,15.07652536,15,15,0.381000762
2413,1.75999E+15,72742712,2083,0.0010415,0.378762305,14.91187195,15,15,0.381000762
2414,1.75999E+15,72767984,2083,0.0010415,0.378762305,14.91187195,15,15,0.381000762
2415,1.75999E+15,72793256,2083,0.0010415,0.378762305,14.91187195,15,15,0.381000762
2416,1.75999E+15,72818524,2083,0.0010415,0.378762305,14.91187195,15,15,0.381000762
2417,1.75999E+15,72843792,2083,0.0010415,0.378762305,14.91187195,15,15,0.381000762
2418,1.75999E+15,72869060,2083,0.0010415,0.378762305,14.91187195,15,15,0.381000762
2419,1.75999E+15,72894332,2083,0.0010415,0.378762305,14.91187195,15,15,0.381000762
2420,1.75999E+15,72919604,2083,0.0010415,0.378762305,14.91187195,15,15,0.381000762
2421,1.75999E+15,72944876,2083,0.0010415,0.378762305,14.91187195,15,15,0.381000762
2422,1.75999E+15,72970144,2083,0.0010415,0.378762305,14.91187195,15,15,0.381000762
2423,1.75999E+15,72995412,2083,0.0010415,0.378762305,14.91187195,15,15,0.381000762
2424,1.75999E+15,73020684,2084,0.001042,0.37894414,14.91903079,15,15,0.381000762
2425,1.75999E+15,73045956,2083,0.0010415,0.378762305,14.91187195,15,15,0.381000762
2426,1.75999E+15,73071256,2109,0.0010545,0.383490015,15.09800189,15,15,0.381000762
2427,1.75999E+15,73096528,2082,0.001041,0.37858047,14.9047131,15,15,0.381000762
2428,1.75999E+15,73121800,2083,0.0010415,0.378762305,14.91187195,15,15,0.381000762
2429,1.75999E+15,73147068,2083,0.0010415,0.378762305,14.91187195,15,15,0.381000762
2430,1.75999E+15,73172340,2083,0.0010415,0.378762305,14.91187195,15,15,0.381000762
2431,1.75999E+15,73197620,2083,0.0010415,0.378762305,14.91187195,15,15,0.381000762
2432,1.75999E+15,73222880,2083,0.0010415,0.378762305,14.91187195,15,15,0.381000762
2433,1.75999E+15,73248152,2083,0.0010415,0.378762305,14.91187195,15,15,0.381000762
2434,1.75999E+15,73273424,2078,0.001039,0.37785313,14.87607773,15,15,0.381000762
2435,1.75999E+15,73298688,2083,0.0010415,0.378762305,14.91187195,15,15,0.381000762
2436,1.75999E+15,73323960,2083,0.0010415,0.378762305,14.91187195,15,15,0.381000762
2437,1.75999E+15,73349232,2083,0.0010415,0.378762305,14.91187195,15,15,0.381000762
2438,1.75999E+15,73374496,2083,0.0010415,0.378762305,14.91187195,15,15,0.381000762
2439,1.75999E+15,73399768,2083,0.0010415,0.378762305,14.91187195,15,15,0.381000762
2440,1.75999E+15,73425036,2083,0.0010415,0.378762305,14.91187195,15,15,0.381000762
2441,1.75999E+15,73450328,2110,0.001055,0.38367185,15.10516073,15,15,0.381000762
2442,1.75999E+15,73475596,2083,0.0010415,0.378762305,14.91187195,15,15,0.381000762
2443,1.75999E+15,73500868,2083,0.0010415,0.378762305,14.91187195,15,15,0.381000762
2444,1.75999E+15,73526140,2083,0.0010415,0.378762305,14.91187195,15,15,0.381000762
2445,1.75999E+15,73551408,2083,0.0010415,0.378762305,14.91187195,15,15,0.381000762
2446,1.75999E+15,73576680,2083,0.0010415,0.378762305,14.91187195,15,15,0.381000762
2447,1.75999E+15,73601952,2083,0.0010415,0.378762305,14.91187195,15,15,0.381000762
2448,1.75999E+15,73627224,2083,0.0010415,0.378762305,14.91187195,15,15,0.381000762
2449,1.75999E+15,73652492,2083,0.0010415,0.378762305,14.91187195,15,15,0.381000762
2450,1.75999E+15,73677784,2109,0.0010545,0.383490015,15.09800189,15,15,0.381000762
2451,1.75999E+15,73703056,2083,0.0010415,0.378762305,14.91187195,15,15,0.381000762
2452,1.75999E+15,73728328,2083,0.0010415,0.378762305,14.91187195,15,15,0.381000762
2453,1.75999E+15,73753596,2083,0.0010415,0.378762305,14.91187195,15,15,0.381000762
2454,1.75999E+15,73778868,2083,0.0010415,0.378762305,14.91187195,15,15,0.381000762
2455,1.75999E+15,73804132,2083,0.0010415,0.378762305,14.91187195,15,15,0.381000762
2456,1.75999E+15,73829408,2083,0.0010415,0.378762305,14.91187195,15,15,0.381000762
2457,1.75999E+15,73854696,2110,0.001055,0.38367185,15.10516073,15,15,0.381000762
2458,1.75999E+15,73879964,2083,0.0010415,0.378762305,14.91187195,15,15,0.381000762
2459,1.75999E+15,73905236,2077,0.0010385,0.377671295,14.86891888,15,15,0.381000762
2460,1.75999E+15,73930496,2083,0.0010415,0.378762305,14.91187195,15,15,0.381000762
2461,1.75999E+15,73955768,2083,0.0010415,0.378762305,14.91187195,15,15,0.381000762
2462,1.75999E+15,73981036,2081,0.0010405,0.378398635,14.89755426,15,15,0.381000762
2463,1.75999E+15,74006300,2083,0.0010415,0.378762305,14.91187195,15,15,0.381000762
2464,1.75999E+15,74031572,2083,0.0010415,0.378762305,14.91187195,15,15,0.381000762
2465,1.75999E+15,74056844,2083,0.0010415,0.378762305,14.91187195,15,15,0.381000762
2466,1.75999E+15,74082136,2109,0.0010545,0.383490015,15.09800189,15,15,0.381000762
2467,1.75999E+15,74107404,2083,0.0010415,0.378762305,14.91187195,15,15,0.381000762
2468,1.75999E+15,74132672,2083,0.0010415,0.378762305,14.91187195,15,15,0.381000762
2469,1.75999E+15,74157944,2083,0.0010415,0.378762305,14.91187195,15,15,0.381000762
2470,1.75999E+15,74183216,2083,0.0010415,0.378762305,14.91187195,15,15,0.381000762
2471,1.75999E+15,74208488,2083,0.0010415,0.378762305,14.91187195,15,15,0.381000762
2472,1.75999E+15,74233760,2083,0.0010415,0.378762305,14.91187195,15,15,0.381000762
2473,1.75999E+15,74259032,2083,0.0010415,0.378762305,14.91187195,15,15,0.381000762
2474,1.75999E+15,74284304,2083,0.0010415,0.378762305,14.91187195,15,15,0.381000762
2475,1.75999E+15,74309576,2083,0.0010415,0.378762305,14.91187195,15,15,0.381000762
2476,1.75999E+15,74334848,2082,0.001041,0.37858047,14.9047131,15,15,0.381000762
2477,1.75999E+15,74360120,2083,0.0010415,0.378762305,14.91187195,15,15,0.381000762
2478,1.75999E+15,74385420,2109,0.0010545,0.383490015,15.09800189,15,15,0.381000762
2479,1.75999E+15,74410712,2109,0.0010545,0.383490015,15.09800189,15,15,0.381000762
2480,1.75999E+15,74436008,2109,0.0010545,0.383490015,15.09800189,15,15,0.381000762
2481,1.75999E+15,74461300,2103,0.0010515,0.382399005,15.05504883,15,15,0.381000762
2482,1.75999E+15,74486592,2109,0.0010545,0.383490015,15.09800189,15,15,0.381000762
2483,1.75999E+15,74511864,2083,0.0010415,0.378762305,14.91187195,15,15,0.381000762
2484,1.75999E+15,74537132,2083,0.0010415,0.378762305,14.91187195,15,15,0.381000762
2485,1.75999E+15,74562428,2109,0.0010545,0.383490015,15.09800189,15,15,0.381000762
2486,1.75999E+15,74587700,2083,0.0010415,0.378762305,14.91187195,15,15,0.381000762
2487,1.75999E+15,74612972,2083,0.0010415,0.378762305,14.91187195,15,15,0.381000762
2488,1.75999E+15,74638244,2083,0.0010415,0.378762305,14.91187195,15,15,0.381000762
2489,1.75999E+15,74663516,2083,0.0010415,0.378762305,14.91187195,15,15,0.381000762
2490,1.75999E+15,74688788,2083,0.0010415,0.378762305,14.91187195,15,15,0.381000762
2491,1.75999E+15,74714060,2083,0.0010415,0.378762305,14.91187195,15,15,0.381000762
2492,1.75999E+15,74739328,2083,0.0010415,0.378762305,14.91187195,15,15,0.381000762
2493,1.75999E+15,74764628,2109,0.0010545,0.383490015,15.09800189,15,15,0.381000762
2494,1.75999E+15,74789904,2083,0.0010415,0.378762305,14.91187195,15,15,0.381000762
2495,1.75999E+15,74815172,2083,0.0010415,0.378762305,14.91187195,15,15,0.381000762
2496,1.75999E+15,74840444,2083,0.0010415,0.378762305,14.91187195,15,15,0.381000762
2497,1.75999E+15,74865720,2083,0.0010415,0.378762305,14.91187195,15,15,0.381000762
2498,1.75999E+15,74890988,2083,0.0010415,0.378762305,14.91187195,15,15,0.381000762
2499,1.75999E+15,74916284,2109,0.0010545,0.383490015,15.09800189,15,15,0.381000762
2500,1.75999E+15,74941556,2083,0.0010415,0.378762305,14.91187195,15,15,0.381000762
2501,1.75999E+15,74966816,2082,0.001041,0.37858047,14.9047131,15,15,0.381000762
2502,1.75999E+15,74992088,2083,0.0010415,0.378762305,14.91187195,15,15,0.381000762
2503,1.75999E+15,75017360,2083,0.0010415,0.378762305,14.91187195,15,15,0.381000762
2504,1.75999E+15,75042628,2083,0.0010415,0.378762305,14.91187195,15,15,0.381000762
2505,1.75999E+15,75067896,2083,0.0010415,0.378762305,14.91187195,15,15,0.381000762
2506,1.75999E+15,75093192,2109,0.0010545,0.383490015,15.09800189,15,15,0.381000762
2507,1.75999E+15,75118460,2082,0.001041,0.37858047,14.9047131,15,15,0.381000762
2508,1.75999E+15,75143736,2083,0.0010415,0.378762305,14.91187195,15,15,0.381000762
2509,1.75999E+15,75169032,2110,0.001055,0.38367185,15.10516073,15,15,0.381000762
2510,1.75999E+15,75194308,2083,0.0010415,0.378762305,14.91187195,15,15,0.381000762
2511,1.75999E+15,75219580,2083,0.0010415,0.378762305,14.91187195,15,15,0.381000762
2512,1.75999E+15,75244856,2082,0.001041,0.37858047,14.9047131,15,15,0.381000762
2513,1.75999E+15,75270124,2083,0.0010415,0.378762305,14.91187195,15,15,0.381000762
2514,1.75999E+15,75295396,2083,0.0010415,0.378762305,14.91187195,15,15,0.381000762
2515,1.75999E+15,75320668,2083,0.0010415,0.378762305,14.91187195,15,15,0.381000762
2516,1.75999E+15,75345972,2109,0.0010545,0.383490015,15.09800189,15,15,0.381000762
2517,1.75999E+15,75371240,2083,0.0010415,0.378762305,14.91187195,15,15,0.381000762
2518,1.75999E+15,75396508,2083,0.0010415,0.378762305,14.91187195,15,15,0.381000762
2519,1.75999E+15,75421772,2077,0.0010385,0.377671295,14.86891888,15,15,0.381000762
2520,1.75999E+15,75447040,2083,0.0010415,0.378762305,14.91187195,15,15,0.381000762
2521,1.75999E+15,75472312,2082,0.001041,0.37858047,14.9047131,15,15,0.381000762
2522,1.75999E+15,75497584,2083,0.0010415,0.378762305,14.91187195,15,15,0.381000762
2523,1.75999E+15,75522852,2083,0.0010415,0.378762305,14.91187195,15,15,0.381000762
2524,1.75999E+15,75548124,2083,0.0010415,0.378762305,14.91187195,15,15,0.381000762
2525,1.75999E+15,75573408,2097,0.0010485,0.381307995,15.01209576,15,,
2526,1.75999E+15,75598660,2068,0.001034,0.37603478,14.80448929,15,,
2527,1.75999E+15,75623884,2038,0.001019,0.37057973,14.58972397,15,,
2528,1.75999E+15,75649092,2022,0.001011,0.36767037,14.47518247,14,,
2529,1.75999E+15,75674248,1977,0.0009885,0.359487795,14.15303449,14,,
2530,1.75999E+15,75699336,1901,0.0009505,0.345668335,13.60896235,14,,
2531,1.75999E+15,75724388,1870,0.000935,0.34003145,13.38703819,13,,
2532,1.75999E+15,75749404,1816,0.000908,0.33021236,13.00046061,13,,
2533,1.75999E+15,75774336,1748,0.000874,0.31784758,12.51365922,13,,
2534,1.75999E+15,75799212,1687,0.0008435,0.306755645,12.07696974,12,,
2535,1.75999E+15,75824020,1626,0.000813,0.29566371,11.64028026,12,,
2536,1.75999E+15,75848768,1558,0.000779,0.28329893,11.15347887,11,,
2537,1.75999E+15,75873432,1484,0.000742,0.26984314,10.62372442,11,,
2538,1.75999E+15,75898032,1416,0.000708,0.25747836,10.13692303,10,,
2539,1.75999E+15,75922568,1348,0.000674,0.24511358,9.650121645,10,,
2540,1.75999E+15,75947016,1267,0.0006335,0.230384945,9.070255285,9,,
2541,1.75999E+15,75971424,1229,0.0006145,0.223475215,8.798219215,9,,
2542,1.75999E+15,75995780,1173,0.0005865,0.213292455,8.397323953,8,,
2543,1.75999E+15,76020080,1117,0.0005585,0.203109695,7.996428692,8,,
2544,1.75999E+15,76044380,1111,0.0005555,0.202018685,7.953475628,8,,
2545,1.75999E+15,76068652,1098,0.000549,0.19965483,7.860410657,8,,
2546,1.75999E+15,76092840,1005,0.0005025,0.182744175,7.19463817,7,,
2547,1.75999E+15,76116996,968,0.000484,0.17601628,6.929760944,7,,
2548,1.75999E+15,76141116,986,0.000493,0.17928931,7.058620135,7,,
2549,1.75999E+15,76165188,930,0.000465,0.16910655,6.657724874,7,,
2550,1.75999E+15,76189248,930,0.000465,0.16910655,6.657724874,7,,
2551,1.75999E+15,76213316,930,0.000465,0.16910655,6.657724874,7,,
2552,1.75999E+15,76237492,1042,0.000521,0.18947207,7.459515396,7,,
2553,1.75999E+15,76261624,949,0.0004745,0.172561415,6.793742909,7,,
2554,1.75999E+15,76285752,986,0.000493,0.17928931,7.058620135,7,,
2555,1.75999E+15,76309840,948,0.000474,0.17237958,6.786584065,7,,
2556,1.75999E+15,76334016,1042,0.000521,0.18947207,7.459515396,7,,
2557,1.75999E+15,76358128,930,0.000465,0.16910655,6.657724874,7,,
2558,1.75999E+15,76382220,954,0.000477,0.17347059,6.829537128,7,,
2559,1.75999E+15,76406268,911,0.0004555,0.165651685,6.521706838,7,,
2560,1.75999E+15,76430344,936,0.000468,0.17019756,6.700677937,7,,
2561,1.75999E+15,76454348,871,0.0004355,0.158378285,6.23535308,6,,
2562,1.75999E+15,76478376,890,0.000445,0.16183315,6.371371116,6,,
2563,1.75999E+15,76502324,810,0.000405,0.14728635,5.7986636,5,5,0.127000254
2564,1.75999E+15,76526292,830,0.000415,0.15092305,5.941840479,5,5,0.127000254
2565,1.75999E+15,76550280,850,0.000425,0.15455975,6.085017358,5,5,0.127000254
2566,1.75999E+15,76574264,851,0.0004255,0.154741585,6.092176201,5,5,0.127000254
2567,1.75999E+15,76598280,877,0.0004385,0.159469295,6.278306144,5,5,0.127000254
2568,1.75999E+15,76622200,791,0.0003955,0.143831485,5.662645564,5,5,0.127000254
2569,1.75999E+15,76646128,791,0.0003955,0.143831485,5.662645564,5,5,0.127000254
2570,1.75999E+15,76670060,791,0.0003955,0.143831485,5.662645564,5,5,0.127000254
2571,1.75999E+15,76693984,791,0.0003955,0.143831485,5.662645564,5,5,0.127000254
2572,1.75999E+15,76717916,797,0.0003985,0.144922495,5.705598628,5,5,0.127000254
2573,1.75999E+15,76741848,791,0.0003955,0.143831485,5.662645564,5,5,0.127000254
2574,1.75999E+15,76765776,791,0.0003955,0.143831485,5.662645564,5,5,0.127000254
2575,1.75999E+15,76789704,797,0.0003985,0.144922495,5.705598628,5,5,0.127000254
2576,1.75999E+15,76813636,791,0.0003955,0.143831485,5.662645564,5,5,0.127000254
2577,1.75999E+15,76837560,791,0.0003955,0.143831485,5.662645564,5,5,0.127000254
2578,1.75999E+15,76861496,797,0.0003985,0.144922495,5.705598628,5,5,0.127000254
2579,1.75999E+15,76885416,791,0.0003955,0.143831485,5.662645564,5,5,0.127000254
2580,1.75999E+15,76909348,791,0.0003955,0.143831485,5.662645564,5,5,0.127000254
2581,1.75999E+15,76933352,871,0.0004355,0.158378285,6.23535308,5,5,0.127000254
2582,1.75999E+15,76957356,871,0.0004355,0.158378285,6.23535308,5,5,0.127000254
2583,1.75999E+15,76981368,871,0.0004355,0.158378285,6.23535308,5,5,0.127000254
2584,1.75999E+15,77005368,871,0.0004355,0.158378285,6.23535308,5,5,0.127000254
2585,1.75999E+15,77029296,797,0.0003985,0.144922495,5.705598628,5,5,0.127000254
2586,1.75999E+15,77053304,871,0.0004355,0.158378285,6.23535308,5,5,0.127000254
2587,1.75999E+15,77077308,871,0.0004355,0.158378285,6.23535308,5,5,0.127000254
2588,1.75999E+15,77101236,791,0.0003955,0.143831485,5.662645564,5,5,0.127000254
2589,1.75999E+15,77125240,871,0.0004355,0.158378285,6.23535308,5,5,0.127000254
2590,1.75999E+15,77149252,870,0.000435,0.15819645,6.228194237,5,5,0.127000254
2591,1.75999E+15,77173152,770,0.000385,0.14001295,5.512309842,5,5,0.127000254
2592,1.75999E+15,77197064,771,0.0003855,0.140194785,5.519468685,5,5,0.127000254
2593,1.75999E+15,77220968,771,0.0003855,0.140194785,5.519468685,5,5,0.127000254
2594,1.75999E+15,77244872,771,0.0003855,0.140194785,5.519468685,5,5,0.127000254
2595,1.75999E+15,77268776,771,0.0003855,0.140194785,5.519468685,5,5,0.127000254
2596,1.75999E+15,77292688,771,0.0003855,0.140194785,5.519468685,5,5,0.127000254
2597,1.75999E+15,77316588,771,0.0003855,0.140194785,5.519468685,5,5,0.127000254
2598,1.75999E+15,77340496,777,0.0003885,0.141285795,5.562421749,5,5,0.127000254
2599,1.75999E+15,77364408,771,0.0003855,0.140194785,5.519468685,5,5,0.127000254
2600,1.75999E+15,77388308,771,0.0003855,0.140194785,5.519468685,5,5,0.127000254
2601,1.75999E+15,77412216,777,0.0003885,0.141285795,5.562421749,5,5,0.127000254
2602,1.75999E+15,77436128,771,0.0003855,0.140194785,5.519468685,5,5,0.127000254
2603,1.75999E+15,77460040,771,0.0003855,0.140194785,5.519468685,5,5,0.127000254
2604,1.75999E+15,77483944,777,0.0003885,0.141285795,5.562421749,5,5,0.127000254
2605,1.75999E+15,77507852,771,0.0003855,0.140194785,5.519468685,5,5,0.127000254
2606,1.75999E+15,77531760,771,0.0003855,0.140194785,5.519468685,5,5,0.127000254
2607,1.75999E+15,77555672,777,0.0003885,0.141285795,5.562421749,5,5,0.127000254
2608,1.75999E+15,77579584,771,0.0003855,0.140194785,5.519468685,5,5,0.127000254
2609,1.75999E+15,77603488,771,0.0003855,0.140194785,5.519468685,5,5,0.127000254
2610,1.75999E+15,77627412,777,0.0003885,0.141285795,5.562421749,5,5,0.127000254
2611,1.75999E+15,77651316,771,0.0003855,0.140194785,5.519468685,5,5,0.127000254
2612,1.75999E+15,77675224,770,0.000385,0.14001295,5.512309842,5,5,0.127000254
2613,1.75999E+15,77699136,772,0.000386,0.14037662,5.526627529,5,5,0.127000254
2614,1.75999E+15,77723040,771,0.0003855,0.140194785,5.519468685,5,5,0.127000254
2615,1.75999E+15,77746948,770,0.000385,0.14001295,5.512309842,5,5,0.127000254
2616,1.75999E+15,77770856,771,0.0003855,0.140194785,5.519468685,5,5,0.127000254
2617,1.75999E+15,77794760,771,0.0003855,0.140194785,5.519468685,5,5,0.127000254
2618,1.75999E+15,77818668,771,0.0003855,0.140194785,5.519468685,5,5,0.127000254
2619,1.75999E+15,77842580,771,0.0003855,0.140194785,5.519468685,5,5,0.127000254
2620,1.75999E+15,77866480,771,0.0003855,0.140194785,5.519468685,5,5,0.127000254
2621,1.75999E+15,77890388,777,0.0003885,0.141285795,5.562421749,5,5,0.127000254
2622,1.75999E+15,77914296,771,0.0003855,0.140194785,5.519468685,5,5,0.127000254
2623,1.75999E+15,77938200,771,0.0003855,0.140194785,5.519468685,5,5,0.127000254
2624,1.75999E+15,77962108,776,0.000388,0.14110396,5.555262905,5,5,0.127000254
2625,1.75999E+15,77986016,770,0.000385,0.14001295,5.512309842,5,5,0.127000254
2626,1.75999E+15,78009928,771,0.0003855,0.140194785,5.519468685,5,5,0.127000254
2627,1.75999E+15,78033832,776,0.000388,0.14110396,5.555262905,5,5,0.127000254
2628,1.75999E+15,78057740,771,0.0003855,0.140194785,5.519468685,5,5,0.127000254
2629,1.75999E+15,78081648,770,0.000385,0.14001295,5.512309842,5,5,0.127000254
2630,1.75999E+15,78105552,777,0.0003885,0.141285795,5.562421749,5,5,0.127000254
2631,1.75999E+15,78129464,771,0.0003855,0.140194785,5.519468685,5,5,0.127000254
2632,1.75999E+15,78153372,770,0.000385,0.14001295,5.512309842,5,5,0.127000254
2633,1.75999E+15,78177296,777,0.0003885,0.141285795,5.562421749,5,5,0.127000254
2634,1.75999E+15,78201196,771,0.0003855,0.140194785,5.519468685,5,5,0.127000254
2635,1.75999E+15,78225104,771,0.0003855,0.140194785,5.519468685,5,5,0.127000254
2636,1.75999E+15,78249020,777,0.0003885,0.141285795,5.562421749,5,5,0.127000254
2637,1.75999E+15,78272924,771,0.0003855,0.140194785,5.519468685,5,5,0.127000254
2638,1.75999E+15,78296828,771,0.0003855,0.140194785,5.519468685,5,5,0.127000254
2639,1.75999E+15,78320740,771,0.0003855,0.140194785,5.519468685,5,5,0.127000254
2640,1.75999E+15,78344644,771,0.0003855,0.140194785,5.519468685,5,5,0.127000254
2641,1.75999E+15,78368548,771,0.0003855,0.140194785,5.519468685,5,5,0.127000254
2642,1.75999E+15,78392460,770,0.000385,0.14001295,5.512309842,5,5,0.127000254
2643,1.75999E+15,78416360,770,0.000385,0.14001295,5.512309842,5,5,0.127000254
2644,1.75999E+15,78440268,777,0.0003885,0.141285795,5.562421749,5,5,0.127000254
2645,1.75999E+15,78464176,770,0.000385,0.14001295,5.512309842,5,5,0.127000254
2646,1.75999E+15,78488076,771,0.0003855,0.140194785,5.519468685,5,5,0.127000254
2647,1.75999E+15,78511984,777,0.0003885,0.141285795,5.562421749,5,5,0.127000254
2648,1.75999E+15,78535892,771,0.0003855,0.140194785,5.519468685,5,5,0.127000254
2649,1.75999E+15,78559800,771,0.0003855,0.140194785,5.519468685,5,5,0.127000254
2650,1.75999E+15,78583712,777,0.0003885,0.141285795,5.562421749,5,5,0.127000254
2651,1.75999E+15,78607624,771,0.0003855,0.140194785,5.519468685,5,5,0.127000254
2652,1.75999E+15,78631532,771,0.0003855,0.140194785,5.519468685,5,5,0.127000254
2653,1.75999E+15,78655448,777,0.0003885,0.141285795,5.562421749,5,5,0.127000254
2654,1.75999E+15,78679356,771,0.0003855,0.140194785,5.519468685,5,5,0.127000254
2655,1.75999E+15,78703260,770,0.000385,0.14001295,5.512309842,5,5,0.127000254
2656,1.75999E+15,78727180,777,0.0003885,0.141285795,5.562421749,5,5,0.127000254
2657,1.75999E+15,78751080,771,0.0003855,0.140194785,5.519468685,5,5,0.127000254
2658,1.75999E+15,78774992,771,0.0003855,0.140194785,5.519468685,5,5,0.127000254
2659,1.75999E+15,78798908,777,0.0003885,0.141285795,5.562421749,5,5,0.127000254
2660,1.75999E+15,78822812,771,0.0003855,0.140194785,5.519468685,5,5,0.127000254
2661,1.75999E+15,78846724,771,0.0003855,0.140194785,5.519468685,5,5,0.127000254
2662,1.75999E+15,78870632,770,0.000385,0.14001295,5.512309842,5,5,0.127000254
2663,1.75999E+15,78894536,771,0.0003855,0.140194785,5.519468685,5,5,0.127000254
2664,1.75999E+15,78918440,771,0.0003855,0.140194785,5.519468685,5,5,0.127000254
2665,1.75999E+15,78942348,771,0.0003855,0.140194785,5.519468685,5,5,0.127000254
2666,1.75999E+15,78966252,770,0.000385,0.14001295,5.512309842,5,5,0.127000254
2667,1.75999E+15,78990160,777,0.0003885,0.141285795,5.562421749,5,5,0.127000254
2668,1.75999E+15,79014072,771,0.0003855,0.140194785,5.519468685,5,5,0.127000254
2669,1.75999E+15,79037976,771,0.0003855,0.140194785,5.519468685,5,5,0.127000254
2670,1.75999E+15,79061884,777,0.0003885,0.141285795,5.562421749,5,5,0.127000254
2671,1.75999E+15,79085796,771,0.0003855,0.140194785,5.519468685,5,5,0.127000254
2672,1.75999E+15,79109704,771,0.0003855,0.140194785,5.519468685,5,5,0.127000254
2673,1.75999E+15,79133616,777,0.0003885,0.141285795,5.562421749,5,5,0.127000254
2674,1.75999E+15,79157524,771,0.0003855,0.140194785,5.519468685,5,5,0.127000254
2675,1.75999E+15,79181436,771,0.0003855,0.140194785,5.519468685,5,5,0.127000254
2676,1.75999E+15,79205348,777,0.0003885,0.141285795,5.562421749,5,5,0.127000254
2677,1.75999E+15,79229256,771,0.0003855,0.140194785,5.519468685,5,5,0.127000254
2678,1.75999E+15,79253164,770,0.000385,0.14001295,5.512309842,5,5,0.127000254
2679,1.75999E+15,79277084,777,0.0003885,0.141285795,5.562421749,5,5,0.127000254
2680,1.75999E+15,79300984,771,0.0003855,0.140194785,5.519468685,5,5,0.127000254
2681,1.75999E+15,79324896,771,0.0003855,0.140194785,5.519468685,5,5,0.127000254
2682,1.75999E+15,79348804,771,0.0003855,0.140194785,5.519468685,5,5,0.127000254
2683,1.75999E+15,79372708,771,0.0003855,0.140194785,5.519468685,5,5,0.127000254
2684,1.75999E+15,79396620,771,0.0003855,0.140194785,5.519468685,5,5,0.127000254
2685,1.75999E+15,79420528,771,0.0003855,0.140194785,5.519468685,5,5,0.127000254
2686,1.75999E+15,79444432,771,0.0003855,0.140194785,5.519468685,5,5,0.127000254
2687,1.75999E+15,79468340,770,0.000385,0.14001295,5.512309842,5,5,0.127000254
2688,1.75999E+15,79492248,771,0.0003855,0.140194785,5.519468685,5,5,0.127000254
2689,1.75999E+15,79516152,771,0.0003855,0.140194785,5.519468685,5,5,0.127000254
2690,1.75999E+15,79540060,777,0.0003885,0.141285795,5.562421749,5,5,0.127000254
2691,1.75999E+15,79563968,771,0.0003855,0.140194785,5.519468685,5,5,0.127000254
2692,1.75999E+15,79587872,770,0.000385,0.14001295,5.512309842,5,5,0.127000254
2693,1.75999E+15,79611784,777,0.0003885,0.141285795,5.562421749,5,5,0.127000254
2694,1.75999E+15,79635692,770,0.000385,0.14001295,5.512309842,5,5,0.127000254
2695,1.75999E+15,79659604,770,0.000385,0.14001295,5.512309842,5,5,0.127000254
2696,1.75999E+15,79683508,777,0.0003885,0.141285795,5.562421749,5,5,0.127000254
2697,1.75999E+15,79707416,770,0.000385,0.14001295,5.512309842,5,5,0.127000254
2698,1.75999E+15,79731328,771,0.0003855,0.140194785,5.519468685,5,5,0.127000254
2699,1.75999E+15,79755236,777,0.0003885,0.141285795,5.562421749,5,5,0.127000254
2700,1.75999E+15,79779144,770,0.000385,0.14001295,5.512309842,5,5,0.127000254
2701,1.75999E+15,79803056,770,0.000385,0.14001295,5.512309842,5,5,0.127000254
2702,1.75999E+15,79826972,777,0.0003885,0.141285795,5.562421749,5,5,0.127000254
2703,1.75999E+15,79850876,771,0.0003855,0.140194785,5.519468685,5,5,0.127000254
2704,1.75999E+15,79874788,771,0.0003855,0.140194785,5.519468685,5,5,0.127000254
2705,1.75999E+15,79898700,771,0.0003855,0.140194785,5.519468685,5,5,0.127000254
2706,1.75999E+15,79922604,771,0.0003855,0.140194785,5.519468685,5,5,0.127000254
2707,1.75999E+15,79946512,771,0.0003855,0.140194785,5.519468685,5,5,0.127000254
2708,1.75999E+15,79970424,771,0.0003855,0.140194785,5.519468685,5,5,0.127000254
2709,1.75999E+15,79994328,771,0.0003855,0.140194785,5.519468685,5,5,0.127000254
2710,1.75999E+15,80018240,771,0.0003855,0.140194785,5.519468685,5,5,0.127000254
2711,1.75999E+15,80042144,771,0.0003855,0.140194785,5.519468685,5,5,0.127000254
2712,1.75999E+15,80066044,771,0.0003855,0.140194785,5.519468685,5,5,0.127000254
2713,1.75999E+15,80089956,777,0.0003885,0.141285795,5.562421749,5,5,0.127000254
2714,1.75999E+15,80113864,771,0.0003855,0.140194785,5.519468685,5,5,0.127000254
2715,1.75999E+15,80137764,771,0.0003855,0.140194785,5.519468685,5,5,0.127000254
2716,1.75999E+15,80161676,777,0.0003885,0.141285795,5.562421749,5,5,0.127000254
2717,1.75999E+15,80185580,771,0.0003855,0.140194785,5.519468685,5,5,0.127000254
2718,1.75999E+15,80209488,771,0.0003855,0.140194785,5.519468685,5,5,0.127000254
2719,1.75999E+15,80233396,776,0.000388,0.14110396,5.555262905,5,5,0.127000254
2720,1.75999E+15,80257304,770,0.000385,0.14001295,5.512309842,5,5,0.127000254
2721,1.75999E+15,80281216,771,0.0003855,0.140194785,5.519468685,5,5,0.127000254
2722,1.75999E+15,80305128,777,0.0003885,0.141285795,5.562421749,5,5,0.127000254
2723,1.75999E+15,80329036,771,0.0003855,0.140194785,5.519468685,5,5,0.127000254
2724,1.75999E+15,80352944,770,0.000385,0.14001295,5.512309842,5,5,0.127000254
2725,1.75999E+15,80376856,777,0.0003885,0.141285795,5.562421749,5,5,0.127000254
2726,1.75999E+15,80400756,770,0.000385,0.14001295,5.512309842,5,5,0.127000254
2727,1.75999E+15,80424660,771,0.0003855,0.140194785,5.519468685,5,5,0.127000254
2728,1.75999E+15,80448576,777,0.0003885,0.141285795,5.562421749,5,5,0.127000254
2729,1.75999E+15,80472476,771,0.0003855,0.140194785,5.519468685,5,5,0.127000254
2730,1.75999E+15,80496388,771,0.0003855,0.140194785,5.519468685,5,5,0.127000254
2731,1.75999E+15,80520296,771,0.0003855,0.140194785,5.519468685,5,5,0.127000254
2732,1.75999E+15,80544196,771,0.0003855,0.140194785,5.519468685,5,5,0.127000254
2733,1.75999E+15,80568108,771,0.0003855,0.140194785,5.519468685,5,5,0.127000254
2734,1.75999E+15,80592016,771,0.0003855,0.140194785,5.519468685,5,5,0.127000254
2735,1.75999E+15,80615916,771,0.0003855,0.140194785,5.519468685,5,5,0.127000254
2736,1.75999E+15,80639824,777,0.0003885,0.141285795,5.562421749,5,5,0.127000254
2737,1.75999E+15,80663736,770,0.000385,0.14001295,5.512309842,5,5,0.127000254
2738,1.75999E+15,80687636,771,0.0003855,0.140194785,5.519468685,5,5,0.127000254
2739,1.75999E+15,80711544,777,0.0003885,0.141285795,5.562421749,5,5,0.127000254
2740,1.75999E+15,80735452,770,0.000385,0.14001295,5.512309842,5,5,0.127000254
2741,1.75999E+15,80759364,771,0.0003855,0.140194785,5.519468685,5,5,0.127000254
2742,1.75999E+15,80783272,776,0.000388,0.14110396,5.555262905,5,5,0.127000254
2743,1.75999E+15,80807180,771,0.0003855,0.140194785,5.519468685,5,5,0.127000254
2744,1.75999E+15,80831092,771,0.0003855,0.140194785,5.519468685,5,5,0.127000254
2745,1.75999E+15,80855000,777,0.0003885,0.141285795,5.562421749,5,5,0.127000254
2746,1.75999E+15,80878912,771,0.0003855,0.140194785,5.519468685,5,5,0.127000254
2747,1.75999E+15,80902824,771,0.0003855,0.140194785,5.519468685,5,5,0.127000254
2748,1.75999E+15,80926740,777,0.0003885,0.141285795,5.562421749,5,5,0.127000254
2749,1.75999E+15,80950644,771,0.0003855,0.140194785,5.519468685,5,5,0.127000254
2750,1.75999E+15,80974548,771,0.0003855,0.140194785,5.519468685,5,5,0.127000254
2751,1.75999E+15,80998464,777,0.0003885,0.141285795,5.562421749,5,5,0.127000254
2752,1.75999E+15,81022364,771,0.0003855,0.140194785,5.519468685,5,5,0.127000254
2753,1.75999E+15,81046272,771,0.0003855,0.140194785,5.519468685,5,5,0.127000254
2754,1.75999E+15,81070184,771,0.0003855,0.140194785,5.519468685,5,5,0.127000254
2755,1.75999E+15,81094084,771,0.0003855,0.140194785,5.519468685,5,5,0.127000254
2756,1.75999E+15,81117992,771,0.0003855,0.140194785,5.519468685,5,5,0.127000254
2757,1.75999E+15,81141904,770,0.000385,0.14001295,5.512309842,5,5,0.127000254
2758,1.75999E+15,81165808,771,0.0003855,0.140194785,5.519468685,5,5,0.127000254
2759,1.75999E+15,81189712,777,0.0003885,0.141285795,5.562421749,5,5,0.127000254
2760,1.75999E+15,81213620,771,0.0003855,0.140194785,5.519468685,5,5,0.127000254
2761,1.75999E+15,81237524,771,0.0003855,0.140194785,5.519468685,5,5,0.127000254
2762,1.75999E+15,81261432,777,0.0003885,0.141285795,5.562421749,5,5,0.127000254
2763,1.75999E+15,81285344,771,0.0003855,0.140194785,5.519468685,5,5,0.127000254
2764,1.75999E+15,81309252,770,0.000385,0.14001295,5.512309842,5,5,0.127000254
2765,1.75999E+15,81333160,777,0.0003885,0.141285795,5.562421749,5,5,0.127000254
2766,1.75999E+15,81357068,771,0.0003855,0.140194785,5.519468685,5,5,0.127000254
2767,1.75999E+15,81380976,771,0.0003855,0.140194785,5.519468685,5,5,0.127000254