,Computer Time (microseconds),Arduino Time (seconds),pulseTime (microseconds)
0,1760002465656591.0,15691012.0,10238.0
1,1760002465656794.0,15718252.0,13931.0
2,1760002465656978.0,15741680.0,10138.0
3,1760002465657155.0,15765232.0,10264.0
4,1760002465657336.0,15792472.0,13926.0
5,1760002465657512.0,15815952.0,10186.0
6,1760002465657861.0,15834000.0,4797.0
7,1760002465658046.0,15857324.0,10088.0
8,1760002465658219.0,15884564.0,13927.0
9,1760002465658468.0,15907964.0,10114.0
10,1760002465658656.0,15931368.0,10112.0
11,1760002465658829.0,15958616.0,13930.0
12,1760002465659000.0,15981992.0,10087.0
13,1760002465659164.0,16000068.0,4817.0
14,1760002465659337.0,16023632.0,10332.0
15,1760002465659510.0,16047100.0,10186.0
16,1760002465659675.0,16065152.0,4792.0
17,1760002465659848.0,16088476.0,10086.0
18,1760002465660022.0,16106500.0,4771.0
19,1760002465660191.0,16125096.0,5388.0
20,1760002465660363.0,16143744.0,5435.0
21,1760002465660535.0,16170940.0,13933.0
22,1760002465660705.0,16194416.0,10187.0
23,1760002465660870.0,16212440.0,4765.0
24,1760002465661040.0,16235760.0,10086.0
25,1760002465661211.0,16253812.0,4798.0
26,1760002465661385.0,16277212.0,10161.0
27,1760002465661550.0,16295264.0,4791.0
28,1760002465661722.0,16318660.0,10160.0
29,1760002465661886.0,16336688.0,4772.0
30,1760002465662061.0,16360088.0,10160.0
31,1760002465662227.0,16378212.0,4865.0
32,1760002465662398.0,16401508.0,10061.0
33,1760002465662564.0,16419524.0,4765.0
34,1760002465662736.0,16442876.0,10114.0
35,1760002465662908.0,16470116.0,13927.0
36,1760002465663083.0,16493636.0,10233.0
37,1760002465663247.0,16511656.0,4764.0
38,1760002465663427.0,16535076.0,10186.0
39,1760002465663595.0,16553096.0,4764.0
40,1760002465663769.0,16576412.0,10087.0
41,1760002465663950.0,16603656.0,13930.0
42,1760002465664126.0,16627176.0,10238.0
43,1760002465664298.0,16654424.0,13930.0
44,1760002465664471.0,16678020.0,10309.0
45,1760002465664644.0,16705256.0,13926.0
46,1760002465664822.0,16728808.0,10263.0
47,1760002465664998.0,16756048.0,13925.0
48,1760002465665172.0,16779552.0,10213.0
49,1760002465665350.0,16803104.0,10264.0
50,1760002465665527.0,16826608.0,10215.0
51,1760002465665706.0,16850236.0,10340.0
52,1760002465665880.0,16873864.0,10339.0
53,1760002465666058.0,16897416.0,10264.0
54,1760002465666227.0,16916016.0,5342.0
55,1760002465666438.0,16939412.0,10161.0
56,1760002465666626.0,16957436.0,4772.0
57,1760002465666840.0,16980760.0,10087.0
58,1760002465667033.0,16998780.0,4765.0
59,1760002465667209.0,17025996.0,13957.0
60,1760002465667387.0,17049448.0,10163.0
61,1760002465667566.0,17067468.0,4765.0
62,1760002465667733.0,17090892.0,10186.0
63,1760002465667921.0,17114300.0,10113.0
64,1760002465668099.0,17133024.0,5467.0
65,1760002465668367.0,17156372.0,10111.0
66,1760002465668561.0,17174520.0,4898.0
67,1760002465668736.0,17201712.0,13927.0
68,1760002465668910.0,17225160.0,10161.0
69,1760002465669079.0,17243188.0,4771.0
70,1760002465669314.0,17270372.0,13927.0
71,1760002465669514.0,17293776.0,10114.0
72,1760002465669747.0,17312548.0,5516.0
73,1760002465669929.0,17335820.0,10036.0
74,1760002465670099.0,17359300.0,10188.0
75,1760002465670264.0,17378000.0,5442.0
76,1760002465670496.0,17401292.0,10061.0
77,1760002465670797.0,17424844.0,10264.0
78,1760002465670974.0,17442868.0,4771.0
79,1760002465671142.0,17466156.0,10061.0
80,1760002465671305.0,17484180.0,4765.0
81,1760002465671483.0,17507576.0,10159.0
82,1760002465671650.0,17525572.0,4745.0
83,1760002465671816.0,17548924.0,10111.0
84,1760002465671993.0,17567624.0,5441.0
85,1760002465672237.0,17590948.0,10086.0
86,1760002465672446.0,17614404.0,10164.0
87,1760002465672621.0,17637880.0,10189.0
88,1760002465672789.0,17661304.0,10138.0
89,1760002465672956.0,17684812.0,10214.0
90,1760002465673124.0,17708216.0,10112.0
91,1760002465673287.0,17726240.0,4771.0
92,1760002465673501.0,17749560.0,10086.0
93,1760002465673685.0,17773012.0,10164.0
94,1760002465673849.0,17791040.0,4769.0
95,1760002465674016.0,17814332.0,10064.0
96,1760002465674304.0,17837760.0,10138.0
97,1760002465674490.0,17861188.0,10139.0
98,1760002465674696.0,17884616.0,10136.0
99,1760002465674895.0,17908068.0,10164.0
100,1760002465675126.0,17926116.0,4797.0
101,1760002465675307.0,17949440.0,10086.0
102,1760002465675493.0,17967464.0,4764.0
103,1760002465675708.0,17990816.0,10112.0
104,1760002465675895.0,18014272.0,10165.0
105,1760002465676098.0,18032288.0,4765.0
106,1760002465676276.0,18055604.0,10085.0
107,1760002465676451.0,18073632.0,4770.0
108,1760002465676625.0,18096896.0,10037.0
109,1760002465676856.0,18120348.0,10164.0
110,1760002465677075.0,18138368.0,4764.0
111,1760002465677298.0,18161696.0,10092.0
112,1760002465677692.0,18179712.0,4765.0
113,1760002465678011.0,18203064.0,10113.0
114,1760002465678360.0,18226492.0,10138.0
115,1760002465678536.0,18249920.0,10139.0
116,1760002465678709.0,18273332.0,10120.0
117,1760002465678879.0,18296752.0,10138.0
118,1760002465679040.0,18314800.0,4791.0
119,1760002465679206.0,18338096.0,10060.0
120,1760002465679366.0,18356120.0,4771.0
121,1760002465679532.0,18379416.0,10064.0
122,1760002465679697.0,18402844.0,10139.0
123,1760002465679902.0,18426272.0,10139.0
124,1760002465680080.0,18449700.0,10138.0
125,1760002465680247.0,18473128.0,10138.0
126,1760002465680407.0,18491152.0,4771.0
127,1760002465680574.0,18514496.0,10110.0
128,1760002465680740.0,18532520.0,4765.0
129,1760002465681009.0,18555836.0,10085.0
130,1760002465681332.0,18573860.0,4765.0
131,1760002465681631.0,18597208.0,10112.0
132,1760002465681929.0,18620616.0,10113.0
133,1760002465682236.0,18644024.0,10118.0
134,1760002465682482.0,18662064.0,4790.0
135,1760002465682659.0,18685488.0,10185.0
136,1760002465682827.0,18703536.0,4790.0
137,1760002465683010.0,18726884.0,10112.0
138,1760002465683181.0,18744904.0,4765.0
139,1760002465683354.0,18768224.0,10086.0
140,1760002465683538.0,18786272.0,4797.0
141,1760002465683720.0,18809616.0,10110.0
142,1760002465683952.0,18827640.0,4765.0
143,1760002465684138.0,18854860.0,13959.0
144,1760002465684309.0,18878284.0,10137.0
145,1760002465684471.0,18896308.0,4765.0
146,1760002465684636.0,18919656.0,10111.0
147,1760002465684795.0,18937680.0,4771.0
148,1760002465684965.0,18961028.0,10111.0
149,1760002465685135.0,18979052.0,4765.0
150,1760002465685305.0,19002352.0,10071.0
151,1760002465685476.0,19025752.0,10113.0
152,1760002465685648.0,19049108.0,10064.0
153,1760002465685825.0,19072512.0,10112.0
154,1760002465686045.0,19090560.0,4791.0
155,1760002465686220.0,19113832.0,10040.0
156,1760002465686391.0,19137236.0,10112.0
157,1760002465686562.0,19160668.0,10139.0
158,1760002465686736.0,19184048.0,10088.0
159,1760002465686909.0,19207428.0,10088.0
160,1760002465687119.0,19225448.0,4771.0
161,1760002465687351.0,19248744.0,10061.0
162,1760002465687605.0,19266768.0,4764.0
163,1760002465687900.0,19290064.0,10070.0
164,1760002465688176.0,19308084.0,4764.0
165,1760002465688496.0,19331384.0,10063.0
166,1760002465688792.0,19349408.0,4771.0
167,1760002465689080.0,19372732.0,10085.0
168,1760002465689357.0,19390756.0,4764.0
169,1760002465689644.0,19414036.0,10045.0
170,1760002465689929.0,19437456.0,10138.0
171,1760002465690215.0,19460888.0,10139.0
172,1760002465690499.0,19484344.0,10166.0
173,1760002465690794.0,19507744.0,10112.0
174,1760002465691069.0,19525740.0,4739.0
175,1760002465691367.0,19549060.0,10087.0
176,1760002465691653.0,19567084.0,4764.0
177,1760002465691946.0,19590360.0,10039.0
178,1760002465692310.0,19608480.0,4871.0
179,1760002465692489.0,19631728.0,10012.0
180,1760002465692650.0,19649776.0,4790.0
181,1760002465692815.0,19673072.0,10066.0
182,1760002465692978.0,19691096.0,4765.0
183,1760002465693142.0,19714396.0,10063.0
184,1760002465693306.0,19737800.0,10113.0
185,1760002465693465.0,19755796.0,4744.0
186,1760002465693711.0,19779096.0,10065.0
187,1760002465693998.0,19797120.0,4765.0
188,1760002465694238.0,19820688.0,10336.0
189,1760002465694488.0,19844240.0,10262.0
190,1760002465694721.0,19862240.0,4745.0
191,1760002465694963.0,19885540.0,10064.0
192,1760002465695203.0,19908972.0,10139.0
193,1760002465695434.0,19926996.0,4770.0
194,1760002465695673.0,19950320.0,10087.0
195,1760002465695906.0,19968316.0,4739.0
196,1760002465696146.0,19991616.0,10065.0
197,1760002465696376.0,20009636.0,4765.0
198,1760002465696615.0,20032936.0,10064.0
199,1760002465696851.0,20050964.0,4771.0
200,1760002465697101.0,20074284.0,10087.0
201,1760002465697346.0,20092308.0,4764.0
202,1760002465697588.0,20115608.0,10062.0
203,1760002465697825.0,20133628.0,4770.0
204,1760002465698075.0,20156928.0,10065.0
205,1760002465698326.0,20180408.0,10189.0
206,1760002465698570.0,20198380.0,4722.0
207,1760002465698813.0,20221736.0,10113.0
208,1760002465699055.0,20245264.0,10240.0
209,1760002465699297.0,20263260.0,4739.0
210,1760002465699543.0,20286584.0,10087.0
211,1760002465699775.0,20304580.0,4739.0
212,1760002465700019.0,20327908.0,10087.0
213,1760002465700254.0,20346036.0,4866.0
214,1760002465700431.0,20369360.0,10086.0
215,1760002465700592.0,20387360.0,4739.0
216,1760002465700757.0,20410688.0,10088.0
217,1760002465700924.0,20434144.0,10162.0
218,1760002465701084.0,20452144.0,4744.0
219,1760002465701254.0,20475472.0,10087.0
220,1760002465701414.0,20493468.0,4739.0
221,1760002465701579.0,20520644.0,13924.0
222,1760002465701743.0,20547880.0,13926.0
223,1760002465701907.0,20571328.0,10164.0
224,1760002465702069.0,20589324.0,4745.0
225,1760002465702235.0,20612648.0,10086.0
226,1760002465702395.0,20630696.0,4790.0
227,1760002465702559.0,20653972.0,10038.0
228,1760002465702717.0,20671996.0,4765.0
229,1760002465702883.0,20695296.0,10064.0
230,1760002465703041.0,20713348.0,4797.0
231,1760002465703204.0,20736624.0,10038.0
232,1760002465703364.0,20754668.0,4791.0
233,1760002465703532.0,20777944.0,10045.0
234,1760002465703693.0,20795964.0,4765.0
235,1760002465703856.0,20819240.0,10038.0
236,1760002465704015.0,20837264.0,4771.0
237,1760002465704177.0,20860540.0,10039.0
238,1760002465704337.0,20878560.0,4765.0
239,1760002465704504.0,20901860.0,10070.0
240,1760002465704661.0,20919860.0,4739.0
241,1760002465704825.0,20943136.0,10039.0
242,1760002465704981.0,20961160.0,4771.0
243,1760002465705144.0,20984436.0,10038.0
244,1760002465705305.0,21002460.0,4764.0
245,1760002465705468.0,21025816.0,10122.0
246,1760002465705626.0,21043804.0,4739.0
247,1760002465705792.0,21067080.0,10039.0
248,1760002465705957.0,21090512.0,10139.0
249,1760002465706117.0,21108464.0,4697.0
250,1760002465706283.0,21131808.0,10113.0
251,1760002465706442.0,21149808.0,4738.0
252,1760002465706605.0,21176988.0,13925.0
253,1760002465706823.0,21200536.0,10264.0
254,1760002465706995.0,21218536.0,4744.0
255,1760002465707166.0,21241804.0,10044.0
256,1760002465707325.0,21259852.0,4791.0
257,1760002465707491.0,21283128.0,10040.0
258,1760002465707651.0,21301152.0,4770.0
259,1760002465707814.0,21324452.0,10065.0
260,1760002465707987.0,21342448.0,4738.0
261,1760002465708154.0,21365752.0,10070.0
262,1760002465708457.0,21383776.0,4764.0
263,1760002465708631.0,21407076.0,10064.0
264,1760002465708791.0,21425052.0,4724.0
265,1760002465708962.0,21448328.0,10039.0
266,1760002465709122.0,21466352.0,4770.0
267,1760002465709287.0,21489624.0,10045.0
268,1760002465709492.0,21507648.0,4765.0
269,1760002465709689.0,21530972.0,10091.0
270,1760002465709894.0,21554400.0,10137.0
271,1760002465710059.0,21572348.0,4697.0
272,1760002465710226.0,21595720.0,10138.0
273,1760002465710385.0,21613720.0,4739.0
274,1760002465710549.0,21640880.0,13904.0
275,1760002465710715.0,21664336.0,10165.0
276,1760002465710880.0,21682308.0,4718.0
277,1760002465711045.0,21705956.0,10412.0
278,1760002465711210.0,21733196.0,13933.0
279,1760002465711374.0,21756672.0,10189.0
280,1760002465711532.0,21774628.0,4692.0
281,1760002465711699.0,21797952.0,10090.0
282,1760002465711858.0,21815924.0,4719.0
283,1760002465712021.0,21839224.0,10063.0
284,1760002465712180.0,21857248.0,4772.0
285,1760002465712344.0,21880548.0,10063.0
286,1760002465712506.0,21898572.0,4766.0
287,1760002465712669.0,21921920.0,10114.0
288,1760002465712826.0,21939896.0,4718.0
289,1760002465712989.0,21963220.0,10087.0
290,1760002465713147.0,21981248.0,4770.0
291,1760002465713312.0,22004868.0,10385.0
292,1760002465713476.0,22032108.0,13926.0
293,1760002465713645.0,22055536.0,10140.0
294,1760002465713803.0,22073512.0,4717.0
295,1760002465713967.0,22096840.0,10086.0
296,1760002465714126.0,22114816.0,4718.0
297,1760002465714292.0,22138144.0,10086.0
298,1760002465714457.0,22156124.0,4724.0
299,1760002465714622.0,22179424.0,10064.0
300,1760002465714792.0,22197424.0,4744.0
301,1760002465714972.0,22220752.0,10087.0
302,1760002465715189.0,22238752.0,4743.0
303,1760002465715358.0,22262080.0,10087.0
304,1760002465715523.0,22280112.0,4772.0
305,1760002465715711.0,22303460.0,10113.0
306,1760002465715889.0,22321488.0,4770.0
307,1760002465716061.0,22344768.0,10043.0
308,1760002465716226.0,22362836.0,4818.0
309,1760002465716402.0,22386088.0,10013.0
310,1760002465716561.0,22404120.0,4772.0
311,1760002465716727.0,22427388.0,10037.0
312,1760002465717005.0,22445488.0,4843.0
313,1760002465717178.0,22463540.0,4850.0
314,1760002465717342.0,22486756.0,9989.0
315,1760002465717502.0,22504784.0,4818.0
316,1760002465717668.0,22528040.0,10020.0
317,1760002465717833.0,22546060.0,4767.0
318,1760002465717998.0,22569432.0,10141.0
319,1760002465718158.0,22587440.0,4746.0
320,1760002465718323.0,22610760.0,10089.0
321,1760002465718484.0,22628760.0,4740.0
322,1760002465718693.0,22652112.0,10115.0
323,1760002465718863.0,22670140.0,4771.0
324,1760002465719030.0,22693416.0,10038.0
325,1760002465719188.0,22711468.0,4791.0
326,1760002465719352.0,22734744.0,10039.0
327,1760002465719545.0,22752820.0,4817.0
328,1760002465719723.0,22776368.0,10316.0
329,1760002465719891.0,22799820.0,10164.0
330,1760002465720051.0,22817804.0,4723.0
331,1760002465720215.0,22841148.0,10112.0
332,1760002465720376.0,22859248.0,4844.0
333,1760002465720585.0,22882524.0,10039.0
334,1760002465720756.0,22900576.0,4797.0
335,1760002465720920.0,22923856.0,10040.0
336,1760002465721078.0,22941908.0,4792.0
337,1760002465721240.0,22965160.0,10020.0
338,1760002465721402.0,22983212.0,4790.0
339,1760002465721565.0,23006812.0,10365.0
340,1760002465721729.0,23030388.0,10290.0
341,1760002465721886.0,23048436.0,4791.0
342,1760002465722046.0,23071988.0,10317.0
343,1760002465722210.0,23095592.0,10315.0
344,1760002465722372.0,23119120.0,10239.0
345,1760002465722529.0,23137100.0,4723.0
346,1760002465722692.0,23160400.0,10064.0
347,1760002465722849.0,23178452.0,4791.0
348,1760002465723013.0,23201752.0,10068.0
349,1760002465723170.0,23219800.0,4791.0
350,1760002465723333.0,23243276.0,10242.0
351,1760002465723494.0,23261352.0,4818.0
352,1760002465723657.0,23284628.0,10039.0
353,1760002465723824.0,23302680.0,4792.0
354,1760002465723989.0,23325956.0,10039.0
355,1760002465724145.0,23344004.0,4797.0
356,1760002465724309.0,23367304.0,10064.0
357,1760002465724467.0,23385404.0,4843.0
358,1760002465724641.0,23408728.0,10090.0
359,1760002465724813.0,23432452.0,10435.0
360,1760002465724979.0,23456028.0,10290.0
361,1760002465725150.0,23479584.0,10265.0
362,1760002465725323.0,23503136.0,10264.0
363,1760002465725498.0,23526716.0,10291.0
364,1760002465725669.0,23550344.0,10340.0
365,1760002465725967.0,23573928.0,10290.0
366,1760002465726247.0,23597456.0,10240.0
367,1760002465726425.0,23620984.0,10241.0
368,1760002465726601.0,23644488.0,10215.0
369,1760002465726772.0,23667872.0,10090.0
370,1760002465726939.0,23686000.0,4876.0
371,1760002465727107.0,23709324.0,10089.0
372,1760002465727273.0,23732952.0,10340.0
373,1760002465727441.0,23756504.0,10265.0
374,1760002465727606.0,23780084.0,10289.0
375,1760002465727769.0,23803688.0,10314.0
376,1760002465727936.0,23827288.0,10316.0
377,1760002465728100.0,23850792.0,10215.0
378,1760002465728264.0,23874344.0,10264.0
379,1760002465728429.0,23897872.0,10241.0
380,1760002465728660.0,23915976.0,4843.0
381,1760002465728835.0,23939328.0,10114.0
382,1760002465728998.0,23957380.0,4797.0
383,1760002465729164.0,23980856.0,10240.0
384,1760002465729332.0,23998956.0,4844.0
385,1760002465729500.0,24022260.0,10062.0
386,1760002465729661.0,24040388.0,4875.0
387,1760002465729826.0,24063908.0,10290.0
388,1760002465729994.0,24087492.0,10290.0
389,1760002465730165.0,24111068.0,10289.0
390,1760002465730330.0,24134576.0,10216.0
391,1760002465730488.0,24152652.0,4816.0
392,1760002465730651.0,24175976.0,10090.0
393,1760002465730810.0,24194032.0,4797.0
394,1760002465730980.0,24217360.0,10091.0
395,1760002465731139.0,24235408.0,4791.0
396,1760002465731303.0,24258740.0,10089.0
397,1760002465731467.0,24282316.0,10289.0
398,1760002465731632.0,24305892.0,10290.0
399,1760002465731799.0,24329348.0,10166.0
400,1760002465731959.0,24347448.0,4843.0
401,1760002465732126.0,24370800.0,10115.0
402,1760002465732284.0,24388900.0,4843.0
403,1760002465732447.0,24412252.0,10116.0
404,1760002465732614.0,24435728.0,10190.0
405,1760002465732772.0,24453728.0,4744.0
406,1760002465732935.0,24477028.0,10065.0
407,1760002465733093.0,24495204.0,4920.0
408,1760002465733257.0,24518680.0,10240.0
409,1760002465733415.0,24536776.0,4842.0
410,1760002465733583.0,24560252.0,10241.0
411,1760002465733748.0,24583804.0,10263.0
412,1760002465733912.0,24607352.0,10263.0
413,1760002465734075.0,24630848.0,10213.0
414,1760002465734239.0,24654376.0,10239.0
415,1760002465734405.0,24677928.0,10265.0
416,1760002465734568.0,24701532.0,10316.0
417,1760002465734731.0,24725036.0,10215.0
418,1760002465734890.0,24743112.0,4817.0
419,1760002465735053.0,24766636.0,10290.0
420,1760002465735219.0,24790216.0,10289.0
421,1760002465735383.0,24813768.0,10265.0
422,1760002465735558.0,24837320.0,10263.0
423,1760002465735717.0,24860872.0,10265.0
424,1760002465735874.0,24884448.0,10290.0
425,1760002465736036.0,24908004.0,10265.0
426,1760002465736238.0,24931452.0,10164.0
427,1760002465736409.0,24955004.0,10258.0
428,1760002465736565.0,24973080.0,4817.0
429,1760002465736725.0,24996532.0,10216.0
430,1760002465736890.0,25020108.0,10289.0
431,1760002465737051.0,25043584.0,10189.0
432,1760002465737210.0,25070828.0,13931.0
433,1760002465737370.0,25094332.0,10212.0
434,1760002465737528.0,25117912.0,10291.0
435,1760002465737689.0,25141468.0,10264.0
436,1760002465737850.0,25165020.0,10264.0
437,1760002465738008.0,25192264.0,13937.0
438,1760002465738167.0,25215792.0,10241.0
439,1760002465738325.0,25239420.0,10341.0
440,1760002465738499.0,25263024.0,10315.0
441,1760002465738656.0,25286576.0,10263.0
442,1760002465738809.0,25313820.0,13932.0
443,1760002465738962.0,25337272.0,10163.0
444,1760002465739115.0,25360848.0,10289.0
445,1760002465739267.0,25384452.0,10314.0
446,1760002465739424.0,25408056.0,10316.0
447,1760002465739584.0,25435300.0,13928.0
448,1760002465739737.0,25458732.0,10145.0
449,1760002465739886.0,25476804.0,4817.0
450,1760002465740094.0,25500232.0,10190.0
451,1760002465740268.0,25523808.0,10289.0
452,1760002465740425.0,25547360.0,10264.0
453,1760002465740581.0,25570936.0,10290.0
454,1760002465740735.0,25594416.0,10189.0
455,1760002465740891.0,25617900.0,10191.0
456,1760002465741049.0,25641532.0,10341.0
457,1760002465741209.0,25665080.0,10264.0
458,1760002465741364.0,25688552.0,10189.0
459,1760002465741530.0,25712132.0,10290.0
460,1760002465741681.0,25739376.0,13933.0
461,1760002465741835.0,25762860.0,10190.0
462,1760002465741982.0,25780956.0,4843.0
463,1760002465742131.0,25804336.0,10142.0
464,1760002465742276.0,25822340.0,4743.0
465,1760002465742425.0,25849520.0,13931.0
466,1760002465742576.0,25872976.0,10164.0
467,1760002465742724.0,25891080.0,4843.0
468,1760002465742875.0,25914652.0,10342.0
469,1760002465743025.0,25938256.0,10316.0
470,1760002465743175.0,25961716.0,10164.0
471,1760002465743325.0,25985344.0,10341.0
472,1760002465743479.0,26008872.0,10240.0
473,1760002465743624.0,26027028.0,4900.0
474,1760002465743775.0,26050296.0,10039.0
475,1760002465743919.0,26068396.0,4844.0
476,1760002465744069.0,26091724.0,10091.0
477,1760002465744215.0,26109748.0,4771.0
478,1760002465744366.0,26133052.0,10064.0
479,1760002465744510.0,26151080.0,4770.0
480,1760002465744659.0,26174380.0,10064.0
481,1760002465744804.0,26192432.0,4791.0
482,1760002465744954.0,26215736.0,10065.0
483,1760002465745101.0,26233764.0,4775.0
484,1760002465745245.0,26251864.0,4894.0
485,1760002465745390.0,26275092.0,9990.0
486,1760002465745534.0,26293164.0,4874.0
487,1760002465745684.0,26316436.0,10039.0
488,1760002465745832.0,26334588.0,4895.0
489,1760002465745983.0,26357944.0,10111.0
490,1760002465746127.0,26375972.0,4776.0
491,1760002465746276.0,26399272.0,10065.0
492,1760002465746421.0,26417276.0,4743.0
493,1760002465746584.0,26440872.0,10361.0
494,1760002465746730.0,26464504.0,10341.0
495,1760002465746875.0,26487976.0,10190.0
496,1760002465747017.0,26505956.0,4723.0
497,1760002465747163.0,26529284.0,10091.0
498,1760002465747304.0,26547284.0,4743.0
499,1760002465747453.0,26574468.0,13931.0
500,1760002465747599.0,26597940.0,10190.0
501,1760002465747739.0,26615892.0,4691.0
502,1760002465747885.0,26639644.0,10513.0
503,1760002465748032.0,26663352.0,10417.0
504,1760002465748175.0,26681404.0,4798.0
505,1760002465748321.0,26704704.0,10066.0
506,1760002465748462.0,26722728.0,4766.0
507,1760002465748606.0,26746080.0,10114.0
508,1760002465748747.0,26764156.0,4824.0
509,1760002465748895.0,26787480.0,10089.0
510,1760002465749035.0,26805608.0,4869.0
511,1760002465749179.0,26828956.0,10117.0
512,1760002465749319.0,26846980.0,4771.0
513,1760002465749463.0,26870584.0,10368.0
514,1760002465749604.0,26888556.0,4718.0
515,1760002465749745.0,26906604.0,4849.0
516,1760002465749890.0,26929904.0,10064.0
517,1760002465750030.0,26947956.0,4795.0
518,1760002465750178.0,26971308.0,10111.0
519,1760002465750319.0,26989460.0,4901.0
520,1760002465750468.0,27012784.0,10090.0
521,1760002465750610.0,27030812.0,4770.0
522,1760002465750751.0,27048836.0,4823.0
523,1760002465750891.0,27066908.0,4870.0
524,1760002465751036.0,27090208.0,10063.0
525,1760002465751178.0,27108284.0,4823.0
526,1760002465751323.0,27131584.0,10065.0
527,1760002465751476.0,27149612.0,4765.0
528,1760002465751617.0,27173064.0,10216.0
529,1760002465751755.0,27191064.0,4749.0
530,1760002465751893.0,27209116.0,4843.0
531,1760002465752036.0,27232488.0,10142.0
532,1760002465752173.0,27250460.0,4723.0
533,1760002465752309.0,27268616.0,4947.0
534,1760002465752464.0,27291892.0,10038.0
535,1760002465752596.0,27309916.0,4775.0
536,1760002465752732.0,27328016.0,4896.0
537,1760002465752870.0,27351292.0,10037.0
538,1760002465753004.0,27369292.0,4748.0
539,1760002465753140.0,27392596.0,10064.0
540,1760002465753274.0,27410616.0,4768.0
541,1760002465753410.0,27428844.0,5021.0
542,1760002465753558.0,27452144.0,10064.0
543,1760002465753688.0,27470144.0,4743.0
544,1760002465753817.0,27488244.0,4901.0
545,1760002465753947.0,27506296.0,4843.0
546,1760002465754083.0,27529568.0,10041.0
547,1760002465754213.0,27547596.0,4775.0
548,1760002465754347.0,27570892.0,10063.0
549,1760002465754477.0,27588892.0,4742.0
550,1760002465754621.0,27612224.0,10095.0
551,1760002465754747.0,27630216.0,4743.0
552,1760002465754880.0,27653540.0,10089.0
553,1760002465755006.0,27671544.0,4750.0
554,1760002465755131.0,27689596.0,4843.0
555,1760002465755261.0,27712892.0,10065.0
556,1760002465755387.0,27730940.0,4797.0
557,1760002465755531.0,27754220.0,10041.0
558,1760002465755654.0,27772220.0,4742.0
559,1760002465755776.0,27790320.0,4900.0
560,1760002465755904.0,27813596.0,10040.0
561,1760002465756026.0,27831644.0,4790.0
562,1760002465756153.0,27854944.0,10064.0
563,1760002465756277.0,27873240.0,5047.0
564,1760002465756403.0,27896492.0,10016.0
565,1760002465756538.0,27914540.0,4791.0
566,1760002465756661.0,27937824.0,10046.0
567,1760002465756780.0,27955816.0,4743.0
568,1760002465756901.0,27973920.0,4897.0
569,1760002465757026.0,27997272.0,10113.0
570,1760002465757145.0,28015420.0,4896.0
571,1760002465757265.0,28033444.0,4818.0
572,1760002465757383.0,28051476.0,4824.0
573,1760002465757509.0,28074768.0,10065.0
574,1760002465757629.0,28092796.0,4770.0
575,1760002465757753.0,28119992.0,13936.0
576,1760002465757876.0,28143496.0,10215.0
577,1760002465757995.0,28161472.0,4717.0
578,1760002465758115.0,28179720.0,5047.0
579,1760002465758240.0,28202992.0,10044.0
580,1760002465758359.0,28221044.0,4791.0
581,1760002465758477.0,28239096.0,4843.0
582,1760002465758596.0,28257148.0,4849.0
583,1760002465758715.0,28275196.0,4844.0
584,1760002465758836.0,28293244.0,4843.0
585,1760002465758960.0,28316916.0,10437.0
586,1760002465759083.0,28340548.0,10342.0
587,1760002465759206.0,28364108.0,10268.0
588,1760002465759330.0,28387592.0,10191.0
589,1760002465759451.0,28405568.0,4724.0
590,1760002465759570.0,28423748.0,4969.0
591,1760002465759688.0,28441848.0,4895.0
592,1760002465759812.0,28465100.0,10023.0
593,1760002465759937.0,28488608.0,10216.0
594,1760002465760059.0,28506632.0,4764.0
595,1760002465760180.0,28524832.0,4995.0
596,1760002465760300.0,28543036.0,5000.0
597,1760002465760418.0,28566256.0,9990.0
598,1760002465760537.0,28584408.0,4943.0
599,1760002465760655.0,28602636.0,5021.0
600,1760002465760780.0,28629828.0,13935.0
601,1760002465760905.0,28653280.0,10165.0
602,1760002465761024.0,28671280.0,4743.0
603,1760002465761148.0,28694660.0,10140.0
604,1760002465761267.0,28712660.0,4743.0
605,1760002465761388.0,28730888.0,5021.0
606,1760002465761512.0,28754188.0,10063.0
607,1760002465761631.0,28772288.0,4848.0
608,1760002465761751.0,28790512.0,5020.0
609,1760002465761870.0,28813740.0,9990.0
610,1760002465761988.0,28831888.0,4942.0
611,1760002465762110.0,28850112.0,5020.0
612,1760002465762228.0,28868184.0,4870.0
613,1760002465762346.0,28891408.0,9991.0
614,1760002465762465.0,28909556.0,4949.0
615,1760002465762583.0,28932784.0,9991.0
616,1760002465762703.0,28950856.0,4868.0
617,1760002465762823.0,28974088.0,9996.0
618,1760002465762941.0,28992160.0,4868.0
619,1760002465763063.0,29015408.0,10016.0
620,1760002465763181.0,29033456.0,4797.0
621,1760002465763300.0,29051556.0,4895.0
622,1760002465763426.0,29074908.0,10113.0
623,1760002465763545.0,29092892.0,4724.0
624,1760002465763663.0,29110960.0,4869.0
625,1760002465763786.0,29134236.0,10038.0
626,1760002465763905.0,29152340.0,4842.0
627,1760002465764026.0,29170560.0,5022.0
628,1760002465764149.0,29193832.0,10037.0
629,1760002465764269.0,29211856.0,4769.0
630,1760002465764393.0,29235132.0,10045.0
631,1760002465764512.0,29253180.0,4791.0
632,1760002465764636.0,29276456.0,10038.0
633,1760002465764757.0,29294504.0,4797.0
634,1760002465764881.0,29317804.0,10065.0
635,1760002465765000.0,29335804.0,4744.0
636,1760002465765124.0,29359236.0,10190.0
637,1760002465765244.0,29377260.0,4765.0
638,1760002465765370.0,29400560.0,10063.0
639,1760002465765488.0,29418584.0,4765.0
640,1760002465765613.0,29442180.0,10362.0
641,1760002465765736.0,29465688.0,10211.0
642,1760002465765856.0,29483632.0,4691.0
643,1760002465765982.0,29506960.0,10091.0
644,1760002465766102.0,29524984.0,4772.0
645,1760002465766228.0,29548260.0,10039.0
646,1760002465766348.0,29566308.0,4791.0
647,1760002465766471.0,29589584.0,10038.0
648,1760002465766590.0,29607584.0,4743.0
649,1760002465766717.0,29630884.0,10063.0
650,1760002465766837.0,29648916.0,4774.0
651,1760002465766960.0,29672188.0,10041.0
652,1760002465767079.0,29690236.0,4791.0
653,1760002465767202.0,29717436.0,13936.0
654,1760002465767329.0,29740896.0,10166.0
655,1760002465767453.0,29764400.0,10216.0
656,1760002465767577.0,29787880.0,10190.0
657,1760002465767696.0,29805856.0,4717.0
658,1760002465767819.0,29829232.0,10138.0
659,1760002465767941.0,29847284.0,4791.0
660,1760002465768064.0,29870560.0,10037.0
661,1760002465768183.0,29888608.0,4791.0
662,1760002465768306.0,29911908.0,10065.0
663,1760002465768429.0,29935288.0,10091.0
664,1760002465768554.0,29958696.0,10115.0
665,1760002465768678.0,29982124.0,10141.0
666,1760002465768802.0,30005508.0,10090.0
667,1760002465768925.0,30028916.0,10116.0
668,1760002465769049.0,30052296.0,10091.0
669,1760002465769167.0,30070372.0,4817.0
670,1760002465769294.0,30093676.0,10065.0
671,1760002465769417.0,30117056.0,10090.0
672,1760002465769536.0,30135132.0,4823.0
673,1760002465769661.0,30158408.0,10039.0
674,1760002465769780.0,30176480.0,4817.0
675,1760002465769906.0,30199756.0,10045.0
676,1760002465770026.0,30217804.0,4792.0
677,1760002465770151.0,30241108.0,10065.0
678,1760002465770274.0,30264492.0,10091.0
679,1760002465770393.0,30282492.0,4748.0
680,1760002465770518.0,30305792.0,10064.0
681,1760002465770640.0,30323816.0,4765.0
682,1760002465770763.0,30347336.0,10287.0
683,1760002465770886.0,30370812.0,10190.0
684,1760002465771006.0,30388912.0,4843.0
685,1760002465771129.0,30412188.0,10038.0
686,1760002465771251.0,30430268.0,4822.0
687,1760002465771374.0,30453516.0,10016.0
688,1760002465771497.0,30476900.0,10090.0
689,1760002465771616.0,30494948.0,4790.0
690,1760002465771741.0,30518224.0,10045.0
691,1760002465771868.0,30541652.0,10140.0
692,1760002465771991.0,30565064.0,10117.0
693,1760002465772115.0,30588444.0,10090.0
694,1760002465772238.0,30611852.0,10117.0
695,1760002465772362.0,30635232.0,10091.0
696,1760002465772488.0,30658620.0,10098.0
697,1760002465772608.0,30676660.0,4791.0
698,1760002465772732.0,30699988.0,10088.0
699,1760002465772856.0,30723400.0,10118.0
700,1760002465772980.0,30746836.0,10140.0
701,1760002465773098.0,30764860.0,4772.0
702,1760002465773224.0,30788164.0,10067.0
703,1760002465773348.0,30811620.0,10165.0
704,1760002465773466.0,30829672.0,4792.0
705,1760002465773590.0,30852992.0,10093.0
706,1760002465773708.0,30871016.0,4766.0
707,1760002465773830.0,30889516.0,5295.0
708,1760002465773954.0,30912944.0,10191.0
709,1760002465774074.0,30930996.0,4796.0
710,1760002465774197.0,30954244.0,10017.0
711,1760002465774317.0,30972316.0,4816.0
712,1760002465774442.0,30995568.0,10017.0
713,1760002465774566.0,31018972.0,10115.0
714,1760002465774686.0,31037048.0,4817.0
715,1760002465774810.0,31060348.0,10064.0
716,1760002465774928.0,31078428.0,4823.0
717,1760002465775051.0,31101696.0,10042.0
718,1760002465775177.0,31125104.0,10116.0
719,1760002465775301.0,31148488.0,10090.0
720,1760002465775425.0,31171868.0,10090.0
721,1760002465775550.0,31195272.0,10116.0
722,1760002465775673.0,31218756.0,10185.0
723,1760002465775795.0,31236848.0,4843.0
724,1760002465775918.0,31260152.0,10065.0
725,1760002465776041.0,31283532.0,10090.0
726,1760002465776165.0,31306944.0,10116.0
727,1760002465776289.0,31330352.0,10123.0
728,1760002465776415.0,31353752.0,10116.0
729,1760002465776540.0,31377180.0,10141.0
730,1760002465776664.0,31400588.0,10116.0
731,1760002465776789.0,31424016.0,10141.0
732,1760002465776913.0,31447396.0,10091.0
733,1760002465777037.0,31470804.0,10115.0
734,1760002465777162.0,31494212.0,10117.0
735,1760002465777281.0,31512280.0,4817.0
736,1760002465777405.0,31535604.0,10089.0
737,1760002465777529.0,31559036.0,10139.0
738,1760002465777648.0,31577084.0,4797.0
739,1760002465777774.0,31600440.0,10114.0
740,1760002465777897.0,31623848.0,10117.0
741,1760002465778021.0,31647256.0,10117.0
742,1760002465778145.0,31670636.0,10092.0
743,1760002465778268.0,31694020.0,10091.0
744,1760002465778394.0,31717448.0,10142.0
745,1760002465778514.0,31735544.0,4842.0
746,1760002465778632.0,31754044.0,5294.0
747,1760002465778755.0,31777444.0,10164.0
748,1760002465778878.0,31800904.0,10168.0
749,1760002465779003.0,31824356.0,10164.0
750,1760002465779123.0,31842456.0,4843.0
751,1760002465779246.0,31865824.0,10141.0
752,1760002465779370.0,31889256.0,10142.0
753,1760002465779494.0,31912664.0,10116.0
754,1760002465779619.0,31936124.0,10165.0
755,1760002465779744.0,31959604.0,10190.0
756,1760002465779870.0,31983012.0,10117.0
757,1760002465779994.0,32006416.0,10116.0
758,1760002465780120.0,32029896.0,10190.0
759,1760002465780244.0,32053396.0,10215.0
760,1760002465780366.0,32071496.0,4849.0
761,1760002465780491.0,32094796.0,10064.0
762,1760002465780615.0,32118276.0,10190.0
763,1760002465780740.0,32141780.0,10216.0
764,1760002465780859.0,32159904.0,4868.0
765,1760002465780984.0,32183204.0,10064.0
766,1760002465781104.0,32201308.0,4843.0
767,1760002465781228.0,32224604.0,10067.0
768,1760002465781353.0,32248036.0,10142.0
769,1760002465781478.0,32271540.0,10216.0
770,1760002465781600.0,32289640.0,4849.0
771,1760002465781729.0,32312968.0,10090.0
772,1760002465781857.0,32336424.0,10168.0
773,1760002465781981.0,32354548.0,4868.0
774,1760002465782108.0,32377880.0,10096.0
775,1760002465782232.0,32395948.0,4817.0
776,1760002465782359.0,32419276.0,10090.0
777,1760002465782485.0,32442704.0,10141.0
778,1760002465782612.0,32466116.0,10115.0
779,1760002465782739.0,32489548.0,10142.0
780,1760002465782864.0,32507668.0,4870.0
781,1760002465782992.0,32531096.0,10190.0
782,1760002465783117.0,32549196.0,4842.0
783,1760002465783249.0,32572496.0,10067.0
784,1760002465783418.0,32590548.0,4794.0
785,1760002465783599.0,32613928.0,10141.0
786,1760002465783736.0,32637408.0,10190.0
787,1760002465783862.0,32660916.0,10216.0
788,1760002465783984.0,32678972.0,4797.0
789,1760002465784110.0,32702288.0,10090.0
790,1760002465784238.0,32725772.0,10191.0
791,1760002465784377.0,32749180.0,10117.0
792,1760002465784506.0,32772688.0,10215.0
793,1760002465784630.0,32790740.0,4792.0
794,1760002465784764.0,32814040.0,10073.0
795,1760002465784895.0,32832064.0,4769.0
796,1760002465785025.0,32855388.0,10089.0
797,1760002465785151.0,32878944.0,10268.0
798,1760002465785277.0,32902552.0,10317.0
799,1760002465785400.0,32920548.0,4749.0
800,1760002465785527.0,32943924.0,10138.0
801,1760002465785651.0,32961928.0,4744.0
802,1760002465785778.0,32985332.0,10164.0
803,1760002465785900.0,33003408.0,4824.0
804,1760002465786025.0,33026708.0,10064.0
805,1760002465786146.0,33044736.0,4769.0
806,1760002465786274.0,33068072.0,10097.0
807,1760002465786400.0,33086140.0,4818.0
808,1760002465786531.0,33109492.0,10116.0
809,1760002465786656.0,33127544.0,4791.0
810,1760002465786780.0,33151040.0,10262.0
811,1760002465786899.0,33169040.0,4743.0
812,1760002465787026.0,33192392.0,10114.0
813,1760002465787145.0,33210400.0,4748.0
814,1760002465787264.0,33228520.0,4921.0
815,1760002465787387.0,33251820.0,10065.0
816,1760002465787506.0,33269896.0,4817.0
817,1760002465787632.0,33293292.0,10167.0
818,1760002465787751.0,33311292.0,4742.0
819,1760002465787870.0,33329420.0,4921.0
820,1760002465787994.0,33352696.0,10045.0
821,1760002465788113.0,33370720.0,4770.0
822,1760002465788238.0,33394072.0,10114.0
823,1760002465788357.0,33412072.0,4750.0
824,1760002465788476.0,33430304.0,5022.0
825,1760002465788599.0,33453628.0,10089.0
826,1760002465788717.0,33471656.0,4769.0
827,1760002465788836.0,33489884.0,5021.0
828,1760002465788961.0,33513136.0,10015.0
829,1760002465789080.0,33531340.0,4943.0
830,1760002465789204.0,33554592.0,10016.0
831,1760002465789323.0,33572692.0,4848.0
832,1760002465789446.0,33595968.0,10039.0
833,1760002465789567.0,33614044.0,4817.0
834,1760002465789691.0,33637340.0,10071.0
835,1760002465789810.0,33655416.0,4817.0
836,1760002465789938.0,33678664.0,10016.0
837,1760002465790062.0,33702152.0,10191.0
838,1760002465790184.0,33720228.0,4823.0
839,1760002465790307.0,33743504.0,10040.0
840,1760002465790426.0,33761580.0,4817.0
841,1760002465790549.0,33784860.0,10044.0
842,1760002465790668.0,33802932.0,4817.0
843,1760002465790844.0,33826208.0,10040.0
844,1760002465790973.0,33844312.0,4843.0
845,1760002465791098.0,33867656.0,10116.0
846,1760002465791219.0,33885704.0,4791.0
847,1760002465791343.0,33909004.0,10065.0
848,1760002465791463.0,33927052.0,4797.0
849,1760002465791585.0,33947088.0,6817.0
850,1760002465791704.0,33964988.0,4697.0
851,1760002465791823.0,33985148.0,6944.0
852,1760002465791941.0,34002976.0,4624.0
853,1760002465792060.0,34021072.0,4895.0
854,1760002465792181.0,34040956.0,6666.0
855,1760002465792300.0,34059052.0,4896.0
856,1760002465792419.0,34078932.0,6664.0
857,1760002465792537.0,34096932.0,4801.0
858,1760002465792655.0,34116940.0,6790.0
859,1760002465792775.0,34134864.0,4722.0
860,1760002465792894.0,34154976.0,6891.0
861,1760002465793020.0,34172824.0,4649.0
862,1760002465793140.0,34190952.0,4922.0
863,1760002465793258.0,34210840.0,6669.0
864,1760002465793377.0,34228784.0,4743.0
865,1760002465793498.0,34248840.0,6838.0
866,1760002465793616.0,34267088.0,5047.0
867,1760002465793735.0,34286840.0,6534.0
868,1760002465793854.0,34305016.0,4979.0
869,1760002465793973.0,34324844.0,6611.0
870,1760002465794094.0,34342872.0,4827.0
871,1760002465794213.0,34362828.0,6737.0
872,1760002465794333.0,34380752.0,4723.0
873,1760002465794453.0,34400812.0,6837.0
874,1760002465794574.0,34418720.0,4701.0
875,1760002465794695.0,34438820.0,6889.0
876,1760002465794816.0,34456716.0,4696.0
877,1760002465794935.0,34476820.0,6890.0
878,1760002465795054.0,34494672.0,4644.0
879,1760002465795174.0,34512776.0,4901.0
880,1760002465795293.0,34532656.0,6661.0
881,1760002465795414.0,34550608.0,4750.0
882,1760002465795534.0,34570664.0,6838.0
883,1760002465795653.0,34588608.0,4750.0
884,1760002465795773.0,34608640.0,6816.0
885,1760002465795896.0,34626512.0,4671.0
886,1760002465796018.0,34646724.0,6994.0
887,1760002465796137.0,34664520.0,4587.0
888,1760002465796256.0,34684760.0,7027.0
889,1760002465796375.0,34702888.0,4921.0
890,1760002465796494.0,34722720.0,6619.0
891,1760002465796614.0,34740644.0,4717.0
892,1760002465796735.0,34760704.0,6844.0
893,1760002465796854.0,34778600.0,4691.0
894,1760002465796977.0,34798760.0,6942.0
895,1760002465797097.0,34816584.0,4617.0
896,1760002465797218.0,34836816.0,7020.0
897,1760002465797343.0,34854636.0,4618.0
898,1760002465797470.0,34874852.0,6995.0
899,1760002465797594.0,34892644.0,4592.0
900,1760002465797729.0,34915944.0,10065.0
901,1760002465797915.0,34933944.0,4743.0
902,1760002465798086.0,34954024.0,6864.0
903,1760002465798234.0,34971924.0,4695.0
904,1760002465798356.0,34992004.0,6870.0
905,1760002465798548.0,35009880.0,4665.0
906,1760002465798718.0,35030044.0,6945.0
907,1760002465798925.0,35047864.0,4618.0
908,1760002465799187.0,35065992.0,4921.0
909,1760002465799338.0,35085872.0,6665.0
910,1760002465799475.0,35103804.0,4723.0
911,1760002465799637.0,35123880.0,6865.0
912,1760002465799783.0,35141752.0,4664.0
913,1760002465799913.0,35161936.0,6974.0
914,1760002465800043.0,35179776.0,4633.0
915,1760002465800167.0,35199968.0,6976.0
916,1760002465800289.0,35217836.0,4659.0
917,1760002465800409.0,35238004.0,6948.0
918,1760002465800530.0,35255820.0,4618.0
919,1760002465800649.0,35273924.0,4895.0
920,1760002465800772.0,35292152.0,5025.0
921,1760002465800891.0,35311928.0,6560.0
922,1760002465801011.0,35329880.0,4749.0
923,1760002465801135.0,35353180.0,10065.0
924,1760002465801255.0,35371228.0,4792.0
925,1760002465801374.0,35391236.0,6792.0
926,1760002465801492.0,35409212.0,4770.0
927,1760002465801610.0,35429244.0,6819.0
928,1760002465801728.0,35447144.0,4692.0
929,1760002465801847.0,35467352.0,6991.0
930,1760002465801966.0,35485224.0,4669.0
931,1760002465802084.0,35505352.0,6910.0
932,1760002465802202.0,35523208.0,4650.0
933,1760002465802319.0,35543440.0,7016.0
934,1760002465802438.0,35561264.0,4618.0
935,1760002465802561.0,35584564.0,10064.0
936,1760002465802680.0,35602612.0,4792.0
937,1760002465802802.0,35625864.0,10017.0
938,1760002465802925.0,35649248.0,10092.0
939,1760002465803046.0,35667352.0,4844.0
940,1760002465803166.0,35685680.0,5121.0
941,1760002465803284.0,35705360.0,6466.0
942,1760002465803403.0,35723488.0,4922.0
943,1760002465803521.0,35741812.0,5120.0
944,1760002465803641.0,35760140.0,5120.0
945,1760002465803759.0,35778568.0,5220.0
946,1760002465803877.0,35796888.0,5121.0
947,1760002465803994.0,35816640.0,6534.0
948,1760002465804112.0,35834768.0,4921.0
949,1760002465804234.0,35858044.0,10039.0
950,1760002465804356.0,35876120.0,4816.0
951,1760002465804479.0,35899368.0,10023.0
952,1760002465804597.0,35917440.0,4816.0
953,1760002465804724.0,35940768.0,10090.0
954,1760002465804844.0,35958848.0,4820.0
955,1760002465804970.0,35982168.0,10093.0
956,1760002465805088.0,36000244.0,4817.0
957,1760002465805207.0,36018640.0,5193.0
958,1760002465805327.0,36037016.0,5168.0
959,1760002465805446.0,36055392.0,5167.0
960,1760002465805567.0,36073764.0,5168.0
961,1760002465805686.0,36092136.0,5168.0
962,1760002465805806.0,36110480.0,5142.0
963,1760002465805924.0,36128920.0,5235.0
964,1760002465806042.0,36147360.0,5235.0
965,1760002465806160.0,36165800.0,5235.0
966,1760002465806285.0,36184244.0,5235.0
967,1760002465806404.0,36202664.0,5209.0
968,1760002465806522.0,36221212.0,5335.0
969,1760002465806643.0,36239236.0,4823.0
970,1760002465806761.0,36257656.0,5215.0
971,1760002465806881.0,36275704.0,4843.0
972,1760002465807006.0,36298956.0,10017.0
973,1760002465807132.0,36317428.0,5215.0
974,1760002465807256.0,36340708.0,10045.0
975,1760002465807374.0,36358780.0,4816.0
976,1760002465807499.0,36382104.0,10090.0
977,1760002465807622.0,36400164.0,4797.0
978,1760002465807748.0,36423432.0,10041.0
979,1760002465807868.0,36441504.0,4816.0
980,1760002465808004.0,36464780.0,10039.0
981,1760002465808139.0,36488240.0,10166.0
982,1760002465808370.0,36506260.0,4765.0
983,1760002465808567.0,36529560.0,10063.0
984,1760002465808695.0,36547640.0,4823.0
985,1760002465808819.0,36570956.0,10089.0
986,1760002465808939.0,36589032.0,4816.0
987,1760002465809065.0,36612332.0,10063.0
988,1760002465809189.0,36635868.0,10243.0
989,1760002465809313.0,36659396.0,10241.0
990,1760002465809433.0,36677472.0,4823.0
991,1760002465809556.0,36700748.0,10038.0
992,1760002465809744.0,36718800.0,4791.0
993,1760002465809878.0,36742100.0,10069.0
994,1760002465809999.0,36760152.0,4791.0
995,1760002465810123.0,36783452.0,10063.0
996,1760002465810243.0,36801504.0,4796.0
997,1760002465810410.0,36824804.0,10063.0
998,1760002465810543.0,36842804.0,4743.0
999,1760002465810670.0,36866128.0,10089.0
1000,1760002465810799.0,36889724.0,10310.0
1001,1760002465810919.0,36907848.0,4868.0
1002,1760002465811055.0,36931144.0,10065.0
1003,1760002465811179.0,36949220.0,4817.0
1004,1760002465811304.0,36972472.0,10022.0
1005,1760002465811430.0,36995976.0,10217.0
1006,1760002465811566.0,37014080.0,4842.0
1007,1760002465811695.0,37037380.0,10064.0
1008,1760002465811826.0,37060896.0,10216.0
1009,1760002465811951.0,37078968.0,4822.0
1010,1760002465812078.0,37102296.0,10090.0
1011,1760002465812202.0,37120344.0,4790.0
1012,1760002465812330.0,37143668.0,10090.0
1013,1760002465812457.0,37161740.0,4816.0
1014,1760002465812601.0,37185044.0,10065.0
1015,1760002465812728.0,37203120.0,4818.0
1016,1760002465812860.0,37226444.0,10089.0
1017,1760002465812987.0,37244492.0,4792.0
1018,1760002465813113.0,37262496.0,4792.0
1019,1760002465813247.0,37285896.0,10166.0
1020,1760002465813374.0,37303944.0,4791.0
1021,1760002465813516.0,37321968.0,4817.0
1022,1760002465813651.0,37345248.0,10048.0
1023,1760002465813790.0,37368652.0,10116.0
1024,1760002465813927.0,37386700.0,4790.0
1025,1760002465814067.0,37409980.0,10042.0
1026,1760002465814207.0,37433412.0,10141.0
1027,1760002465814348.0,37451432.0,4765.0
1028,1760002465814490.0,37474736.0,10063.0
1029,1760002465814670.0,37492788.0,4797.0
1030,1760002465814839.0,37516060.0,10042.0
1031,1760002465815004.0,37534132.0,4815.0
1032,1760002465815196.0,37557384.0,10016.0
1033,1760002465815479.0,37575436.0,4791.0
1034,1760002465815750.0,37598688.0,10015.0
1035,1760002465815929.0,37616760.0,4816.0
1036,1760002465816122.0,37640036.0,10043.0
1037,1760002465816322.0,37663468.0,10142.0
1038,1760002465816510.0,37681488.0,4764.0
1039,1760002465816704.0,37704820.0,10090.0
1040,1760002465816900.0,37722872.0,4791.0
1041,1760002465817102.0,37746172.0,10066.0
1042,1760002465817337.0,37773420.0,13930.0
1043,1760002465817608.0,37797020.0,10310.0
1044,1760002465817858.0,37815096.0,4823.0
1045,1760002465818097.0,37833124.0,4818.0
1046,1760002465818378.0,37853128.0,6792.0
1047,1760002465818535.0,37871104.0,4770.0
1048,1760002465818682.0,37889104.0,4791.0
1049,1760002465818826.0,37907596.0,5284.0
1050,1760002465818974.0,37926084.0,5283.0
1051,1760002465819118.0,37944136.0,4847.0
1052,1760002465819262.0,37962460.0,5117.0
1053,1760002465819405.0,37980784.0,5117.0
1054,1760002465819548.0,37999140.0,5143.0
1055,1760002465819695.0,38017416.0,5068.0
1056,1760002465819844.0,38044612.0,13934.0
1057,1760002465819989.0,38062864.0,4995.0
1058,1760002465820133.0,38080940.0,4869.0
1059,1760002465820278.0,38100944.0,6792.0
1060,1760002465820426.0,38118916.0,4770.0
1061,1760002465820589.0,38136996.0,4868.0
1062,1760002465820739.0,38157028.0,6812.0
1063,1760002465820892.0,38174952.0,4717.0
1064,1760002465821042.0,38193052.0,4902.0
1065,1760002465821200.0,38216380.0,10088.0
1066,1760002465821350.0,38234356.0,4717.0
1067,1760002465821521.0,38257656.0,10071.0
1068,1760002465821674.0,38275708.0,4790.0
1069,1760002465821826.0,38293908.0,4995.0
1070,1760002465821987.0,38317240.0,10090.0
1071,1760002465822141.0,38335264.0,4770.0
1072,1760002465822293.0,38353344.0,4869.0
1073,1760002465822450.0,38376620.0,10038.0
1074,1760002465822605.0,38394644.0,4772.0
1075,1760002465822765.0,38417952.0,10066.0
1076,1760002465822919.0,38435976.0,4764.0
1077,1760002465823069.0,38454176.0,4995.0
1078,1760002465823227.0,38477500.0,10088.0
1079,1760002465823430.0,38495524.0,4765.0
1080,1760002465823601.0,38513708.0,4975.0
1081,1760002465823764.0,38536952.0,10014.0
1082,1760002465823918.0,38555000.0,4790.0
1083,1760002465824073.0,38573028.0,4823.0
1084,1760002465824227.0,38591128.0,4896.0
1085,1760002465824386.0,38614484.0,10116.0
1086,1760002465824545.0,38632512.0,4770.0
1087,1760002465824708.0,38650532.0,4817.0
1088,1760002465824864.0,38668556.0,4817.0
1089,1760002465825030.0,38691832.0,10045.0
1090,1760002465825193.0,38709856.0,4764.0
1091,1760002465825497.0,38733128.0,10038.0
1092,1760002465825735.0,38751240.0,4849.0
1093,1760002465825902.0,38769260.0,4817.0
1094,1760002465826065.0,38792536.0,10039.0
1095,1760002465826228.0,38815972.0,10140.0
1096,1760002465826392.0,38839408.0,10142.0
1097,1760002465826564.0,38857456.0,4791.0
1098,1760002465826728.0,38880760.0,10064.0
1099,1760002465826895.0,38898808.0,4790.0
1100,1760002465827061.0,38922056.0,10016.0
1101,1760002465827232.0,38940104.0,4791.0
1102,1760002465827398.0,38963380.0,10042.0
1103,1760002465827556.0,38981404.0,4771.0
1104,1760002465827715.0,38999480.0,4869.0
1105,1760002465827880.0,39022780.0,10063.0
1106,1760002465828041.0,39040856.0,4823.0
1107,1760002465828202.0,39058904.0,4842.0
1108,1760002465828362.0,39076976.0,4869.0
1109,1760002465828536.0,39095076.0,4895.0
1110,1760002465828696.0,39118376.0,10065.0
1111,1760002465828850.0,39136456.0,4817.0
1112,1760002465829009.0,39154504.0,4849.0
1113,1760002465829169.0,39177808.0,10065.0
1114,1760002465829329.0,39201192.0,10092.0
1115,1760002465829483.0,39219264.0,4815.0
1116,1760002465829642.0,39242736.0,10241.0
1117,1760002465829799.0,39260784.0,4790.0
1118,1760002465829959.0,39284084.0,10064.0
1119,1760002465830112.0,39302164.0,4822.0
1120,1760002465830271.0,39325460.0,10064.0
1121,1760002465830426.0,39343536.0,4815.0
1122,1760002465830585.0,39361632.0,4894.0
1123,1760002465830743.0,39379724.0,4894.0
1124,1760002465830900.0,39397744.0,4817.0
1125,1760002465831065.0,39415792.0,4848.0
1126,1760002465831318.0,39433840.0,4843.0
1127,1760002465831491.0,39451864.0,4817.0
1128,1760002465831689.0,39469940.0,4874.0
1129,1760002465831925.0,39487988.0,4843.0
1130,1760002465832199.0,39506036.0,4842.0
1131,1760002465832385.0,39529488.0,10216.0
1132,1760002465832560.0,39547528.0,4791.0
1133,1760002465832732.0,39570828.0,10064.0
1134,1760002465832893.0,39588932.0,4843.0
1135,1760002465833059.0,39612276.0,10117.0
1136,1760002465833228.0,39635756.0,10191.0
1137,1760002465833396.0,39659164.0,10116.0
1138,1760002465833571.0,39682568.0,10116.0
1139,1760002465833734.0,39700592.0,4769.0
1140,1760002465833896.0,39718640.0,4843.0
1141,1760002465834058.0,39736660.0,4817.0
1142,1760002465834220.0,39754704.0,4849.0
1143,1760002465834380.0,39772724.0,4817.0
1144,1760002465834544.0,39790800.0,4870.0
1145,1760002465834715.0,39814228.0,10188.0
1146,1760002465834880.0,39832324.0,4842.0
1147,1760002465835043.0,39850396.0,4868.0
1148,1760002465835203.0,39868820.0,5220.0
1149,1760002465835367.0,39886872.0,4849.0
1150,1760002465835526.0,39904892.0,4816.0
1151,1760002465835692.0,39928192.0,10063.0
1152,1760002465835859.0,39951724.0,10241.0
1153,1760002465836017.0,39969804.0,4823.0
1154,1760002465836187.0,39993152.0,10114.0
1155,1760002465836346.0,40011152.0,4742.0
1156,1760002465836513.0,40034656.0,10265.0
1157,1760002465836679.0,40058112.0,10166.0
1158,1760002465836847.0,40081540.0,10140.0
1159,1760002465837014.0,40104976.0,10142.0
1160,1760002465837181.0,40128400.0,10141.0
1161,1760002465837341.0,40146500.0,4842.0
1162,1760002465837505.0,40169748.0,10016.0
1163,1760002465837663.0,40188196.0,5188.0
1164,1760002465837821.0,40206672.0,5267.0
1165,1760002465837990.0,40230124.0,10215.0
1166,1760002465838148.0,40248604.0,5215.0
1167,1760002465838313.0,40271952.0,10115.0
1168,1760002465838472.0,40289996.0,4790.0
1169,1760002465838632.0,40308372.0,5167.0
1170,1760002465838795.0,40326744.0,5168.0
1171,1760002465838953.0,40345092.0,5142.0
1172,1760002465839112.0,40363444.0,5142.0
1173,1760002465839271.0,40381796.0,5143.0
1174,1760002465839428.0,40400168.0,5164.0
1175,1760002465839598.0,40418516.0,5142.0
1176,1760002465839754.0,40436864.0,5142.0
1177,1760002465839907.0,40455260.0,5188.0
1178,1760002465840124.0,40473656.0,5194.0
1179,1760002465840289.0,40491700.0,4842.0
1180,1760002465840445.0,40509724.0,4816.0
1181,1760002465840608.0,40528072.0,5141.0
1182,1760002465840765.0,40546444.0,5166.0
1183,1760002465840919.0,40564836.0,5187.0
1184,1760002465841077.0,40583232.0,5191.0
1185,1760002465841233.0,40601596.0,5168.0
1186,1760002465841409.0,40619948.0,5141.0
1187,1760002465841568.0,40638320.0,5167.0
1188,1760002465841757.0,40656668.0,5141.0
1189,1760002465842174.0,40675016.0,5141.0
1190,1760002465842344.0,40693388.0,5168.0
1191,1760002465842524.0,40711740.0,5142.0
1192,1760002465842686.0,40730088.0,5143.0
1193,1760002465842844.0,40748436.0,5142.0
1194,1760002465843002.0,40766788.0,5141.0
1195,1760002465843234.0,40785140.0,5142.0
1196,1760002465843492.0,40803488.0,5142.0
1197,1760002465843677.0,40821836.0,5135.0
1198,1760002465843833.0,40840232.0,5193.0
1199,1760002465843986.0,40858604.0,5168.0
1200,1760002465844139.0,40876976.0,5166.0
1201,1760002465844291.0,40895328.0,5142.0
1202,1760002465844447.0,40913676.0,5140.0
1203,1760002465844617.0,40932024.0,5141.0
1204,1760002465844775.0,40950372.0,5142.0
1205,1760002465844932.0,40968728.0,5143.0
1206,1760002465845088.0,40987100.0,5168.0
1207,1760002465845248.0,41005544.0,5242.0
1208,1760002465845412.0,41028892.0,10115.0
1209,1760002465845570.0,41046936.0,4796.0
1210,1760002465845727.0,41065356.0,5216.0
1211,1760002465845890.0,41088660.0,10064.0
1212,1760002465846048.0,41106704.0,4790.0
1213,1760002465846209.0,41125104.0,5189.0
1214,1760002465846367.0,41143528.0,5216.0
1215,1760002465846523.0,41162004.0,5267.0
1216,1760002465846686.0,41185308.0,10070.0
1217,1760002465846844.0,41203352.0,4791.0
1218,1760002465847004.0,41221776.0,5216.0
1219,1760002465847162.0,41240200.0,5216.0
1220,1760002465847328.0,41263524.0,10090.0
1221,1760002465847488.0,41281972.0,5190.0
1222,1760002465847656.0,41305276.0,10065.0
1223,1760002465847823.0,41323300.0,4772.0
1224,1760002465848043.0,41341720.0,5215.0
1225,1760002465848227.0,41365044.0,10090.0
1226,1760002465848457.0,41383092.0,4791.0
1227,1760002465848738.0,41401564.0,5261.0
1228,1760002465849027.0,41424864.0,10071.0
1229,1760002465849244.0,41442912.0,4791.0
1230,1760002465849416.0,41461364.0,5241.0
1231,1760002465849582.0,41484664.0,10065.0
1232,1760002465849744.0,41502692.0,4775.0
1233,1760002465849903.0,41520716.0,4818.0
1234,1760002465850073.0,41544016.0,10065.0
1235,1760002465850235.0,41562496.0,5215.0
1236,1760002465850404.0,41585824.0,10089.0
1237,1760002465850575.0,41603824.0,4749.0
1238,1760002465850748.0,41621924.0,4895.0
1239,1760002465850929.0,41640372.0,5242.0
1240,1760002465851099.0,41663696.0,10090.0
1241,1760002465851273.0,41687200.0,10215.0
1242,1760002465851445.0,41705652.0,5194.0
1243,1760002465851619.0,41728952.0,10063.0
1244,1760002465851781.0,41747028.0,4816.0
1245,1760002465851962.0,41770304.0,10039.0
1246,1760002465852180.0,41793716.0,10117.0
1247,1760002465852349.0,41817152.0,10146.0
1248,1760002465852509.0,41835192.0,4791.0
1249,1760002465852680.0,41858496.0,10064.0
1250,1760002465852848.0,41876524.0,4771.0
1251,1760002465853015.0,41899820.0,10063.0
1252,1760002465853176.0,41917872.0,4791.0
1253,1760002465853343.0,41941152.0,10038.0
1254,1760002465853505.0,41959176.0,4772.0
1255,1760002465853674.0,41982452.0,10039.0
1256,1760002465853833.0,42000504.0,4791.0
1257,1760002465853998.0,42023852.0,10117.0
1258,1760002465854157.0,42041924.0,4816.0
1259,1760002465854315.0,42065152.0,9990.0
1260,1760002465854477.0,42083200.0,4848.0
1261,1760002465854639.0,42103184.0,6767.0
1262,1760002465854798.0,42121084.0,4698.0
1263,1760002465854958.0,42141196.0,6891.0
1264,1760002465855116.0,42159068.0,4670.0
1265,1760002465855283.0,42182368.0,10065.0
1266,1760002465855443.0,42200416.0,4791.0
1267,1760002465855608.0,42223720.0,10065.0
1268,1760002465855774.0,42247472.0,10464.0
1269,1760002465855940.0,42270948.0,10191.0
1270,1760002465856100.0,42289000.0,4798.0
1271,1760002465856994.0,42309084.0,6864.0
1272,1760002465857184.0,42326956.0,4671.0
1273,1760002465857346.0,42347140.0,6966.0
1274,1760002465857527.0,42364944.0,4599.0
1275,1760002465857695.0,42382868.0,4718.0
1276,1760002465857877.0,42400916.0,4843.0
1277,1760002465858056.0,42424460.0,10311.0
1278,1760002465858218.0,42442560.0,4843.0
1279,1760002465858387.0,42462544.0,6766.0
1280,1760002465858676.0,42480440.0,4697.0
1281,1760002465858871.0,42500576.0,6916.0
1282,1760002465859036.0,42518400.0,4623.0
1283,1760002465859197.0,42538632.0,7016.0
1284,1760002465859358.0,42556460.0,4624.0
1285,1760002465859519.0,42576712.0,7038.0
1286,1760002465859681.0,42594588.0,4670.0
1287,1760002465859840.0,42614744.0,6944.0
1288,1760002465860007.0,42632596.0,4644.0
1289,1760002465860172.0,42655996.0,10165.0
1290,1760002465860331.0,42674048.0,4797.0
1291,1760002465860496.0,42697348.0,10065.0
1292,1760002465860660.0,42715448.0,4843.0
1293,1760002465860826.0,42738708.0,10024.0
1294,1760002465860986.0,42756772.0,4816.0
1295,1760002465861152.0,42780176.0,10168.0
1296,1760002465861312.0,42798176.0,4742.0
1297,1760002465861480.0,42821576.0,10169.0
1298,1760002465861639.0,42839576.0,4743.0
1299,1760002465861803.0,42862904.0,10093.0
1300,1760002465861962.0,42880928.0,4771.0
1301,1760002465862127.0,42904256.0,10093.0
1302,1760002465862291.0,42922308.0,4791.0
1303,1760002465862449.0,42940360.0,4849.0
1304,1760002465862616.0,42963936.0,10343.0
1305,1760002465862782.0,42987412.0,10190.0
1306,1760002465862948.0,43010944.0,10241.0
1307,1760002465863115.0,43034372.0,10141.0
1308,1760002465863284.0,43057848.0,10189.0
1309,1760002465863455.0,43081328.0,10191.0
1310,1760002465863628.0,43104832.0,10216.0
1311,1760002465863803.0,43128312.0,10191.0
1312,1760002465863986.0,43151720.0,10117.0
1313,1760002465864236.0,43175128.0,10117.0
1314,1760002465864424.0,43198584.0,10166.0
1315,1760002465864658.0,43222044.0,10165.0
1316,1760002465865046.0,43245520.0,10191.0
1317,1760002465865263.0,43269000.0,10191.0
1318,1760002465865443.0,43292480.0,10192.0
1319,1760002465865611.0,43315908.0,10140.0
1320,1760002465865772.0,43333984.0,4817.0
1321,1760002465865932.0,43352036.0,4849.0
1322,1760002465866100.0,43375332.0,10065.0
1323,1760002465866264.0,43393380.0,4790.0
1324,1760002465866431.0,43416652.0,10038.0
1325,1760002465866592.0,43434652.0,4744.0
1326,1760002465866755.0,43452700.0,4842.0
1327,1760002465866921.0,43475980.0,10045.0
1328,1760002465867091.0,43499456.0,10190.0
1329,1760002465867255.0,43517452.0,4739.0
1330,1760002465867416.0,43540680.0,9991.0
1331,1760002465867576.0,43558676.0,4796.0
1332,1760002465867737.0,43578732.0,6838.0
1333,1760002465867898.0,43596656.0,4723.0
1334,1760002465868056.0,43614708.0,4843.0
1335,1760002465868215.0,43634696.0,6770.0
1336,1760002465868372.0,43652636.0,4743.0
1337,1760002465868534.0,43675936.0,10063.0
1338,1760002465868704.0,43699440.0,10216.0
1339,1760002465868865.0,43717440.0,4747.0
1340,1760002465869030.0,43740764.0,10088.0
1341,1760002465869188.0,43758788.0,4765.0
1342,1760002465869352.0,43782088.0,10067.0
1343,1760002465869510.0,43800140.0,4791.0
1344,1760002465869677.0,43823440.0,10063.0
1345,1760002465869841.0,43846828.0,10090.0
1346,1760002465870000.0,43864852.0,4770.0
1347,1760002465870164.0,43888152.0,10063.0
1348,1760002465870329.0,43911660.0,10216.0
1349,1760002465870497.0,43935188.0,10241.0
1350,1760002465870657.0,43953216.0,4770.0
1351,1760002465870820.0,43976512.0,10064.0
1352,1760002465870979.0,43994532.0,4764.0
1353,1760002465871144.0,44017836.0,10064.0
1354,1760002465871305.0,44035884.0,4797.0
1355,1760002465871469.0,44059160.0,10039.0
1356,1760002465871634.0,44082564.0,10116.0
1357,1760002465871798.0,44106044.0,10191.0
1358,1760002465871962.0,44129524.0,10191.0
1359,1760002465872131.0,44153028.0,10216.0
1360,1760002465872295.0,44176532.0,10214.0
1361,1760002465872459.0,44200064.0,10241.0
1362,1760002465872619.0,44218136.0,4817.0
1363,1760002465872777.0,44236188.0,4843.0
1364,1760002465872939.0,44254244.0,4849.0
1365,1760002465873104.0,44277508.0,10037.0
1366,1760002465873264.0,44295556.0,4791.0
1367,1760002465873493.0,44322756.0,13935.0
1368,1760002465873671.0,44346236.0,10191.0
1369,1760002465873842.0,44369716.0,10190.0
1370,1760002465874007.0,44393196.0,10189.0
1371,1760002465874171.0,44416700.0,10215.0
1372,1760002465874335.0,44440180.0,10190.0
1373,1760002465874499.0,44463712.0,10241.0
1374,1760002465874680.0,44487188.0,10190.0
1375,1760002465874847.0,44510648.0,10165.0
1376,1760002465875020.0,44534128.0,10191.0
1377,1760002465875383.0,44557608.0,10189.0
1378,1760002465875554.0,44575656.0,4797.0
1379,1760002465875718.0,44593736.0,4869.0
1380,1760002465875883.0,44617212.0,10240.0
1381,1760002465876047.0,44640620.0,10117.0
1382,1760002465876211.0,44664048.0,10140.0
1383,1760002465876376.0,44687528.0,10191.0
1384,1760002465876577.0,44711032.0,10216.0
1385,1760002465876744.0,44734516.0,10191.0
1386,1760002465876907.0,44757992.0,10191.0
1387,1760002465877072.0,44781496.0,10216.0
1388,1760002465877236.0,44805000.0,10216.0
1389,1760002465877401.0,44828428.0,10141.0
1390,1760002465877567.0,44851932.0,10215.0
1391,1760002465877731.0,44875412.0,10190.0
1392,1760002465877895.0,44898864.0,10167.0
1393,1760002465878058.0,44922368.0,10216.0
1394,1760002465878221.0,44945872.0,10216.0
1395,1760002465878389.0,44969404.0,10241.0
1396,1760002465878553.0,44992884.0,10190.0
1397,1760002465878718.0,45016388.0,10216.0
1398,1760002465878889.0,45039844.0,10164.0
1399,1760002465879054.0,45063328.0,10190.0
1400,1760002465879222.0,45086784.0,10167.0
1401,1760002465879381.0,45104800.0,4765.0
1402,1760002465879545.0,45128100.0,10066.0
1403,1760002465879709.0,45151624.0,10241.0
1404,1760002465879867.0,45169676.0,4796.0
1405,1760002465880040.0,45193072.0,10163.0
1406,1760002465880199.0,45211144.0,4816.0
1407,1760002465880368.0,45234444.0,10064.0
1408,1760002465880550.0,45258048.0,10316.0
1409,1760002465880729.0,45281532.0,10190.0
1410,1760002465880906.0,45305160.0,10342.0
1411,1760002465881086.0,45328620.0,10167.0
1412,1760002465881259.0,45352128.0,10215.0
1413,1760002465881538.0,45375708.0,10293.0
1414,1760002465881780.0,45399188.0,10190.0
1415,1760002465882024.0,45422668.0,10190.0
1416,1760002465882286.0,45440660.0,4743.0
1417,1760002465882500.0,45467848.0,13929.0
1418,1760002465882670.0,45491352.0,10216.0
1419,1760002465882837.0,45514832.0,10190.0
1420,1760002465883004.0,45538340.0,10217.0
1421,1760002465883170.0,45561816.0,10189.0
1422,1760002465883337.0,45585320.0,10216.0
1423,1760002465883506.0,45608804.0,10190.0
1424,1760002465883673.0,45632284.0,10190.0
1425,1760002465883839.0,45655764.0,10190.0
1426,1760002465884008.0,45679244.0,10190.0
1427,1760002465884173.0,45702720.0,10190.0
1428,1760002465884340.0,45726204.0,10191.0
1429,1760002465884506.0,45749708.0,10216.0
1430,1760002465884671.0,45773212.0,10215.0
1431,1760002465884844.0,45796640.0,10140.0
1432,1760002465885013.0,45820100.0,10166.0
1433,1760002465885178.0,45843580.0,10192.0
1434,1760002465885342.0,45867068.0,10191.0
1435,1760002465885507.0,45890572.0,10216.0
1436,1760002465885678.0,45914128.0,10264.0
1437,1760002465885837.0,45932192.0,4816.0
1438,1760002465886003.0,45955592.0,10164.0
1439,1760002465886169.0,45979148.0,10265.0
1440,1760002465886335.0,46002728.0,10291.0
1441,1760002465886503.0,46026304.0,10290.0
1442,1760002465886668.0,46049812.0,10217.0
1443,1760002465886832.0,46073388.0,10290.0
1444,1760002465886996.0,46096896.0,10216.0
1445,1760002465887160.0,46120400.0,10216.0
1446,1760002465887325.0,46144028.0,10342.0
1447,1760002465887487.0,46167508.0,10191.0
1448,1760002465887651.0,46190960.0,10164.0
1449,1760002465887814.0,46214464.0,10216.0
1450,1760002465887977.0,46237876.0,10116.0
1451,1760002465888144.0,46261352.0,10190.0
1452,1760002465888303.0,46279396.0,4791.0
1453,1760002465888465.0,46302744.0,10113.0
1454,1760002465888630.0,46326224.0,10191.0
1455,1760002465888793.0,46349680.0,10165.0
1456,1760002465888959.0,46373184.0,10215.0
1457,1760002465889125.0,46396620.0,10141.0
1458,1760002465889288.0,46420100.0,10190.0
1459,1760002465889451.0,46443584.0,10187.0
1460,1760002465889608.0,46461648.0,4816.0
1461,1760002465889771.0,46485100.0,10215.0
1462,1760002465889938.0,46508508.0,10116.0
1463,1760002465890165.0,46532012.0,10216.0
1464,1760002465890344.0,46555516.0,10216.0
1465,1760002465890509.0,46579000.0,10190.0
1466,1760002465890675.0,46602480.0,10190.0
1467,1760002465890844.0,46625984.0,10215.0
1468,1760002465891008.0,46649488.0,10216.0
1469,1760002465891175.0,46672968.0,10189.0
1470,1760002465891350.0,46696444.0,10189.0
1471,1760002465891518.0,46719972.0,10240.0
1472,1760002465891696.0,46743452.0,10190.0
1473,1760002465892021.0,46766928.0,10189.0
1474,1760002465892256.0,46790388.0,10165.0
1475,1760002465892434.0,46813840.0,10163.0
1476,1760002465892601.0,46837344.0,10216.0
1477,1760002465892772.0,46860852.0,10216.0
1478,1760002465892939.0,46884332.0,10190.0
1479,1760002465893105.0,46907836.0,10216.0
1480,1760002465893319.0,46931364.0,10241.0
1481,1760002465893495.0,46954840.0,10190.0
1482,1760002465893665.0,46978300.0,10164.0
1483,1760002465893831.0,47001756.0,10164.0
1484,1760002465893994.0,47025292.0,10241.0
1485,1760002465894156.0,47048772.0,10184.0
1486,1760002465894319.0,47072248.0,10189.0
1487,1760002465894483.0,47095728.0,10190.0
1488,1760002465894649.0,47119212.0,10190.0
1489,1760002465894812.0,47142816.0,10316.0
1490,1760002465894974.0,47166400.0,10290.0
1491,1760002465895138.0,47190032.0,10340.0
1492,1760002465895301.0,47213536.0,10216.0
1493,1760002465895467.0,47237068.0,10241.0
1494,1760002465895630.0,47260668.0,10316.0
1495,1760002465895792.0,47284148.0,10190.0
1496,1760002465895955.0,47307628.0,10191.0
1497,1760002465896117.0,47331112.0,10190.0
1498,1760002465896284.0,47354692.0,10290.0
1499,1760002465896448.0,47378172.0,10192.0
1500,1760002465896610.0,47401700.0,10242.0
1501,1760002465896773.0,47425180.0,10190.0
1502,1760002465896935.0,47448684.0,10215.0
1503,1760002465897103.0,47472188.0,10216.0
1504,1760002465897272.0,47495664.0,10190.0
1505,1760002465897440.0,47519148.0,10191.0
1506,1760002465897608.0,47542628.0,10191.0
1507,1760002465897779.0,47566132.0,10216.0
1508,1760002465898078.0,47589660.0,10241.0
1509,1760002465898261.0,47613144.0,10190.0
1510,1760002465898517.0,47636672.0,10240.0
1511,1760002465898771.0,47660128.0,10165.0
1512,1760002465899022.0,47683652.0,10235.0
1513,1760002465899208.0,47707204.0,10259.0
1514,1760002465899369.0,47725296.0,4843.0
1515,1760002465899534.0,47748824.0,10290.0
1516,1760002465899699.0,47772380.0,10265.0
1517,1760002465899865.0,47795960.0,10290.0
1518,1760002465900037.0,47819416.0,10165.0
1519,1760002465900206.0,47842944.0,10242.0
1520,1760002465900373.0,47866472.0,10242.0
1521,1760002465900538.0,47889976.0,10215.0
1522,1760002465900703.0,47913404.0,10140.0
1523,1760002465900874.0,47936912.0,10215.0
1524,1760002465901042.0,47960396.0,10190.0
1525,1760002465901210.0,47983804.0,10115.0
1526,1760002465901376.0,48007312.0,10215.0
1527,1760002465901564.0,48030816.0,10212.0
1528,1760002465901728.0,48048856.0,4791.0
1529,1760002465901896.0,48072436.0,10342.0
1530,1760002465902062.0,48095916.0,10190.0
1531,1760002465902227.0,48119392.0,10190.0
1532,1760002465902393.0,48142876.0,10190.0
1533,1760002465902561.0,48166408.0,10241.0
1534,1760002465902728.0,48189908.0,10215.0
1535,1760002465902894.0,48213340.0,10141.0
1536,1760002465903060.0,48236748.0,10116.0
1537,1760002465903225.0,48260276.0,10240.0
1538,1760002465903391.0,48283752.0,10189.0
1539,1760002465903561.0,48307232.0,10189.0
1540,1760002465903727.0,48330708.0,10190.0
1541,1760002465903894.0,48354188.0,10191.0
1542,1760002465904059.0,48377620.0,10143.0
1543,1760002465904224.0,48401120.0,10215.0
1544,1760002465904392.0,48424600.0,10190.0
1545,1760002465904559.0,48448032.0,10142.0
1546,1760002465904725.0,48471536.0,10215.0
1547,1760002465904891.0,48495020.0,10190.0
1548,1760002465905056.0,48518524.0,10216.0
1549,1760002465905225.0,48542004.0,10191.0
1550,1760002465905392.0,48565464.0,10165.0
1551,1760002465905558.0,48588992.0,10240.0
1552,1760002465905723.0,48612596.0,10316.0
1553,1760002465905889.0,48636100.0,10215.0
1554,1760002465906059.0,48659612.0,10217.0
1555,1760002465906226.0,48683168.0,10267.0
1556,1760002465906392.0,48706672.0,10216.0
1557,1760002465906557.0,48730200.0,10235.0
1558,1760002465906790.0,48753752.0,10261.0
1559,1760002465906971.0,48777256.0,10216.0
1560,1760002465907137.0,48800788.0,10241.0
1561,1760002465907303.0,48824288.0,10216.0
1562,1760002465907469.0,48847792.0,10215.0
1563,1760002465907634.0,48871324.0,10243.0
1564,1760002465907802.0,48894828.0,10215.0
1565,1760002465907970.0,48918360.0,10241.0
1566,1760002465908144.0,48941912.0,10266.0
1567,1760002465908317.0,48965472.0,10267.0
1568,1760002465908695.0,48989000.0,10241.0
1569,1760002465908872.0,49012504.0,10215.0
1570,1760002465909044.0,49035936.0,10141.0
1571,1760002465909208.0,49059420.0,10191.0
1572,1760002465909372.0,49082928.0,10215.0
1573,1760002465909535.0,49106356.0,10140.0
1574,1760002465909698.0,49129864.0,10215.0
1575,1760002465909866.0,49153348.0,10192.0
1576,1760002465910069.0,49171332.0,4723.0
1577,1760002465910244.0,49198524.0,13931.0
1578,1760002465910413.0,49222004.0,10190.0
1579,1760002465910581.0,49245480.0,10190.0
1580,1760002465910752.0,49268956.0,10190.0
1581,1760002465910916.0,49292516.0,10266.0
1582,1760002465911081.0,49315972.0,10167.0
1583,1760002465911241.0,49333976.0,4744.0
1584,1760002465911407.0,49357632.0,10420.0
1585,1760002465911583.0,49381112.0,10190.0
1586,1760002465911749.0,49404592.0,10190.0
1587,1760002465911915.0,49428048.0,10166.0
1588,1760002465912076.0,49446076.0,4770.0
1589,1760002465912241.0,49469460.0,10142.0
1590,1760002465912402.0,49487488.0,4770.0
1591,1760002465912568.0,49510816.0,10091.0
1592,1760002465912728.0,49528876.0,4801.0
1593,1760002465912897.0,49552224.0,10116.0
1594,1760002465913070.0,49575804.0,10291.0
1595,1760002465913240.0,49599284.0,10189.0
1596,1760002465913415.0,49622812.0,10241.0
1597,1760002465913588.0,49646316.0,10215.0
1598,1760002465913817.0,49669796.0,10190.0
1599,1760002465914008.0,49693328.0,10241.0
1600,1760002465914197.0,49716856.0,10241.0
1601,1760002465914450.0,49740360.0,10215.0
1602,1760002465914741.0,49763868.0,10215.0
1603,1760002465914918.0,49787372.0,10216.0
1604,1760002465915086.0,49810804.0,10141.0
1605,1760002465915251.0,49834236.0,10141.0
1606,1760002465915413.0,49852268.0,4776.0
1607,1760002465915579.0,49875600.0,10091.0
1608,1760002465915749.0,49899028.0,10142.0
1609,1760002465915916.0,49917084.0,4795.0
1610,1760002465916085.0,49944268.0,13929.0
1611,1760002465916260.0,49967748.0,10190.0
1612,1760002465916429.0,49991252.0,10215.0
1613,1760002465916594.0,50014780.0,10241.0
1614,1760002465916759.0,50038284.0,10215.0
1615,1760002465916928.0,50061812.0,10241.0
1616,1760002465917099.0,50085320.0,10217.0
1617,1760002465917264.0,50108848.0,10240.0
1618,1760002465917432.0,50132376.0,10241.0
1619,1760002465917596.0,50155980.0,10316.0
1620,1760002465917762.0,50179484.0,10215.0
1621,1760002465917930.0,50202988.0,10216.0
1622,1760002465918094.0,50226492.0,10216.0
1623,1760002465918253.0,50244580.0,4823.0
1624,1760002465918418.0,50271772.0,13929.0
1625,1760002465918582.0,50295304.0,10240.0
1626,1760002465918748.0,50318808.0,10216.0
1627,1760002465918912.0,50342316.0,10216.0
1628,1760002465919078.0,50365824.0,10215.0
1629,1760002465919243.0,50389352.0,10241.0
1630,1760002465919405.0,50416596.0,13938.0
1631,1760002465919569.0,50440124.0,10241.0
1632,1760002465919736.0,50463628.0,10216.0
1633,1760002465919899.0,50487204.0,10289.0
1634,1760002465920065.0,50510708.0,10215.0
1635,1760002465920228.0,50537952.0,13930.0
1636,1760002465920392.0,50561584.0,10341.0
1637,1760002465920559.0,50585064.0,10190.0
1638,1760002465920724.0,50608524.0,10166.0
1639,1760002465920887.0,50631928.0,10116.0
1640,1760002465921050.0,50655336.0,10114.0
1641,1760002465921208.0,50673432.0,4842.0
1642,1760002465921377.0,50697064.0,10392.0
1643,1760002465921541.0,50720568.0,10216.0
1644,1760002465921700.0,50739316.0,5481.0
1645,1760002465921858.0,50758212.0,5686.0
1646,1760002465922016.0,50776976.0,5560.0
1647,1760002465922177.0,50795800.0,5607.0
1648,1760002465922336.0,50814564.0,5560.0
1649,1760002465922500.0,50838072.0,10267.0
1650,1760002465922663.0,50861576.0,10216.0
1651,1760002465922826.0,50885084.0,10216.0
1652,1760002465922991.0,50908644.0,10266.0
1653,1760002465923154.0,50932148.0,10215.0
1654,1760002465923318.0,50955752.0,10315.0
1655,1760002465923500.0,50979380.0,10340.0
1656,1760002465923665.0,51002956.0,10290.0
1657,1760002465923843.0,51026384.0,10141.0
1658,1760002465924010.0,51049868.0,10191.0
1659,1760002465924175.0,51073448.0,10290.0
1660,1760002465924342.0,51096952.0,10215.0
1661,1760002465924506.0,51120436.0,10189.0
1662,1760002465924670.0,51139192.0,5498.0
1663,1760002465924851.0,51162616.0,10189.0
1664,1760002465925028.0,51186152.0,10242.0
1665,1760002465925206.0,51204876.0,5467.0
1666,1760002465925471.0,51223476.0,5393.0
1667,1760002465925647.0,51246852.0,10138.0
1668,1760002465925818.0,51270480.0,10341.0
1669,1760002465925982.0,51294112.0,10341.0
1670,1760002465926145.0,51317740.0,10341.0
1671,1760002465926308.0,51341268.0,10242.0
1672,1760002465926470.0,51364800.0,10241.0
1673,1760002465926702.0,51388324.0,10242.0
1674,1760002465926876.0,51411852.0,10242.0
1675,1760002465927041.0,51435360.0,10216.0
1676,1760002465927206.0,51458840.0,10189.0
1677,1760002465927369.0,51482344.0,10217.0
1678,1760002465927538.0,51505872.0,10241.0
1679,1760002465927701.0,51529372.0,10215.0
1680,1760002465927865.0,51552876.0,10215.0
1681,1760002465928027.0,51576404.0,10243.0
1682,1760002465928190.0,51599932.0,10242.0
1683,1760002465928356.0,51623460.0,10241.0
1684,1760002465928519.0,51646940.0,10191.0
1685,1760002465928682.0,51670420.0,10191.0
1686,1760002465928845.0,51693852.0,10141.0
1687,1760002465929007.0,51717380.0,10240.0
1688,1760002465929177.0,51740884.0,10215.0
1689,1760002465929342.0,51764388.0,10216.0
1690,1760002465929516.0,51787892.0,10215.0
1691,1760002465929681.0,51811376.0,10190.0
1692,1760002465929845.0,51834876.0,10216.0
1693,1760002465930013.0,51858260.0,10090.0
1694,1760002465930179.0,51881692.0,10142.0
1695,1760002465930347.0,51905124.0,10142.0
1696,1760002465930514.0,51928656.0,10241.0
1697,1760002465930682.0,51952132.0,10190.0
1698,1760002465930856.0,51975636.0,10216.0
1699,1760002465931166.0,51999144.0,10215.0
1700,1760002465931443.0,52022572.0,10140.0
1701,1760002465931765.0,52046004.0,10142.0
1702,1760002465932091.0,52064780.0,5519.0
1703,1760002465932262.0,52082856.0,4869.0
1704,1760002465932454.0,52106436.0,10336.0
1705,1760002465932622.0,52129940.0,10215.0
1706,1760002465932788.0,52153472.0,10240.0
1707,1760002465932959.0,52177000.0,10234.0
1708,1760002465933119.0,52194996.0,4743.0
1709,1760002465933291.0,52218348.0,10115.0
1710,1760002465933458.0,52241952.0,10316.0
1711,1760002465933633.0,52265356.0,10116.0
1712,1760002465933805.0,52288784.0,10140.0
1713,1760002465933975.0,52312288.0,10216.0
1714,1760002465934149.0,52335768.0,10190.0
1715,1760002465934314.0,52359272.0,10216.0
1716,1760002465934474.0,52377372.0,4843.0
1717,1760002465934643.0,52400900.0,10289.0
1718,1760002465934810.0,52424380.0,10190.0
1719,1760002465934979.0,52447856.0,10189.0
1720,1760002465935145.0,52471360.0,10215.0
1721,1760002465935313.0,52494888.0,10241.0
1722,1760002465935476.0,52512984.0,4843.0
1723,1760002465935643.0,52536280.0,10071.0
1724,1760002465935813.0,52559784.0,10216.0
1725,1760002465935989.0,52583264.0,10189.0
1726,1760002465936151.0,52601332.0,4816.0
1727,1760002465936317.0,52624712.0,10139.0
1728,1760002465936482.0,52648192.0,10189.0
1729,1760002465936649.0,52671720.0,10242.0
1730,1760002465936814.0,52695200.0,10190.0
1731,1760002465936980.0,52718680.0,10190.0
1732,1760002465937139.0,52736800.0,4868.0
1733,1760002465937320.0,52760172.0,10138.0
1734,1760002465937506.0,52783700.0,10241.0
1735,1760002465937681.0,52807204.0,10217.0
1736,1760002465937858.0,52830684.0,10190.0
1737,1760002465938028.0,52854116.0,10142.0
1738,1760002465938194.0,52877592.0,10189.0
1739,1760002465938363.0,52901048.0,10164.0
1740,1760002465938530.0,52924552.0,10216.0
1741,1760002465938696.0,52948056.0,10210.0
1742,1760002465938863.0,52971532.0,10190.0
1743,1760002465939028.0,52994980.0,10165.0
1744,1760002465939198.0,53018508.0,10241.0
1745,1760002465939365.0,53041988.0,10190.0
1746,1760002465939540.0,53065396.0,10116.0
1747,1760002465939706.0,53088848.0,10164.0
1748,1760002465939866.0,53107000.0,4895.0
1749,1760002465940100.0,53130424.0,10189.0
1750,1760002465940283.0,53153924.0,10215.0
1751,1760002465940449.0,53177408.0,10184.0
1752,1760002465940608.0,53195552.0,4895.0
1753,1760002465940773.0,53218976.0,10189.0
1754,1760002465940939.0,53242480.0,10215.0
1755,1760002465941110.0,53265912.0,10142.0
1756,1760002465941275.0,53289392.0,10190.0
1757,1760002465941451.0,53312868.0,10191.0
1758,1760002465941630.0,53336296.0,10141.0
1759,1760002465941834.0,53359776.0,10192.0
1760,1760002465942162.0,53383232.0,10165.0
1761,1760002465942334.0,53401296.0,4817.0
1762,1760002465942499.0,53424596.0,10064.0
1763,1760002465942663.0,53448100.0,10216.0
1764,1760002465942827.0,53471552.0,10166.0
1765,1760002465942996.0,53494936.0,10090.0
1766,1760002465943225.0,53518444.0,10217.0
1767,1760002465943398.0,53537088.0,5388.0
1768,1760002465943566.0,53560416.0,10089.0
1769,1760002465943726.0,53578460.0,4791.0
1770,1760002465943898.0,53601884.0,10190.0
1771,1760002465944058.0,53620616.0,5470.0
1772,1760002465944223.0,53643964.0,10112.0
1773,1760002465944388.0,53667472.0,10216.0
1774,1760002465944547.0,53686124.0,5393.0
1775,1760002465944708.0,53704176.0,4844.0
1776,1760002465944869.0,53722700.0,5320.0
1777,1760002465945029.0,53740752.0,4844.0
1778,1760002465945193.0,53767944.0,13935.0
1779,1760002465945358.0,53791348.0,10116.0
1780,1760002465945522.0,53814852.0,10216.0
1781,1760002465945691.0,53838308.0,10165.0
1782,1760002465945856.0,53861788.0,10191.0
1783,1760002465946020.0,53885292.0,10216.0
1784,1760002465946185.0,53908748.0,10165.0
1785,1760002465946349.0,53932180.0,10139.0
1786,1760002465946519.0,53955640.0,10171.0
1787,1760002465946686.0,53979116.0,10190.0
1788,1760002465946856.0,54002620.0,10216.0
1789,1760002465947043.0,54026048.0,10139.0
1790,1760002465947213.0,54049504.0,10165.0
1791,1760002465947385.0,54072912.0,10116.0
1792,1760002465947612.0,54096316.0,10115.0
1793,1760002465947794.0,54119844.0,10241.0
1794,1760002465948063.0,54143324.0,10191.0
1795,1760002465948321.0,54166704.0,10090.0
1796,1760002465948546.0,54190208.0,10215.0
1797,1760002465948721.0,54213644.0,10140.0
1798,1760002465948887.0,54237116.0,10191.0
1799,1760002465949051.0,54260596.0,10190.0
1800,1760002465949219.0,54284080.0,10190.0
1801,1760002465949391.0,54307560.0,10190.0
1802,1760002465949560.0,54331040.0,10190.0
1803,1760002465949727.0,54354544.0,10216.0
1804,1760002465949895.0,54378048.0,10217.0
1805,1760002465950062.0,54401504.0,10165.0
1806,1760002465950234.0,54424984.0,10190.0
1807,1760002465950401.0,54448488.0,10217.0
1808,1760002465950568.0,54472064.0,10291.0
1809,1760002465950733.0,54495572.0,10216.0
1810,1760002465950899.0,54518980.0,10116.0
1811,1760002465951064.0,54542584.0,10315.0
1812,1760002465951237.0,54566092.0,10215.0
1813,1760002465951407.0,54589596.0,10215.0
1814,1760002465951575.0,54613100.0,10215.0
1815,1760002465951735.0,54631196.0,4843.0
1816,1760002465951901.0,54654496.0,10064.0
1817,1760002465952067.0,54678100.0,10316.0
1818,1760002465952233.0,54701600.0,10215.0
1819,1760002465952397.0,54725108.0,10216.0
1820,1760002465952561.0,54748584.0,10190.0
1821,1760002465952726.0,54772068.0,10190.0
1822,1760002465952893.0,54795576.0,10216.0
1823,1760002465953057.0,54819084.0,10216.0
1824,1760002465953220.0,54842592.0,10216.0
1825,1760002465953382.0,54866068.0,10190.0
1826,1760002465953545.0,54889576.0,10216.0
1827,1760002465953710.0,54913056.0,10189.0
1828,1760002465953874.0,54936560.0,10217.0
1829,1760002465954036.0,54960092.0,10241.0
1830,1760002465954199.0,54983540.0,10165.0
1831,1760002465954361.0,55007044.0,10214.0
1832,1760002465954589.0,55030528.0,10191.0
1833,1760002465954770.0,55054012.0,10191.0
1834,1760002465954937.0,55077488.0,10190.0
1835,1760002465955103.0,55100972.0,10191.0
1836,1760002465955267.0,55124552.0,10290.0
1837,1760002465955437.0,55148056.0,10217.0
1838,1760002465955602.0,55171536.0,10190.0
1839,1760002465955766.0,55195068.0,10242.0
1840,1760002465955930.0,55218576.0,10216.0
1841,1760002465956094.0,55242056.0,10190.0
1842,1760002465956260.0,55265540.0,10190.0
1843,1760002465956424.0,55289044.0,10216.0
1844,1760002465956588.0,55312552.0,10216.0
1845,1760002465956804.0,55336060.0,10216.0
1846,1760002465956982.0,55359548.0,10190.0
1847,1760002465957152.0,55383124.0,10284.0
1848,1760002465957319.0,55406696.0,10285.0
1849,1760002465957484.0,55430272.0,10284.0
1850,1760002465957649.0,55453824.0,10258.0
1851,1760002465957814.0,55477328.0,10210.0
1852,1760002465957979.0,55500836.0,10217.0
1853,1760002465958159.0,55524396.0,10267.0
1854,1760002465958333.0,55547892.0,10216.0
1855,1760002465958598.0,55571444.0,10265.0
1856,1760002465958839.0,55595032.0,10290.0
1857,1760002465959013.0,55618556.0,10241.0
1858,1760002465959184.0,55642168.0,10316.0
1859,1760002465959352.0,55665740.0,10285.0
1860,1760002465959517.0,55689312.0,10284.0
1861,1760002465959683.0,55712756.0,10165.0
1862,1760002465959859.0,55736368.0,10316.0
1863,1760002465960072.0,55759868.0,10215.0
1864,1760002465960243.0,55783452.0,10290.0
1865,1760002465960404.0,55806920.0,10190.0
1866,1760002465960567.0,55830380.0,10165.0
1867,1760002465960728.0,55853888.0,10217.0
1868,1760002465960895.0,55877392.0,10216.0
1869,1760002465961057.0,55900872.0,10190.0
1870,1760002465961219.0,55924376.0,10217.0
1871,1760002465961380.0,55947908.0,10240.0
1872,1760002465961542.0,55971460.0,10265.0
1873,1760002465961707.0,55994936.0,10190.0
1874,1760002465961869.0,56018444.0,10216.0
1875,1760002465962032.0,56041928.0,10192.0
1876,1760002465962194.0,56065384.0,10165.0
1877,1760002465962356.0,56088916.0,10243.0
1878,1760002465962521.0,56112376.0,10165.0
1879,1760002465962685.0,56135856.0,10191.0
1880,1760002465962848.0,56159340.0,10191.0
1881,1760002465963010.0,56182804.0,10165.0
1882,1760002465963173.0,56206384.0,10291.0
1883,1760002465963336.0,56229884.0,10214.0
1884,1760002465963502.0,56253468.0,10291.0
1885,1760002465963665.0,56276968.0,10216.0
1886,1760002465963833.0,56300556.0,10290.0
1887,1760002465964005.0,56324008.0,10166.0
1888,1760002465964176.0,56347588.0,10291.0
1889,1760002465964352.0,56371096.0,10217.0
1890,1760002465964524.0,56394576.0,10191.0
1891,1760002465964767.0,56418080.0,10216.0
1892,1760002465965016.0,56441708.0,10342.0
1893,1760002465965289.0,56465236.0,10242.0
1894,1760002465965551.0,56488716.0,10190.0
1895,1760002465965833.0,56512196.0,10192.0
1896,1760002465966020.0,56535724.0,10241.0
1897,1760002465966190.0,56559228.0,10216.0
1898,1760002465966357.0,56582736.0,10215.0
1899,1760002465966522.0,56606240.0,10216.0
1900,1760002465966689.0,56629724.0,10192.0
1901,1760002465966856.0,56653204.0,10190.0
1902,1760002465967021.0,56676712.0,10218.0
1903,1760002465967188.0,56700216.0,10216.0
1904,1760002465967356.0,56723696.0,10190.0
1905,1760002465967525.0,56747200.0,10216.0
1906,1760002465967693.0,56770680.0,10191.0
1907,1760002465967859.0,56794164.0,10190.0
1908,1760002465968026.0,56817612.0,10165.0
1909,1760002465968193.0,56841120.0,10217.0
1910,1760002465968360.0,56864604.0,10191.0
1911,1760002465968530.0,56888136.0,10240.0
1912,1760002465968694.0,56911640.0,10217.0
1913,1760002465968857.0,56935200.0,10265.0
1914,1760002465969021.0,56958676.0,10191.0
1915,1760002465969184.0,56982132.0,10166.0
1916,1760002465969353.0,57005616.0,10192.0
1917,1760002465969517.0,57029096.0,10191.0
1918,1760002465969681.0,57052656.0,10265.0
1919,1760002465969846.0,57076112.0,10165.0
1920,1760002465970010.0,57099568.0,10165.0
1921,1760002465970177.0,57123072.0,10217.0
1922,1760002465970344.0,57146556.0,10190.0
1923,1760002465970508.0,57170136.0,10290.0
1924,1760002465979266.0,57193612.0,10190.0
1925,1760002466003720.0,57217144.0,10238.0
1926,1760002466024400.0,57240652.0,10209.0
1927,1760002466048967.0,57264156.0,10215.0
1928,1760002466073445.0,57287632.0,10190.0
1929,1760002466097890.0,57311140.0,10217.0
1930,1760002466118666.0,57334620.0,10190.0
1931,1760002466143189.0,57358104.0,10190.0
1932,1760002466167630.0,57381612.0,10217.0
1933,1760002466192253.0,57405092.0,10189.0
1934,1760002466212819.0,57428572.0,10192.0
1935,1760002466237427.0,57452124.0,10265.0
1936,1760002466261829.0,57475656.0,10242.0
1937,1760002466286273.0,57499132.0,10191.0
1938,1760002466306988.0,57522660.0,10240.0
1939,1760002466331662.0,57546164.0,10217.0
1940,1760002466356074.0,57569720.0,10267.0
1941,1760002466380564.0,57593248.0,10240.0
1942,1760002466401157.0,57616724.0,10190.0
1943,1760002466425858.0,57640236.0,10216.0
1944,1760002466450255.0,57663768.0,10243.0
1945,1760002466474691.0,57687276.0,10216.0
1946,1760002466495407.0,57710856.0,10290.0
1947,1760002466519934.0,57734336.0,10190.0
1948,1760002466544557.0,57757816.0,10190.0
1949,1760002466568848.0,57781392.0,10284.0
1950,1760002466589607.0,57805048.0,10364.0
1951,1760002466614113.0,57828600.0,10265.0
1952,1760002466638831.0,57852048.0,10164.0
1953,1760002466663334.0,57875552.0,10212.0
1954,1760002466683825.0,57899028.0,10191.0
1955,1760002466708390.0,57922532.0,10217.0
1956,1760002466732853.0,57946012.0,10191.0
1957,1760002466757251.0,57969564.0,10265.0
1958,1760002466778033.0,57993116.0,10265.0
1959,1760002466802624.0,58016596.0,10190.0
1960,1760002466827268.0,58040152.0,10265.0
1961,1760002466851714.0,58063732.0,10291.0
1962,1760002466872146.0,58087216.0,10192.0
1963,1760002466892535.0,58105264.0,4791.0
1964,1760002466913162.0,58128596.0,10090.0
1965,1760002466933760.0,58146724.0,4876.0
1966,1760002466958132.0,58170052.0,10090.0
1967,1760002466974588.0,58188104.0,4794.0
1968,1760002466999016.0,58211436.0,10090.0
1969,1760002467015544.0,58229588.0,4895.0
1970,1760002467040106.0,58252868.0,10039.0
1971,1760002467056415.0,58270968.0,4843.0
1972,1760002467080981.0,58294368.0,10164.0
1973,1760002467105738.0,58317848.0,10190.0
1974,1760002467121972.0,58336876.0,5766.0
1975,1760002467146758.0,58360176.0,10065.0
1976,1760002467171264.0,58383684.0,10216.0
1977,1760002467195686.0,58407144.0,10165.0
1978,1760002467216177.0,58430624.0,10191.0
1979,1760002467236848.0,58449628.0,5744.0
1980,1760002467261292.0,58472956.0,10090.0
1981,1760002467277615.0,58491008.0,4794.0
1982,1760002467302332.0,58514732.0,10487.0
1983,1760002467326767.0,58538236.0,10215.0
1984,1760002467347237.0,58561696.0,10165.0
1985,1760002467367757.0,58579700.0,4749.0
1986,1760002467384111.0,58597652.0,4744.0
1987,1760002467408853.0,58621080.0,10191.0
1988,1760002467433180.0,58644512.0,10145.0
1989,1760002467453722.0,58667964.0,10166.0
1990,1760002467478319.0,58691492.0,10240.0
1991,1760002467502690.0,58714948.0,10166.0
1992,1760002467519221.0,58734220.0,6006.0
1993,1760002467539744.0,58752272.0,4843.0
1994,1760002467564115.0,58775608.0,10096.0
1995,1760002467584864.0,58799116.0,10216.0
1996,1760002467609442.0,58822492.0,10090.0
1997,1760002467629922.0,58841416.0,5660.0
1998,1760002467646277.0,58860124.0,5499.0
1999,1760002467666729.0,58879112.0,5771.0
2000,1760002467683076.0,58897640.0,5320.0
2001,1760002467703588.0,58916344.0,5498.0
2002,1760002467719938.0,58934396.0,4843.0
2003,1760002467740386.0,58952648.0,5048.0
2004,1760002467756783.0,58970952.0,5095.0
2005,1760002467777249.0,58989004.0,4843.0
2006,1760002467793705.0,59007032.0,4827.0
2007,1760002467813918.0,59024848.0,4612.0
2008,1760002467830658.0,59042788.0,4743.0
2009,1760002467846976.0,59060496.0,4504.0
2010,1760002467867239.0,59078272.0,4576.0
2011,1760002467883927.0,59095744.0,4272.0
2012,1760002467900150.0,59113144.0,4199.0
2013,1760002467916580.0,59130508.0,4163.0
2014,1760002467937119.0,59148388.0,4674.0
2015,1760002467953689.0,59165768.0,4182.0
2016,1760002467969790.0,59182960.0,3994.0
2017,1760002467986171.0,59200204.0,4044.0
2018,1760002468006513.0,59217524.0,4120.0
2019,1760002468023155.0,59234604.0,3879.0
2020,1760002468039665.0,59251656.0,3860.0
2021,1760002468055853.0,59268760.0,3904.0
2022,1760002468072163.0,59286052.0,4088.0
2023,1760002468092389.0,59303040.0,3788.0
2024,1760002468109087.0,59320124.0,3887.0
2025,1760002468125365.0,59337116.0,3789.0
2026,1760002468141841.0,59354172.0,3853.0
2027,1760002468158154.0,59371392.0,4027.0
2028,1760002468174606.0,59388636.0,4044.0
2029,1760002468195100.0,59406012.0,4173.0
2030,1760002468211635.0,59423124.0,3913.0
2031,1760002468227841.0,59440236.0,3912.0
2032,1760002468244252.0,59457320.0,3887.0
2033,1760002468260580.0,59474360.0,3839.0
2034,1760002468280949.0,59491424.0,3863.0
2035,1760002468297345.0,59508540.0,3920.0
2036,1760002468314008.0,59525688.0,3946.0
2037,1760002468330217.0,59542828.0,3945.0
2038,1760002468346635.0,59560048.0,4019.0
2039,1760002468367008.0,59577360.0,4115.0
2040,1760002468383416.0,59594688.0,4132.0
2041,1760002468399861.0,59611988.0,4100.0
2042,1760002468416213.0,59626420.0,1249.0
2043,1760002468428512.0,59640896.0,1286.0
2044,1760002468444949.0,59655412.0,1332.0
2045,1760002468457176.0,59669856.0,1267.0
2046,1760002468473657.0,59684324.0,1286.0
2047,1760002468485866.0,59698812.0,1304.0
2048,1760002468502379.0,59713328.0,1338.0
2049,1760002468514588.0,59727780.0,1267.0
2050,1760002468530984.0,59742236.0,1267.0
2051,1760002468543380.0,59756800.0,1383.0
2052,1760002468559593.0,59771316.0,1339.0
2053,1760002468584046.0,59795048.0,10495.0
2054,1760002468600564.0,59813248.0,4942.0
2055,1760002468621036.0,59831276.0,4823.0
2056,1760002468633309.0,59845680.0,1211.0
2057,1760002468649681.0,59862904.0,4029.0
2058,1760002468666282.0,59877264.0,1174.0
2059,1760002468678380.0,59891548.0,1099.0
2060,1760002468694919.0,59905888.0,1155.0
2061,1760002468707066.0,59920148.0,1080.0
2062,1760002468723438.0,59934352.0,1024.0
2063,1760002468735733.0,59948504.0,968.0
2064,1760002468752097.0,59962612.0,968.0
2065,1760002468764322.0,59976728.0,974.0
2066,1760002468780615.0,59990772.0,911.0
2067,1760002468793061.0,60004900.0,987.0
2068,1760002468809334.0,60018968.0,930.0
2069,1760002468821937.0,60032980.0,877.0
2070,1760002468834012.0,60046928.0,811.0
2071,1760002468850295.0,60060900.0,831.0
2072,1760002468862664.0,60074788.0,751.0
2073,1760002468878979.0,60088656.0,731.0
2074,1760002468891529.0,60102508.0,717.0
2075,1760002468903602.0,60116336.0,691.0
2076,1760002468920035.0,60130148.0,678.0
2077,1760002468932274.0,60143996.0,712.0
2078,1760002468944545.0,60157728.0,597.0
2079,1760002468961084.0,60171500.0,631.0
2080,1760002468973244.0,60185232.0,591.0
2081,1760002468989379.0,60199000.0,631.0
2082,1760002469001927.0,60212728.0,591.0
2083,1760002469014218.0,60226496.0,638.0
2084,1760002469030475.0,60240148.0,512.0
2085,1760002469043089.0,60253840.0,558.0
2086,1760002469055156.0,60267472.0,497.0
2087,1760002469071313.0,60281140.0,532.0
2088,1760002469083696.0,60294832.0,557.0
2089,1760002469096124.0,60308460.0,497.0
2090,1760002469112630.0,60322108.0,511.0
2091,1760002469125252.0,60335780.0,538.0
2092,1760002469137048.0,60349392.0,478.0
2093,1760002469153464.0,60363004.0,472.0
2094,1760002469166053.0,60376616.0,478.0
2095,1760002469178041.0,60390228.0,478.0
2096,1760002469194379.0,60403900.0,531.0
2097,1760002469206778.0,60417524.0,491.0
2098,1760002469219012.0,60431212.0,558.0
2099,1760002469235360.0,60444864.0,511.0
2100,1760002469247746.0,60458544.0,551.0
2101,1760002469259935.0,60472256.0,578.0
2102,1760002469276354.0,60485988.0,591.0
2103,1760002469288643.0,60499736.0,617.0
2104,1760002469300867.0,60513480.0,611.0
2105,1760002469317298.0,60527224.0,611.0
2106,1760002469329602.0,60541052.0,691.0
2107,1760002469345898.0,60554932.0,751.0
2108,1760002469358525.0,60568864.0,791.0
2109,1760002469370510.0,60582832.0,837.0
2110,1760002469386837.0,60596804.0,831.0
2111,1760002469399188.0,60610852.0,911.0
2112,1760002469415608.0,60624948.0,955.0
2113,1760002469427855.0,60639064.0,986.0
2114,1760002469444046.0,60653284.0,1080.0
2115,1760002469456580.0,60667624.0,1155.0
2116,1760002469472928.0,60682088.0,1285.0
2117,1760002469485226.0,60696596.0,1321.0
2118,1760002469501589.0,60711216.0,1434.0
2119,1760002469513843.0,60725908.0,1508.0
2120,1760002469530515.0,60740784.0,1688.0
2121,1760002469546699.0,60755692.0,1719.0
2122,1760002469558962.0,60770692.0,1810.0
2123,1760002469575346.0,60785848.0,1962.0
2124,1760002469591722.0,60801120.0,2078.0
2125,1760002469604015.0,60816516.0,2212.0
2126,1760002469620327.0,60832080.0,2374.0
2127,1760002469636712.0,60847744.0,2475.0
2128,1760002469653349.0,60863564.0,2623.0
2129,1760002469669730.0,60879524.0,2775.0
2130,1760002469686075.0,60895656.0,2939.0
2131,1760002469702373.0,60911948.0,3098.0
2132,1760002469718697.0,60928384.0,3237.0
2133,1760002469735169.0,60944984.0,3400.0
2134,1760002469751615.0,60961744.0,3564.0
2135,1760002469767817.0,60978692.0,3748.0
2136,1760002469784153.0,60995808.0,3912.0
2137,1760002469804689.0,61013084.0,4078.0
2138,1760002469821148.0,61030528.0,4240.0
2139,1760002469837449.0,61048160.0,4435.0
2140,1760002469853868.0,61065952.0,4592.0
2141,1760002469874357.0,61083928.0,4764.0
2142,1760002469890710.0,61102104.0,4969.0
2143,1760002469911283.0,61120460.0,5157.0
2144,1760002469927611.0,61138976.0,5303.0
2145,1760002469948049.0,61157628.0,5443.0
2146,1760002469964387.0,61176452.0,5618.0
2147,1760002469984854.0,61195412.0,5743.0
2148,1760002470005250.0,61214532.0,5915.0
2149,1760002470021727.0,61233796.0,6052.0
2150,1760002470042255.0,61251824.0,4817.0
2151,1760002470062769.0,61271340.0,6304.0
2152,1760002470079057.0,61290976.0,6420.0
2153,1760002470099444.0,61308980.0,4796.0
2154,1760002470120111.0,61328800.0,6607.0
2155,1760002470140469.0,61348684.0,6671.0
2156,1760002470156965.0,61368668.0,6763.0
2157,1760002470177538.0,61386620.0,4748.0
2158,1760002470197863.0,61406716.0,6874.0
2159,1760002470218322.0,61426860.0,6921.0
2160,1760002470238819.0,61447016.0,6932.0
2161,1760002470259265.0,61467276.0,7042.0
2162,1760002470279742.0,61487516.0,7021.0
2163,1760002470296398.0,61505516.0,4797.0
2164,1760002470316719.0,61525796.0,7064.0
2165,1760002470337291.0,61546044.0,7032.0
2166,1760002470357779.0,61566308.0,7043.0
2167,1760002470378174.0,61586584.0,7052.0
2168,1760002470398589.0,61606856.0,7058.0
2169,1760002470419005.0,61627140.0,7063.0
2170,1760002470439368.0,61647448.0,7090.0
2171,1760002470459966.0,61667780.0,7115.0
2172,1760002470480439.0,61688112.0,7111.0
2173,1760002470500853.0,61708468.0,7132.0
2174,1760002470517327.0,61728812.0,7121.0
2175,1760002470537784.0,61749088.0,7064.0
2176,1760002470558405.0,61769368.0,7058.0
2177,1760002470578742.0,61789668.0,7078.0
2178,1760002470599229.0,61809980.0,7094.0
2179,1760002470619687.0,61830260.0,7062.0
2180,1760002470640200.0,61850524.0,7054.0
2181,1760002470660688.0,61870792.0,7047.0
2182,1760002470681194.0,61891024.0,7015.0
2183,1760002470701656.0,61911280.0,7032.0
2184,1760002470722126.0,61931496.0,7006.0
2185,1760002470742825.0,61951736.0,7016.0
2186,1760002470763111.0,61971944.0,6984.0
2187,1760002470783674.0,61992160.0,7000.0
2188,1760002470804146.0,62012376.0,6998.0
2189,1760002470824622.0,62032560.0,6965.0
2190,1760002470845056.0,62052760.0,6981.0
2191,1760002470865457.0,62072956.0,6975.0
2192,1760002470882114.0,62090848.0,4692.0
2193,1760002470902357.0,62111016.0,6944.0
2194,1760002470922918.0,62131172.0,6946.0
2195,1760002470939249.0,62149100.0,4717.0
2196,1760002470959693.0,62169236.0,6912.0
2197,1760002470980111.0,62189412.0,6958.0
2198,1760002471000724.0,62209564.0,6932.0
2199,1760002471021218.0,62229712.0,6932.0
2200,1760002471041779.0,62249864.0,6937.0
2201,1760002471061940.0,62270012.0,6931.0
2202,1760002471082278.0,62290156.0,6927.0
2203,1760002471102911.0,62310304.0,6937.0
2204,1760002471123457.0,62330456.0,6927.0
2205,1760002471139845.0,62350628.0,6953.0
2206,1760002471160347.0,62370800.0,6959.0
2207,1760002471180809.0,62390968.0,6948.0
2208,1760002471201370.0,62408864.0,4690.0
2209,1760002471221587.0,62429024.0,6952.0
2210,1760002471242075.0,62449216.0,6974.0
2211,1760002471262667.0,62469408.0,6973.0
2212,1760002471279123.0,62489608.0,6980.0
2213,1760002471299783.0,62507496.0,4691.0
2214,1760002471320184.0,62527692.0,6975.0
2215,1760002471340462.0,62547868.0,6958.0
2216,1760002471360896.0,62568060.0,6973.0
2217,1760002471381314.0,62588216.0,6937.0
2218,1760002471397898.0,62608352.0,6923.0
2219,1760002471418425.0,62626276.0,4718.0
2220,1760002471438956.0,62646364.0,6864.0
2221,1760002471459408.0,62666388.0,6810.0
2222,1760002471479832.0,62686388.0,6780.0
2223,1760002471496234.0,62706212.0,6606.0
2224,1760002471516685.0,62725900.0,6475.0
2225,1760002471537344.0,62745432.0,6320.0
2226,1760002471553598.0,62763536.0,4894.0
2227,1760002471573997.0,62782728.0,5979.0
2228,1760002471594594.0,62801720.0,5786.0
2229,1760002471610869.0,62820504.0,5571.0
2230,1760002471631367.0,62839064.0,5350.0
2231,1760002471647771.0,62857348.0,5074.0
2232,1760002471668177.0,62875388.0,4838.0
2233,1760002471684635.0,62893208.0,4612.0
2234,1760002471701058.0,62910740.0,4335.0
2235,1760002471721306.0,62928028.0,4084.0
2236,1760002471737799.0,62945016.0,3797.0
2237,1760002471754405.0,62961728.0,3512.0
2238,1760002471770874.0,62978180.0,3261.0
2239,1760002471787162.0,62994368.0,2998.0
2240,1760002471803623.0,63010316.0,2752.0
2241,1760002471819630.0,63026040.0,2534.0
2242,1760002471832090.0,63041448.0,2219.0
2243,1760002471848577.0,63056556.0,1916.0
2244,1760002471864840.0,63071384.0,1637.0
2245,1760002471877135.0,63085864.0,1298.0
2246,1760002471893393.0,63100120.0,1080.0
2247,1760002471905815.0,63114076.0,777.0
2248,1760002471918075.0,63127764.0,552.0
2249,1760002471934356.0,63141180.0,282.0
2250,1760002471946792.0,63154584.0,269.0
2251,1760002471959097.0,63168096.0,383.0
2252,1760002471975409.0,63181704.0,477.0
2253,1760002471988150.0,63195356.0,512.0
2254,1760002472008092.0,63213884.0,5361.0
2255,1760002472024854.0,63232252.0,5162.0
2256,1760002472040957.0,63250696.0,5240.0
2257,1760002472061644.0,63268928.0,5024.0
2258,1760002472085862.0,63292268.0,10112.0
2259,1760002472106459.0,63315720.0,10161.0
2260,1760002472131032.0,63339100.0,10088.0
2261,1760002472155811.0,63362604.0,10212.0
2262,1760002472180206.0,63386160.0,10263.0
2263,1760002472200693.0,63409660.0,10212.0
2264,1760002472225268.0,63433216.0,10263.0
2265,1760002472249945.0,63456740.0,10236.0
2266,1760002472274371.0,63480192.0,10163.0
2267,1760002472294845.0,63503692.0,10212.0
2268,1760002472319386.0,63527252.0,10265.0
2269,1760002472344238.0,63550836.0,10288.0
2270,1760002472372551.0,63578104.0,13961.0
2271,1760002472397248.0,63605348.0,13932.0
2272,1760002472422046.0,63628900.0,10264.0
2273,1760002472446277.0,63652328.0,10137.0
2274,1760002472466990.0,63675880.0,10263.0
2275,1760002472491591.0,63699456.0,10289.0
2276,1760002472516090.0,63723008.0,10264.0
2277,1760002472540422.0,63746584.0,10289.0
2278,1760002472565119.0,63770392.0,10517.0
2279,1760002472585967.0,63794016.0,10339.0
2280,1760002472610280.0,63817648.0,10339.0
2281,1760002472634861.0,63841428.0,10486.0
2282,1760002472659417.0,63865004.0,10288.0
2283,1760002472679991.0,63888456.0,10163.0
2284,1760002472704606.0,63912032.0,10283.0
2285,1760002472729214.0,63935508.0,10190.0
2286,1760002472753631.0,63959008.0,10215.0
2287,1760002472774069.0,63982564.0,10263.0
2288,1760002472798621.0,64006016.0,10163.0
2289,1760002472823210.0,64029544.0,10238.0
2290,1760002472847667.0,64053044.0,10211.0
2291,1760002472868252.0,64076624.0,10289.0
2292,1760002472892835.0,64100176.0,10262.0
2293,1760002472917598.0,64123628.0,10163.0
2294,1760002472941954.0,64147080.0,10164.0
2295,1760002472962450.0,64170508.0,10137.0
2296,1760002472987208.0,64193988.0,10190.0
2297,1760002473011759.0,64217468.0,10189.0
2298,1760002473036168.0,64240968.0,10213.0
2299,1760002473056746.0,64264500.0,10237.0
2300,1760002473081435.0,64287928.0,10137.0
2301,1760002473105857.0,64311380.0,10163.0
2302,1760002473130336.0,64334828.0,10164.0
2303,1760002473150894.0,64358304.0,10188.0
2304,1760002473175685.0,64381760.0,10163.0
2305,1760002473199962.0,64405184.0,10138.0
2306,1760002473220635.0,64428660.0,10188.0
2307,1760002473245090.0,64452088.0,10138.0
2308,1760002473269829.0,64475540.0,10163.0
2309,1760002473294254.0,64499064.0,10237.0
2310,1760002473314721.0,64522596.0,10238.0
2311,1760002473339591.0,64546124.0,10239.0
2312,1760002473364028.0,64569784.0,10364.0
2313,1760002473388445.0,64593212.0,10138.0
2314,1760002473408877.0,64616764.0,10263.0
2315,1760002473433499.0,64640212.0,10164.0
2316,1760002473458234.0,64663636.0,10137.0
2317,1760002473482599.0,64687164.0,10238.0
2318,1760002473503089.0,64710612.0,10164.0
2319,1760002473527667.0,64734188.0,10290.0
2320,1760002473552470.0,64757660.0,10186.0
2321,1760002473580709.0,64784908.0,13931.0
2322,1760002473601395.0,64808588.0,10390.0
2323,1760002473625957.0,64832164.0,10290.0
2324,1760002473650595.0,64855592.0,10138.0
2325,1760002473671246.0,64876572.0,7698.0
2326,1760002473687703.0,64894720.0,4948.0
2327,1760002473707906.0,64914788.0,6849.0
2328,1760002473728386.0,64935068.0,7058.0
2329,1760002473753411.0,64958584.0,10282.0
2330,1760002473773340.0,64977932.0,6079.0
2331,1760002473789840.0,64996964.0,5822.0
2332,1760002473818494.0,65024156.0,13932.0
2333,1760002473839004.0,65043152.0,5739.0
2334,1760002473855338.0,65061880.0,5519.0
2335,1760002473875979.0,65080936.0,5839.0
2336,1760002473892218.0,65099592.0,5446.0
2337,1760002473912668.0,65118360.0,5555.0
2338,1760002473929022.0,65136560.0,4999.0
2339,1760002473949688.0,65154532.0,4764.0
2340,1760002473965913.0,65172496.0,4754.0
2341,1760002473986390.0,65190216.0,4518.0
2342,1760002474002785.0,65207848.0,4425.0
2343,1760002474019243.0,65225512.0,4466.0
2344,1760002474039474.0,65243052.0,4334.0
2345,1760002474056144.0,65260520.0,4267.0
2346,1760002474072425.0,65277872.0,4147.0
2347,1760002474088791.0,65295236.0,4167.0
2348,1760002474105117.0,65312536.0,4100.0
2349,1760002474125769.0,65329772.0,4036.0
2350,1760002474142285.0,65347108.0,4131.0
2351,1760002474158579.0,65364272.0,3962.0
2352,1760002474174812.0,65381400.0,3926.0
2353,1760002474191153.0,65398472.0,3879.0
2354,1760002474211711.0,65415576.0,3904.0
2355,1760002474228215.0,65432660.0,3878.0
2356,1760002474244460.0,65449708.0,3855.0
2357,1760002474260897.0,65466796.0,3888.0
2358,1760002474277260.0,65483892.0,3895.0
2359,1760002474297541.0,65501000.0,3912.0
2360,1760002474313938.0,65518152.0,3953.0
2361,1760002474330462.0,65535304.0,3946.0
2362,1760002474346884.0,65552496.0,3986.0
2363,1760002474363284.0,65569744.0,4053.0
2364,1760002474383495.0,65586992.0,4052.0
2365,1760002474399968.0,65604292.0,4099.0
2366,1760002474416484.0,65621656.0,4167.0
2367,1760002474432894.0,65639020.0,4168.0
2368,1760002474453096.0,65656376.0,4157.0
2369,1760002474469614.0,65673720.0,4147.0
2370,1760002474486137.0,65691056.0,4136.0
2371,1760002474502542.0,65708432.0,4173.0
2372,1760002474522679.0,65725792.0,4157.0
2373,1760002474539236.0,65743188.0,4194.0
2374,1760002474555781.0,65760640.0,4251.0
2375,1760002474572123.0,65778104.0,4257.0
2376,1760002474592391.0,65795820.0,4514.0
2377,1760002474613151.0,65818096.0,9044.0
2378,1760002474629371.0,65832372.0,1099.0
2379,1760002474641763.0,65846544.0,986.0
2380,1760002474654004.0,65860656.0,974.0
2381,1760002474670583.0,65874772.0,986.0
2382,1760002474682666.0,65888892.0,986.0
2383,1760002474699159.0,65902960.0,930.0
2384,1760002474711326.0,65916972.0,877.0
2385,1760002474727699.0,65930936.0,831.0
2386,1760002474740173.0,65944784.0,711.0
2387,1760002474752417.0,65958592.0,671.0
2388,1760002474768791.0,65972360.0,631.0
2389,1760002474780959.0,65985996.0,512.0
2390,1760002474793254.0,65999684.0,558.0
2391,1760002474809951.0,66013312.0,491.0
2392,1760002474821936.0,66026888.0,453.0
2393,1760002474834227.0,66040476.0,458.0
2394,1760002474850398.0,66054044.0,439.0
2395,1760002474862970.0,66067536.0,358.0
2396,1760002474875124.0,66081000.0,339.0
2397,1760002474891525.0,66094400.0,263.0
2398,1760002474903967.0,66107896.0,364.0
2399,1760002474916075.0,66121292.0,269.0
2400,1760002474928375.0,66134672.0,250.0
2401,1760002474944868.0,66148064.0,269.0
2402,1760002474957572.0,66161444.0,250.0
2403,1760002474969368.0,66174880.0,307.0
2404,1760002474985733.0,66188280.0,269.0
2405,1760002474998167.0,66201720.0,301.0
2406,1760002475010384.0,66215164.0,320.0
2407,1760002475022652.0,66228660.0,364.0
2408,1760002475039076.0,66242200.0,402.0
2409,1760002475051289.0,66255752.0,421.0
2410,1760002475063715.0,66269380.0,490.0
2411,1760002475079723.0,66283084.0,572.0
2412,1760002475092206.0,66296836.0,618.0
2413,1760002475104466.0,66310640.0,671.0
2414,1760002475121073.0,66324548.0,771.0
2415,1760002475133205.0,66338532.0,851.0
2416,1760002475149606.0,66352596.0,930.0
2417,1760002475161856.0,66366704.0,967.0
2418,1760002475178266.0,66380916.0,1074.0
2419,1760002475190542.0,66395244.0,1149.0
2420,1760002475206797.0,66409708.0,1280.0
2421,1760002475219204.0,66424312.0,1423.0
2422,1760002475235809.0,66439072.0,1576.0
2423,1760002475247907.0,66453928.0,1672.0
2424,1760002475264256.0,66468904.0,1786.0
2425,1760002475280699.0,66484048.0,1962.0
2426,1760002475297036.0,66499356.0,2125.0
2427,1760002475309336.0,66514736.0,2191.0
2428,1760002475325680.0,66530336.0,2408.0
2429,1760002475342108.0,66546056.0,2529.0
2430,1760002475358657.0,66561936.0,2687.0
2431,1760002475375028.0,66577996.0,2869.0
2432,1760002475391347.0,66594164.0,2978.0
2433,1760002475407719.0,66610524.0,3168.0
2434,1760002475424090.0,66626996.0,3276.0
2435,1760002475440624.0,66643620.0,3432.0
2436,1760002475456941.0,66660396.0,3581.0
2437,1760002475473186.0,66677308.0,3715.0
2438,1760002475489705.0,66694352.0,3846.0
2439,1760002475505943.0,66711544.0,4001.0
2440,1760002475526491.0,66728824.0,4079.0
2441,1760002475542820.0,66746224.0,4200.0
2442,1760002475559295.0,66763712.0,4284.0
2443,1760002475579333.0,66781280.0,4361.0
2444,1760002475596130.0,66798884.0,4404.0
2445,1760002475612440.0,66816584.0,4498.0
2446,1760002475628789.0,66834308.0,4525.0
2447,1760002475649401.0,66852076.0,4561.0
2448,1760002475665660.0,66869868.0,4593.0
2449,1760002475686049.0,66887660.0,4594.0
2450,1760002475702646.0,66905472.0,4604.0
2451,1760002475718937.0,66923280.0,4598.0
2452,1760002475739340.0,66941108.0,4623.0
2453,1760002475756026.0,66958948.0,4629.0
2454,1760002475772147.0,66976760.0,4608.0
2455,1760002475792628.0,66994592.0,4628.0
2456,1760002475809145.0,67012408.0,4614.0
2457,1760002475825517.0,67030252.0,4635.0
2458,1760002475845927.0,67048096.0,4645.0
2459,1760002475862258.0,67065948.0,4644.0
2460,1760002475878610.0,67083800.0,4650.0
2461,1760002475899143.0,67101640.0,4639.0
2462,1760002475915457.0,67119508.0,4661.0
2463,1760002475935921.0,67137388.0,4677.0
2464,1760002475952475.0,67155256.0,4659.0
2465,1760002475968766.0,67173128.0,4671.0
2466,1760002475989237.0,67191004.0,4671.0
2467,1760002476005656.0,67208912.0,4708.0
2468,1760002476022014.0,67226800.0,4680.0
2469,1760002476042502.0,67244692.0,4685.0
2470,1760002476058822.0,67262584.0,4686.0
2471,1760002476079022.0,67280500.0,4712.0
2472,1760002476095548.0,67298428.0,4724.0
2473,1760002476112060.0,67316356.0,4728.0
2474,1760002476132503.0,67334248.0,4687.0
2475,1760002476148955.0,67352164.0,4713.0
2476,1760002476165311.0,67370088.0,4718.0
2477,1760002476185923.0,67388032.0,4743.0
2478,1760002476202212.0,67405988.0,4749.0
2479,1760002476222663.0,67423948.0,4754.0
2480,1760002476239294.0,67441888.0,4733.0
2481,1760002476255465.0,67459832.0,4740.0
2482,1760002476275770.0,67477776.0,4738.0
2483,1760002476292349.0,67495724.0,4745.0
2484,1760002476312532.0,67513676.0,4743.0
2485,1760002476329341.0,67531652.0,4776.0
2486,1760002476345553.0,67549636.0,4775.0
2487,1760002476366138.0,67567604.0,4765.0
2488,1760002476382382.0,67585572.0,4759.0
2489,1760002476398769.0,67603520.0,4745.0
2490,1760002476419424.0,67621484.0,4765.0
2491,1760002476435691.0,67639460.0,4770.0
2492,1760002476456166.0,67657460.0,4796.0
2493,1760002476472495.0,67675468.0,4802.0
2494,1760002476488891.0,67693436.0,4766.0
2495,1760002476509513.0,67711428.0,4786.0
2496,1760002476525763.0,67729428.0,4792.0
2497,1760002476546277.0,67747412.0,4786.0
2498,1760002476562647.0,67765408.0,4791.0
2499,1760002476579122.0,67783416.0,4795.0
2500,1760002476599595.0,67801448.0,4822.0
2501,1760002476615808.0,67819484.0,4833.0
2502,1760002476636496.0,67837500.0,4806.0
2503,1760002476652757.0,67855512.0,4805.0
2504,1760002476669074.0,67873516.0,4807.0
2505,1760002476689780.0,67891528.0,4808.0
2506,1760002476705998.0,67909540.0,4813.0
2507,1760002476726488.0,67927560.0,4812.0
2508,1760002476742843.0,67945560.0,4791.0
2509,1760002476763233.0,67963552.0,4791.0
2510,1760002476779923.0,67981580.0,4817.0
2511,1760002476796083.0,67999604.0,4824.0
2512,1760002476816607.0,68017632.0,4822.0
2513,1760002476832894.0,68035656.0,4821.0
2514,1760002476853338.0,68053640.0,4786.0
2515,1760002476869988.0,68071632.0,4781.0
2516,1760002476886199.0,68089552.0,4719.0
2517,1760002476906569.0,68107432.0,4676.0
2518,1760002476922989.0,68125236.0,4598.0
2519,1760002476939443.0,68142928.0,4493.0
2520,1760002476959855.0,68160536.0,4404.0
2521,1760002476976454.0,68177992.0,4258.0
2522,1760002476992693.0,68195344.0,4153.0
2523,1760002477009054.0,68212564.0,4028.0
2524,1760002477029439.0,68229612.0,3848.0
2525,1760002477045798.0,68246512.0,3704.0
2526,1760002477062370.0,68263228.0,3518.0
2527,1760002477078567.0,68279728.0,3309.0
2528,1760002477094860.0,68296064.0,3139.0
2529,1760002477111482.0,68312196.0,2929.0
2530,1760002477127850.0,68328100.0,2717.0
2531,1760002477140126.0,68343784.0,2500.0
2532,1760002477156460.0,68359248.0,2267.0
2533,1760002477173119.0,68374572.0,2138.0
2534,1760002477189317.0,68389616.0,1856.0
2535,1760002477201585.0,68404472.0,1671.0
2536,1760002477218035.0,68419008.0,1355.0
2537,1760002477230233.0,68433308.0,1117.0
2538,1760002477246715.0,68447420.0,930.0
2539,1760002477258909.0,68461184.0,631.0
2540,1760002477271225.0,68474716.0,401.0
2541,1760002477287381.0,68488140.0,288.0
2542,1760002477299855.0,68501616.0,339.0
2543,1760002477312165.0,68515156.0,414.0
2544,1760002477328339.0,68528764.0,478.0
2545,1760002477340823.0,68542480.0,577.0
2546,1760002477353135.0,68556264.0,652.0
2547,1760002477369385.0,68570176.0,771.0
2548,1760002477381780.0,68584240.0,930.0
2549,1760002477398116.0,68598304.0,930.0
2550,1760002477414629.0,68615604.0,4143.0
2551,1760002477430899.0,68632988.0,4183.0
2552,1760002477447392.0,68650428.0,4241.0
2553,1760002477467774.0,68668044.0,4414.0
2554,1760002477484120.0,68685660.0,4413.0
2555,1760002477500551.0,68703672.0,4805.0
2556,1760002477521116.0,68721612.0,4739.0
2557,1760002477537370.0,68739296.0,4475.0
2558,1760002477557651.0,68757244.0,4745.0
2559,1760002477574416.0,68775200.0,4749.0
2560,1760002477590794.0,68793116.0,4713.0
2561,1760002477611191.0,68811124.0,4801.0
2562,1760002477627506.0,68829248.0,4906.0
2563,1760002477643907.0,68847196.0,4749.0
2564,1760002477664427.0,68865184.0,4776.0
2565,1760002477680693.0,68883212.0,4828.0
2566,1760002477701209.0,68901220.0,4802.0
2567,1760002477717619.0,68919252.0,4834.0
2568,1760002477737864.0,68937256.0,4801.0
2569,1760002477754476.0,68955288.0,4827.0
2570,1760002477770845.0,68973320.0,4828.0
2571,1760002477791370.0,68991328.0,4801.0
2572,1760002477807686.0,69009336.0,4807.0
2573,1760002477828138.0,69027340.0,4801.0
2574,1760002477844572.0,69045372.0,4827.0
2575,1760002477860916.0,69063400.0,4827.0
2576,1760002477881425.0,69081408.0,4802.0
2577,1760002477897810.0,69099392.0,4782.0
2578,1760002477918067.0,69117372.0,4776.0
2579,1760002477934869.0,69135332.0,4755.0
2580,1760002477951041.0,69153344.0,4801.0
2581,1760002477971482.0,69171324.0,4776.0
2582,1760002477987903.0,69189380.0,4853.0
2583,1760002478008338.0,69207364.0,4775.0
2584,1760002478024997.0,69225396.0,4833.0
2585,1760002478041197.0,69243404.0,4800.0
2586,1760002478061781.0,69261412.0,4801.0
2587,1760002478078036.0,69279516.0,4905.0
2588,1760002478098190.0,69297628.0,4902.0
2589,1760002478114865.0,69315644.0,4808.0
2590,1760002478131284.0,69333644.0,4801.0
2591,1760002478151839.0,69351652.0,4801.0
2592,1760002478168090.0,69369636.0,4782.0
2593,1760002478188615.0,69387644.0,4802.0
2594,1760002478204980.0,69405632.0,4781.0
2595,1760002478221344.0,69423640.0,4801.0
2596,1760002478241888.0,69441648.0,4801.0
2597,1760002478266440.0,69465292.0,10410.0
2598,1760002478291038.0,69492524.0,13925.0
2599,1760002478311503.0,69510636.0,4854.0
2600,1760002478327874.0,69528624.0,4781.0
2601,1760002478344221.0,69546600.0,4775.0
2602,1760002478364832.0,69564608.0,4801.0
2603,1760002478381081.0,69582568.0,4751.0
2604,1760002478401561.0,69600552.0,4775.0
2605,1760002478418261.0,69618560.0,4807.0
2606,1760002478434355.0,69636568.0,4801.0
2607,1760002478454848.0,69654580.0,4808.0
2608,1760002478471245.0,69672632.0,4854.0
2609,1760002478491762.0,69690640.0,4801.0
2610,1760002478508091.0,69708652.0,4808.0
2611,1760002478524445.0,69726588.0,4728.0
2612,1760002478544944.0,69745452.0,5651.0
2613,1760002478565279.0,69764240.0,5576.0
2614,1760002478581890.0,69782264.0,4826.0
2615,1760002478598264.0,69800248.0,4776.0
2616,1760002478618635.0,69818280.0,4834.0
2617,1760002478635147.0,69836312.0,4827.0
2618,1760002478655613.0,69854292.0,4775.0
2619,1760002478671888.0,69872348.0,4853.0
2620,1760002478688245.0,69890360.0,4805.0
2621,1760002478708925.0,69908292.0,4734.0
2622,1760002478725169.0,69926232.0,4729.0
2623,1760002478745590.0,69943960.0,4530.0
2624,1760002478761981.0,69961736.0,4565.0
2625,1760002478778579.0,69979184.0,4251.0
2626,1760002478794778.0,69996592.0,4205.0
2627,1760002478815270.0,70013832.0,4044.0
2628,1760002478831701.0,70030952.0,3920.0
2629,1760002478848010.0,70047984.0,3831.0
2630,1760002478864365.0,70064940.0,3754.0
2631,1760002478880777.0,70081840.0,3699.0
2632,1760002478897210.0,70098640.0,3606.0
2633,1760002478913579.0,70115384.0,3540.0
2634,1760002478933790.0,70132024.0,3443.0
2635,1760002478950384.0,70148692.0,3474.0
2636,1760002478966867.0,70165376.0,3490.0
2637,1760002478983209.0,70181920.0,3343.0
2638,1760002478999706.0,70198388.0,3271.0
2639,1760002479016061.0,70214848.0,3262.0
2640,1760002479032265.0,70231308.0,3261.0
2641,1760002479048732.0,70247724.0,3218.0
2642,1760002479065204.0,70264120.0,3198.0
2643,1760002479081338.0,70280524.0,3209.0
2644,1760002479097793.0,70296940.0,3218.0
2645,1760002479114196.0,70313324.0,3188.0
2646,1760002479130735.0,70329748.0,3228.0
2647,1760002479147283.0,70346192.0,3249.0
2648,1760002479163678.0,70362636.0,3248.0
2649,1760002479180062.0,70379104.0,3268.0
2650,1760002479196486.0,70395588.0,3292.0
2651,1760002479212504.0,70412072.0,3284.0
2652,1760002479228898.0,70428508.0,3239.0
2653,1760002479245253.0,70444888.0,3188.0
2654,1760002479261722.0,70461272.0,3189.0
2655,1760002479278058.0,70477656.0,3190.0
2656,1760002479294432.0,70494040.0,3189.0
2657,1760002479310794.0,70510376.0,3138.0
2658,1760002479327193.0,70526712.0,3139.0
2659,1760002479343639.0,70543072.0,3159.0
2660,1760002479359956.0,70559428.0,3159.0
2661,1760002479376345.0,70575780.0,3158.0
2662,1760002479392722.0,70592136.0,3157.0
2663,1760002479409095.0,70608508.0,3178.0
2664,1760002479425528.0,70624884.0,3178.0
2665,1760002479442198.0,70641256.0,3178.0
2666,1760002479458298.0,70657628.0,3178.0
2667,1760002479474632.0,70673972.0,3148.0
2668,1760002479490982.0,70688384.0,1230.0
2669,1760002479507281.0,70704728.0,3148.0
2670,1760002479523752.0,70721104.0,3179.0
2671,1760002479539995.0,70737480.0,3179.0
2672,1760002479552787.0,70751856.0,1192.0
2673,1760002479568989.0,70766376.0,1338.0
2674,1760002479585235.0,70782760.0,3188.0
2675,1760002479601645.0,70799144.0,3188.0
2676,1760002479617806.0,70815504.0,3168.0
2677,1760002479634353.0,70831900.0,3197.0
2678,1760002479650790.0,70848292.0,3198.0
2679,1760002479667174.0,70864688.0,3198.0
2680,1760002479683407.0,70881108.0,3228.0
2681,1760002479699799.0,70897476.0,3179.0
2682,1760002479716197.0,70913848.0,3177.0
2683,1760002479732612.0,70930272.0,3227.0
2684,1760002479749092.0,70946676.0,3208.0
2685,1760002479765517.0,70963104.0,3238.0
2686,1760002479781834.0,70979568.0,3267.0
2687,1760002479798314.0,70996036.0,3270.0
2688,1760002479814688.0,71012512.0,3278.0
2689,1760002479831033.0,71028980.0,3270.0
2690,1760002479847374.0,71045444.0,3269.0
2691,1760002479863984.0,71061932.0,3292.0
2692,1760002479880209.0,71078420.0,3292.0
2693,1760002479896811.0,71094904.0,3293.0
2694,1760002479913438.0,71111416.0,3317.0
2695,1760002479929304.0,71127988.0,3375.0
2696,1760002479945662.0,71144564.0,3377.0
2697,1760002479962026.0,71161172.0,3410.0
2698,1760002479978386.0,71176264.0,1902.0
2699,1760002479990726.0,71191316.0,1871.0
2700,1760002480007134.0,71206740.0,2232.0
2701,1760002480023565.0,71221800.0,1871.0
2702,1760002480039874.0,71238544.0,3548.0
2703,1760002480056220.0,71255372.0,3624.0
2704,1760002480072819.0,71270412.0,1847.0
2705,1760002480088678.0,71285540.0,1947.0
2706,1760002480101243.0,71300660.0,1932.0
2707,1760002480117657.0,71317584.0,3724.0
2708,1760002480138095.0,71334652.0,3871.0
2709,1760002480154613.0,71351632.0,3780.0
2710,1760002480166872.0,71366908.0,2084.0
2711,1760002480183221.0,71381412.0,1321.0
2712,1760002480195545.0,71395788.0,1192.0
2713,1760002480212137.0,71410128.0,1155.0
2714,1760002480224184.0,71424376.0,1061.0
2715,1760002480240636.0,71438604.0,1042.0
2716,1760002480252899.0,71452884.0,1098.0
2717,1760002480269432.0,71467148.0,1080.0
2718,1760002480281590.0,71481372.0,1042.0
2719,1760002480297940.0,71495496.0,949.0
2720,1760002480310185.0,71509564.0,930.0
2721,1760002480326629.0,71523636.0,930.0
2722,1760002480338884.0,71537712.0,936.0
2723,1760002480355100.0,71551692.0,851.0
2724,1760002480367550.0,71565684.0,851.0
2725,1760002480379819.0,71579592.0,777.0
2726,1760002480396343.0,71593504.0,771.0
2727,1760002480408500.0,71607372.0,731.0
2728,1760002480424789.0,71621176.0,671.0
2729,1760002480437410.0,71635008.0,691.0
2730,1760002480449468.0,71648736.0,592.0
2731,1760002480465845.0,71662488.0,618.0
2732,1760002480478265.0,71676140.0,512.0
2733,1760002480490423.0,71689832.0,552.0
2734,1760002480506638.0,71703380.0,421.0
2735,1760002480519287.0,71716932.0,414.0
2736,1760002480531315.0,71730460.0,396.0
2737,1760002480547638.0,71743992.0,402.0
2738,1760002480560302.0,71757504.0,383.0
2739,1760002480572332.0,71770996.0,364.0
2740,1760002480584620.0,71784480.0,345.0
2741,1760002480601073.0,71797876.0,263.0
2742,1760002480613280.0,71811308.0,301.0
2743,1760002480625532.0,71824712.0,263.0
2744,1760002480641771.0,71838108.0,269.0
2745,1760002480654420.0,71851512.0,269.0
2746,1760002480666519.0,71864916.0,269.0
2747,1760002480678812.0,71878312.0,269.0
2748,1760002480695228.0,71891716.0,269.0
2749,1760002480707722.0,71905120.0,269.0
2750,1760002480719760.0,71918520.0,269.0
2751,1760002480736050.0,71931928.0,269.0
2752,1760002480748380.0,71945320.0,263.0
2753,1760002480760732.0,71958716.0,263.0
2754,1760002480772985.0,71972116.0,263.0
2755,1760002480789396.0,71985492.0,250.0
2756,1760002480801855.0,71998908.0,288.0
2757,1760002480813968.0,72012352.0,307.0
2758,1760002480826204.0,72025808.0,326.0
2759,1760002480842759.0,72039324.0,383.0
2760,1760002480854945.0,72052816.0,358.0
2761,1760002480867203.0,72066420.0,472.0
2762,1760002480883530.0,72080052.0,496.0
2763,1760002480895902.0,72093676.0,496.0
2764,1760002480908198.0,72107400.0,591.0
2765,1760002480924442.0,72121192.0,657.0
2766,1760002480936838.0,72135040.0,711.0
2767,1760002480953193.0,72149012.0,837.0
2768,1760002480965519.0,72162996.0,851.0
2769,1760002480977764.0,72177064.0,930.0
2770,1760002480994356.0,72191208.0,1005.0
2771,1760002481006516.0,72205432.0,1043.0
2772,1760002481023014.0,72219820.0,1204.0
2773,1760002481035148.0,72234228.0,1223.0
2774,1760002481051741.0,72248768.0,1356.0
2775,1760002481067849.0,72263440.0,1491.0
2776,1760002481080225.0,72278200.0,1569.0
2777,1760002481096405.0,72293092.0,1703.0
2778,1760002481108828.0,72308152.0,1872.0
2779,1760002481125205.0,72323380.0,2039.0
2780,1760002481141881.0,72338728.0,2165.0
2781,1760002481158119.0,72354176.0,2259.0
2782,1760002481174261.0,72369808.0,2435.0
2783,1760002481186696.0,72385572.0,2571.0
2784,1760002481203078.0,72401552.0,2787.0
2785,1760002481219452.0,72417656.0,2909.0
2786,1760002481235829.0,72433964.0,3108.0
2787,1760002481252282.0,72450416.0,3258.0
2788,1760002481268626.0,72466996.0,3383.0
2789,1760002481284949.0,72483772.0,3581.0
2790,1760002481305435.0,72500720.0,3748.0
2791,1760002481321937.0,72517844.0,3922.0
2792,1760002481338335.0,72535108.0,4063.0
2793,1760002481354631.0,72552516.0,4204.0
2794,1760002481374978.0,72570052.0,4339.0
2795,1760002481391593.0,72587772.0,4514.0
2796,1760002481407839.0,72605600.0,4629.0
2797,1760002481428253.0,72623508.0,4702.0
2798,1760002481444859.0,72641416.0,4708.0
2799,1760002481461118.0,72659348.0,4728.0
2800,1760002481481425.0,72677308.0,4755.0
2801,1760002481498044.0,72695264.0,4750.0
2802,1760002481518315.0,72713228.0,4756.0
2803,1760002481534859.0,72731180.0,4750.0
2804,1760002481551180.0,72749140.0,4749.0
2805,1760002481571677.0,72767120.0,4776.0
2806,1760002481588043.0,72785100.0,4775.0
2807,1760002481604416.0,72803064.0,4755.0
2808,1760002481625097.0,72821020.0,4749.0
2809,1760002481641347.0,72838976.0,4756.0
2810,1760002481661795.0,72856932.0,4750.0
2811,1760002481678189.0,72874892.0,4755.0
2812,1760002481694624.0,72892804.0,4702.0
2813,1760002481715088.0,72910764.0,4756.0
2814,1760002481731511.0,72928700.0,4725.0
2815,1760002481751834.0,72946636.0,4734.0
2816,1760002481768264.0,72964592.0,4749.0
2817,1760002481784725.0,72982600.0,4801.0
2818,1760002481805196.0,73000624.0,4828.0
2819,1760002481821518.0,73018608.0,4775.0
2820,1760002481841965.0,73036548.0,4734.0
2821,1760002481858600.0,73054504.0,4750.0
2822,1760002481874788.0,73072464.0,4755.0
2823,1760002481895287.0,73090404.0,4728.0
2824,1760002481911837.0,73108340.0,4733.0
2825,1760002481928035.0,73126324.0,4775.0
2826,1760002481948598.0,73144260.0,4734.0
2827,1760002481964837.0,73162216.0,4750.0
2828,1760002481985357.0,73180184.0,4755.0
2829,1760002482001725.0,73198136.0,4749.0
2830,1760002482018133.0,73216096.0,4749.0
2831,1760002482038529.0,73234120.0,4827.0
2832,1760002482055008.0,73252104.0,4774.0
2833,1760002482075282.0,73270040.0,4733.0
2834,1760002482091918.0,73287996.0,4749.0
2835,1760002482108265.0,73305936.0,4734.0
2836,1760002482128821.0,73323844.0,4702.0
2837,1760002482145091.0,73341752.0,4707.0
2838,1760002482165289.0,73359684.0,4723.0
2839,1760002482181955.0,73377596.0,4708.0
2840,1760002482198382.0,73395584.0,4775.0
2841,1760002482218866.0,73413572.0,4781.0
2842,1760002482235247.0,73431480.0,4702.0
2843,1760002482251626.0,73449440.0,4755.0
2844,1760002482272155.0,73467376.0,4728.0
2845,1760002482288430.0,73485340.0,4756.0
2846,1760002482308806.0,73503248.0,4703.0
2847,1760002482325327.0,73521188.0,4730.0
2848,1760002482341708.0,73539092.0,4702.0
2849,1760002482362273.0,73557032.0,4730.0
2850,1760002482378517.0,73574960.0,4728.0
2851,1760002482398947.0,73592896.0,4724.0
2852,1760002482415399.0,73610804.0,4703.0
2853,1760002482431829.0,73628716.0,4704.0
2854,1760002482452250.0,73646596.0,4676.0
2855,1760002482468639.0,73664504.0,4704.0
2856,1760002482485036.0,73682388.0,4676.0
2857,1760002482505696.0,73700300.0,4708.0
2858,1760002482521922.0,73718232.0,4723.0
2859,1760002482542288.0,73736116.0,4682.0
2860,1760002482558813.0,73754020.0,4702.0
2861,1760002482575119.0,73771904.0,4681.0
2862,1760002482595575.0,73789784.0,4675.0
2863,1760002482612278.0,73807692.0,4707.0
2864,1760002482628384.0,73825600.0,4700.0
2865,1760002482648761.0,73843484.0,4682.0
2866,1760002482665227.0,73861368.0,4676.0
2867,1760002482685628.0,73879252.0,4682.0
2868,1760002482702247.0,73897132.0,4675.0
2869,1760002482718444.0,73915040.0,4702.0
2870,1760002482738996.0,73932972.0,4728.0
2871,1760002482755401.0,73950880.0,4702.0
2872,1760002482771722.0,73968764.0,4676.0
2873,1760002482792078.0,73986692.0,4727.0
2874,1760002482808736.0,74004604.0,4702.0
2875,1760002482828856.0,74022532.0,4728.0
2876,1760002482845663.0,74040540.0,4801.0
2877,1760002482861826.0,74058524.0,4782.0
2878,1760002482882315.0,74076484.0,4754.0
2879,1760002482898692.0,74094420.0,4734.0
2880,1760002482919088.0,74112352.0,4727.0
2881,1760002482935707.0,74130184.0,4629.0
2882,1760002482951965.0,74147764.0,4378.0
2883,1760002482968289.0,74165064.0,4099.0
2884,1760002482988821.0,74182100.0,3838.0
2885,1760002483004985.0,74198880.0,3580.0
2886,1760002483021574.0,74215384.0,3310.0
2887,1760002483037926.0,74231620.0,3039.0
2888,1760002483054271.0,74247584.0,2763.0
2889,1760002483066674.0,74263292.0,2523.0
2890,1760002483083020.0,74278696.0,2219.0
2891,1760002483099216.0,74293848.0,1962.0
2892,1760002483115565.0,74308740.0,1704.0
2893,1760002483128069.0,74323324.0,1400.0
2894,1760002483144431.0,74337668.0,1155.0
2895,1760002483156728.0,74351788.0,930.0
2896,1760002483168961.0,74365532.0,611.0
2897,1760002483185519.0,74379068.0,402.0
2898,1760002483197766.0,74392484.0,288.0
2899,1760002483210024.0,74405980.0,358.0
2900,1760002483226283.0,74419548.0,434.0
2901,1760002483238782.0,74433136.0,458.0
2902,1760002483251043.0,74446804.0,537.0
2903,1760002483267148.0,74460428.0,491.0
2904,1760002483279735.0,74474080.0,518.0
2905,1760002483291929.0,74487792.0,578.0
2906,1760002483308239.0,74501420.0,491.0
2907,1760002483320733.0,74515092.0,537.0
2908,1760002483332849.0,74529160.0,930.0
2909,1760002483349355.0,74543284.0,986.0
2910,1760002483361652.0,74557348.0,930.0
2911,1760002483378037.0,74571080.0,592.0
2912,1760002483390484.0,74584792.0,577.0
2913,1760002483402463.0,74598464.0,533.0
2914,1760002483418760.0,74612188.0,591.0
2915,1760002483431149.0,74625812.0,496.0
2916,1760002483443409.0,74639516.0,571.0
2917,1760002483459779.0,74653140.0,490.0
2918,1760002483472103.0,74666752.0,478.0
2919,1760002483484363.0,74680404.0,511.0
2920,1760002483504944.0,74698344.0,4785.0
2921,1760002483529425.0,74725524.0,13921.0
2922,1760002483558079.0,74752784.0,13951.0
2923,1760002483586911.0,74780020.0,13921.0
2924,1760002483603180.0,74798184.0,4906.0
2925,1760002483623552.0,74816216.0,4828.0
2926,1760002483640189.0,74834224.0,4802.0
2927,1760002483656441.0,74852260.0,4834.0
2928,1760002483676931.0,74870348.0,4880.0
2929,1760002483693307.0,74888388.0,4833.0
2930,1760002483718049.0,74911884.0,10259.0
2931,1760002483734242.0,74930008.0,4864.0
2932,1760002483758799.0,74953508.0,10264.0
2933,1760002483783301.0,74977092.0,10290.0
2934,1760002483811830.0,75004324.0,13919.0
2935,1760002483832582.0,75027908.0,10291.0
2936,1760002483853088.0,75046076.0,4906.0
2937,1760002483877559.0,75069732.0,10411.0
2938,1760002483898081.0,75093316.0,10291.0
2939,1760002483918602.0,75111416.0,4838.0
2940,1760002483939018.0,75134972.0,10316.0
2941,1760002483959624.0,75153040.0,4806.0
2942,1760002483988134.0,75180224.0,13921.0
2943,1760002484004610.0,75198368.0,4887.0
2944,1760002484021072.0,75216452.0,4880.0
2945,1760002484041288.0,75234412.0,4754.0
2946,1760002484057742.0,75252372.0,4754.0
2947,1760002484078051.0,75270332.0,4754.0
2948,1760002484094595.0,75288264.0,4727.0
2949,1760002484111019.0,75306276.0,4802.0
2950,1760002484131384.0,75324236.0,4760.0
2951,1760002484156061.0,75347948.0,10469.0
2952,1760002484172670.0,75366016.0,4807.0
2953,1760002484196903.0,75389548.0,10291.0
2954,1760002484213542.0,75407688.0,4880.0
2955,1760002484233666.0,75425648.0,4760.0
2956,1760002484250497.0,75443632.0,4780.0
2957,1760002484274880.0,75467188.0,10315.0
2958,1760002484299420.0,75494396.0,13902.0
2959,1760002484319990.0,75512436.0,4779.0
2960,1760002484344461.0,75539620.0,13918.0
2961,1760002484365052.0,75557764.0,4886.0
2962,1760002484389550.0,75581220.0,10216.0
2963,1760002484410010.0,75604852.0,10342.0
2964,1760002484438981.0,75632060.0,13895.0
2965,1760002484455426.0,75650128.0,4806.0
2966,1760002484475551.0,75668132.0,4806.0
2967,1760002484491938.0,75686144.0,4806.0
2968,1760002484516663.0,75709568.0,10189.0
2969,1760002484532916.0,75727712.0,4879.0
2970,1760002484553546.0,75745796.0,4880.0
2971,1760002484569776.0,75763880.0,4880.0
2972,1760002484590161.0,75781892.0,4802.0
2973,1760002484606655.0,75799904.0,4806.0
2974,1760002484622953.0,75817736.0,4629.0
2975,1760002484643586.0,75835820.0,4880.0
2976,1760002484659863.0,75853808.0,4786.0
2977,1760002484680312.0,75871696.0,4675.0
2978,1760002484696971.0,75889632.0,4734.0
2979,1760002484713125.0,75907688.0,4853.0
2980,1760002484733634.0,75925752.0,4854.0
2981,1760002484758163.0,75952916.0,13904.0
2982,1760002484778789.0,75971004.0,4827.0
2983,1760002484795042.0,75989068.0,4854.0
2984,1760002484815511.0,76007124.0,4854.0
2985,1760002484831872.0,76025184.0,4854.0
2986,1760002484848227.0,76043244.0,4859.0
2987,1760002484868709.0,76061256.0,4805.0
2988,1760002484885105.0,76079216.0,4754.0
2989,1760002484905659.0,76097200.0,4780.0
2990,1760002484921954.0,76115160.0,4753.0
2991,1760002484946737.0,76138484.0,10094.0
2992,1760002484962943.0,76156548.0,4801.0
2993,1760002484983321.0,76174508.0,4754.0
2994,1760002485008025.0,76201672.0,13898.0
2995,1760002485028481.0,76219708.0,4779.0
2996,1760002485044870.0,76239184.0,6257.0
2997,1760002485073541.0,76266340.0,13903.0
2998,1760002485089911.0,76284408.0,4805.0
2999,1760002485110279.0,76302464.0,4853.0
3000,1760002485126793.0,76320472.0,4804.0
3001,1760002485147367.0,76338536.0,4854.0
3002,1760002485163669.0,76356568.0,4834.0
3003,1760002485179950.0,76374528.0,4753.0
3004,1760002485200536.0,76392492.0,4759.0
3005,1760002485225016.0,76415892.0,10164.0
3006,1760002485245589.0,76439520.0,10342.0
3007,1760002485270127.0,76463028.0,10216.0
3008,1760002485294827.0,76486512.0,10191.0
3009,1760002485311137.0,76504656.0,4880.0
3010,1760002485331412.0,76522688.0,4827.0
3011,1760002485347935.0,76542116.0,6207.0
3012,1760002485368377.0,76560100.0,4778.0
3013,1760002485384797.0,76578060.0,4754.0
3014,1760002485405165.0,76596092.0,4834.0
3015,1760002485421704.0,76614132.0,4828.0
3016,1760002485438025.0,76632144.0,4802.0
3017,1760002485458618.0,76650072.0,4728.0
3018,1760002485474955.0,76668136.0,4853.0
3019,1760002485495243.0,76686176.0,4834.0
3020,1760002485511787.0,76704184.0,4802.0
3021,1760002485528151.0,76722224.0,4834.0
3022,1760002485548593.0,76740284.0,4854.0
3023,1760002485577071.0,76767444.0,13898.0
3024,1760002485593648.0,76785508.0,4808.0
3025,1760002485610096.0,76803572.0,4853.0
3026,1760002485630658.0,76821608.0,4828.0
3027,1760002485646950.0,76839608.0,4802.0
3028,1760002485667170.0,76857568.0,4754.0
3029,1760002485683782.0,76875576.0,4808.0
3030,1760002485700192.0,76893536.0,4754.0
3031,1760002485720657.0,76911544.0,4808.0
3032,1760002485737046.0,76929556.0,4802.0
3033,1760002485757244.0,76947520.0,4756.0
3034,1760002485773913.0,76965472.0,4754.0
3035,1760002485790312.0,76983432.0,4753.0
3036,1760002485810594.0,77001364.0,4728.0
3037,1760002485827153.0,77019348.0,4775.0
3038,1760002485843520.0,77037308.0,4760.0
3039,1760002485863998.0,77055268.0,4754.0
3040,1760002485880385.0,77073276.0,4808.0
3041,1760002485900869.0,77091264.0,4781.0
3042,1760002485917228.0,77109304.0,4833.0
3043,1760002485933675.0,77127260.0,4755.0
3044,1760002485954135.0,77145296.0,4826.0
3045,1760002485970554.0,77163336.0,4833.0
3046,1760002485990857.0,77181296.0,4754.0
3047,1760002486007388.0,77199400.0,4886.0
3048,1760002486023733.0,77217404.0,4802.0
3049,1760002486044151.0,77235416.0,4802.0
3050,1760002486060643.0,77253400.0,4782.0
