,Computer Time (microseconds),Arduino Time (seconds),pulseTime (microseconds)
0,1760001176391271.0,17736232.0,13918.0
1,1760001176391601.0,17763456.0,13917.0
2,1760001176391823.0,17790692.0,13920.0
3,1760001176392143.0,17817904.0,13895.0
4,1760001176392354.0,17845132.0,13923.0
5,1760001176392536.0,17872364.0,13918.0
6,1760001176392710.0,17899596.0,13921.0
7,1760001176392888.0,17926828.0,13921.0
8,1760001176393064.0,17954056.0,13920.0
9,1760001176393322.0,17981288.0,13926.0
10,1760001176393512.0,18008524.0,13921.0
11,1760001176393685.0,18035760.0,13924.0
12,1760001176393858.0,18062988.0,13917.0
13,1760001176394030.0,18090216.0,13918.0
14,1760001176394204.0,18117456.0,13928.0
15,1760001176394378.0,18144684.0,13921.0
16,1760001176394547.0,18171920.0,13924.0
17,1760001176394719.0,18199124.0,13896.0
18,1760001176394897.0,18226356.0,13917.0
19,1760001176395073.0,18253588.0,13924.0
20,1760001176395245.0,18280816.0,13918.0
21,1760001176395418.0,18308044.0,13923.0
22,1760001176395596.0,18335276.0,13918.0
23,1760001176395783.0,18362508.0,13918.0
24,1760001176395964.0,18389716.0,13895.0
25,1760001176396144.0,18416948.0,13919.0
26,1760001176396320.0,18444156.0,13902.0
27,1760001176396494.0,18471392.0,13922.0
28,1760001176396666.0,18498624.0,13918.0
29,1760001176396840.0,18525852.0,13922.0
30,1760001176397115.0,18553088.0,13921.0
31,1760001176397299.0,18580320.0,13925.0
32,1760001176397472.0,18607552.0,13919.0
33,1760001176397647.0,18634792.0,13928.0
34,1760001176397819.0,18662020.0,13919.0
35,1760001176398031.0,18689252.0,13919.0
36,1760001176398217.0,18716484.0,13924.0
37,1760001176398392.0,18743716.0,13919.0
38,1760001176398564.0,18770920.0,13900.0
39,1760001176398738.0,18798152.0,13919.0
40,1760001176398919.0,18825384.0,13918.0
41,1760001176399096.0,18852596.0,13903.0
42,1760001176399271.0,18879824.0,13918.0
43,1760001176399446.0,18907064.0,13924.0
44,1760001176399626.0,18934276.0,13897.0
45,1760001176399808.0,18961508.0,13917.0
46,1760001176399983.0,18988736.0,13919.0
47,1760001176400158.0,19015968.0,13919.0
48,1760001176400332.0,19043176.0,13902.0
49,1760001176400503.0,19070384.0,13896.0
50,1760001176400682.0,19097596.0,13902.0
51,1760001176400855.0,19124808.0,13895.0
52,1760001176401028.0,19152040.0,13919.0
53,1760001176401202.0,19179248.0,13900.0
54,1760001176401376.0,19206456.0,13894.0
55,1760001176401557.0,19233684.0,13926.0
56,1760001176401819.0,19260892.0,13895.0
57,1760001176402017.0,19288108.0,13903.0
58,1760001176402198.0,19315304.0,13894.0
59,1760001176402372.0,19342536.0,13919.0
60,1760001176402560.0,19369764.0,13924.0
61,1760001176402737.0,19396996.0,13919.0
62,1760001176402923.0,19424232.0,13923.0
63,1760001176403125.0,19451464.0,13920.0
64,1760001176403307.0,19478696.0,13919.0
65,1760001176403489.0,19505928.0,13928.0
66,1760001176403673.0,19533160.0,13918.0
67,1760001176403849.0,19560396.0,13928.0
68,1760001176404027.0,19587628.0,13918.0
69,1760001176404233.0,19614864.0,13921.0
70,1760001176404412.0,19642096.0,13921.0
71,1760001176404646.0,19669328.0,13922.0
72,1760001176404945.0,19696568.0,13927.0
73,1760001176405138.0,19723800.0,13918.0
74,1760001176405311.0,19751036.0,13922.0
75,1760001176405483.0,19778272.0,13922.0
76,1760001176405658.0,19805504.0,13919.0
77,1760001176405932.0,19832740.0,13925.0
78,1760001176406117.0,19859976.0,13922.0
79,1760001176406288.0,19887208.0,13919.0
80,1760001176406480.0,19914428.0,13918.0
81,1760001176406872.0,19941660.0,13917.0
82,1760001176407078.0,19968896.0,13923.0
83,1760001176407293.0,19996120.0,13918.0
84,1760001176407477.0,20023360.0,13922.0
85,1760001176407648.0,20050588.0,13922.0
86,1760001176407822.0,20077820.0,13917.0
87,1760001176407993.0,20105052.0,13926.0
88,1760001176408163.0,20132284.0,13921.0
89,1760001176408332.0,20159524.0,13927.0
90,1760001176408506.0,20186752.0,13919.0
91,1760001176408683.0,20213988.0,13920.0
92,1760001176408853.0,20241220.0,13925.0
93,1760001176409027.0,20268456.0,13920.0
94,1760001176409199.0,20295696.0,13927.0
95,1760001176409370.0,20322928.0,13921.0
96,1760001176409544.0,20350160.0,13921.0
97,1760001176409715.0,20377396.0,13925.0
98,1760001176409888.0,20404632.0,13918.0
99,1760001176410067.0,20431864.0,13925.0
100,1760001176410245.0,20459096.0,13918.0
101,1760001176410423.0,20486328.0,13916.0
102,1760001176410600.0,20513556.0,13927.0
103,1760001176410776.0,20540788.0,13919.0
104,1760001176410955.0,20568020.0,13925.0
105,1760001176411138.0,20595248.0,13918.0
106,1760001176411313.0,20622476.0,13918.0
107,1760001176411486.0,20649708.0,13919.0
108,1760001176411656.0,20676936.0,13920.0
109,1760001176411833.0,20704148.0,13901.0
110,1760001176412005.0,20731356.0,13896.0
111,1760001176412176.0,20758592.0,13918.0
112,1760001176412349.0,20785816.0,13918.0
113,1760001176412522.0,20813048.0,13918.0
114,1760001176412690.0,20831672.0,5367.0
115,1760001176412871.0,20858848.0,13923.0
116,1760001176413050.0,20886080.0,13917.0
117,1760001176413244.0,20913312.0,13918.0
118,1760001176413434.0,20940544.0,13923.0
119,1760001176413612.0,20967776.0,13919.0
120,1760001176413793.0,20995008.0,13924.0
121,1760001176413972.0,21022240.0,13919.0
122,1760001176414147.0,21049468.0,13918.0
123,1760001176414326.0,21076700.0,13920.0
124,1760001176414547.0,21103932.0,13919.0
125,1760001176415139.0,21131176.0,13925.0
126,1760001176415391.0,21158408.0,13919.0
127,1760001176415572.0,21185636.0,13922.0
128,1760001176415745.0,21212864.0,13918.0
129,1760001176415920.0,21240096.0,13919.0
130,1760001176416095.0,21267332.0,13928.0
131,1760001176416264.0,21294564.0,13917.0
132,1760001176416432.0,21321796.0,13919.0
133,1760001176416600.0,21349020.0,13920.0
134,1760001176416768.0,21376256.0,13921.0
135,1760001176416936.0,21403484.0,13928.0
136,1760001176417104.0,21430716.0,13920.0
137,1760001176417271.0,21457960.0,13928.0
138,1760001176417438.0,21485184.0,13918.0
139,1760001176417606.0,21512416.0,13919.0
140,1760001176417773.0,21539644.0,13924.0
141,1760001176417941.0,21566880.0,13922.0
142,1760001176418108.0,21594108.0,13924.0
143,1760001176418274.0,21621344.0,13923.0
144,1760001176418440.0,21648580.0,13923.0
145,1760001176418612.0,21675812.0,13928.0
146,1760001176418781.0,21703048.0,13922.0
147,1760001176418951.0,21730280.0,13924.0
148,1760001176419122.0,21757488.0,13894.0
149,1760001176419300.0,21784696.0,13896.0
150,1760001176419537.0,21811928.0,13919.0
151,1760001176419762.0,21839156.0,13920.0
152,1760001176419936.0,21866388.0,13925.0
153,1760001176420108.0,21893616.0,13918.0
154,1760001176420339.0,21920848.0,13922.0
155,1760001176420693.0,21948076.0,13923.0
156,1760001176421096.0,21975308.0,13919.0
157,1760001176421279.0,22002544.0,13928.0
158,1760001176421450.0,22029776.0,13918.0
159,1760001176421630.0,22057012.0,13924.0
160,1760001176421808.0,22084240.0,13918.0
161,1760001176421976.0,22111472.0,13918.0
162,1760001176422145.0,22138700.0,13924.0
163,1760001176422315.0,22165932.0,13919.0
164,1760001176422486.0,22193172.0,13925.0
165,1760001176422658.0,22220396.0,13921.0
166,1760001176422825.0,22247632.0,13919.0
167,1760001176422991.0,22274864.0,13925.0
168,1760001176423158.0,22302100.0,13924.0
169,1760001176423324.0,22329332.0,13926.0
170,1760001176423492.0,22356564.0,13919.0
171,1760001176423660.0,22383796.0,13921.0
172,1760001176423826.0,22411036.0,13928.0
173,1760001176423998.0,22438272.0,13919.0
174,1760001176424163.0,22465504.0,13925.0
175,1760001176424332.0,22492736.0,13919.0
176,1760001176424497.0,22519948.0,13895.0
177,1760001176424665.0,22547184.0,13922.0
178,1760001176424830.0,22574420.0,13923.0
179,1760001176424999.0,22601660.0,13927.0
180,1760001176425170.0,22628888.0,13920.0
181,1760001176425337.0,22656124.0,13919.0
182,1760001176425503.0,22683352.0,13920.0
183,1760001176425668.0,22710588.0,13920.0
184,1760001176425834.0,22737820.0,13926.0
185,1760001176426001.0,22765028.0,13897.0
186,1760001176426168.0,22792244.0,13902.0
187,1760001176426335.0,22819472.0,13919.0
188,1760001176426500.0,22846704.0,13922.0
189,1760001176426666.0,22873936.0,13925.0
190,1760001176426833.0,22901144.0,13896.0
191,1760001176427000.0,22928380.0,13926.0
192,1760001176427166.0,22955612.0,13919.0
193,1760001176427331.0,22982844.0,13920.0
194,1760001176427495.0,23010076.0,13925.0
195,1760001176427661.0,23037312.0,13920.0
196,1760001176427829.0,23064548.0,13926.0
197,1760001176427996.0,23091776.0,13920.0
198,1760001176428162.0,23119008.0,13918.0
199,1760001176428329.0,23146244.0,13928.0
200,1760001176428553.0,23173448.0,13897.0
201,1760001176428743.0,23200688.0,13926.0
202,1760001176428923.0,23227892.0,13897.0
203,1760001176429094.0,23255124.0,13918.0
204,1760001176429263.0,23282356.0,13923.0
205,1760001176429433.0,23309588.0,13919.0
206,1760001176429612.0,23336804.0,13905.0
207,1760001176429787.0,23364012.0,13898.0
208,1760001176429965.0,23391256.0,13929.0
209,1760001176430336.0,23418484.0,13920.0
210,1760001176430579.0,23445696.0,13898.0
211,1760001176430764.0,23472908.0,13903.0
212,1760001176430933.0,23500144.0,13923.0
213,1760001176431103.0,23527380.0,13930.0
214,1760001176431272.0,23554620.0,13923.0
215,1760001176431480.0,23581828.0,13898.0
216,1760001176431669.0,23609040.0,13897.0
217,1760001176431840.0,23636276.0,13924.0
218,1760001176432007.0,23663508.0,13927.0
219,1760001176432175.0,23690740.0,13920.0
220,1760001176432342.0,23717976.0,13923.0
221,1760001176432510.0,23745208.0,13923.0
222,1760001176432677.0,23772420.0,13897.0
223,1760001176432844.0,23799656.0,13928.0
224,1760001176433010.0,23826896.0,13924.0
225,1760001176433176.0,23854112.0,13903.0
226,1760001176433342.0,23881312.0,13897.0
227,1760001176433512.0,23908520.0,13898.0
228,1760001176433678.0,23935756.0,13926.0
229,1760001176433845.0,23962996.0,13921.0
230,1760001176434022.0,23990232.0,13928.0
231,1760001176434188.0,24017472.0,13923.0
232,1760001176434358.0,24044704.0,13923.0
233,1760001176434531.0,24071936.0,13928.0
234,1760001176434699.0,24099168.0,13920.0
235,1760001176434866.0,24126380.0,13904.0
236,1760001176435033.0,24153592.0,13896.0
237,1760001176435203.0,24180804.0,13899.0
238,1760001176435370.0,24208008.0,13898.0
239,1760001176435536.0,24235220.0,13898.0
240,1760001176435703.0,24262428.0,13902.0
241,1760001176435881.0,24289640.0,13897.0
242,1760001176436055.0,24316872.0,13928.0
243,1760001176436224.0,24344084.0,13896.0
244,1760001176436398.0,24371292.0,13898.0
245,1760001176436603.0,24398496.0,13898.0
246,1760001176436891.0,24425704.0,13895.0
247,1760001176437215.0,24452916.0,13903.0
248,1760001176437513.0,24480152.0,13921.0
249,1760001176437802.0,24507380.0,13927.0
250,1760001176438167.0,24534588.0,13898.0
251,1760001176438664.0,24561804.0,13897.0
252,1760001176439104.0,24589012.0,13896.0
253,1760001176439392.0,24616244.0,13920.0
254,1760001176439575.0,24643456.0,13904.0
255,1760001176439853.0,24670660.0,13897.0
256,1760001176440036.0,24697876.0,13904.0
257,1760001176440256.0,24725084.0,13898.0
258,1760001176440436.0,24752296.0,13898.0
259,1760001176440610.0,24779504.0,13904.0
260,1760001176440779.0,24806716.0,13897.0
261,1760001176440948.0,24833924.0,13902.0
262,1760001176441121.0,24861136.0,13897.0
263,1760001176441291.0,24888380.0,13929.0
264,1760001176441461.0,24915608.0,13920.0
265,1760001176441630.0,24942840.0,13921.0
266,1760001176441799.0,24970052.0,13905.0
267,1760001176441969.0,24997284.0,13920.0
268,1760001176442137.0,25024524.0,13926.0
269,1760001176442307.0,25051728.0,13898.0
270,1760001176442476.0,25078936.0,13896.0
271,1760001176442645.0,25106148.0,13904.0
272,1760001176442815.0,25133380.0,13921.0
273,1760001176442983.0,25160600.0,13903.0
274,1760001176443151.0,25187836.0,13920.0
275,1760001176443318.0,25215048.0,13898.0
276,1760001176443485.0,25242252.0,13895.0
277,1760001176443654.0,25269464.0,13895.0
278,1760001176443820.0,25296700.0,13926.0
279,1760001176443988.0,25323912.0,13898.0
280,1760001176444156.0,25351148.0,13926.0
281,1760001176444322.0,25378384.0,13920.0
282,1760001176444490.0,25405596.0,13898.0
283,1760001176444660.0,25432808.0,13904.0
284,1760001176444830.0,25460040.0,13920.0
285,1760001176445000.0,25487256.0,13905.0
286,1760001176445236.0,25514492.0,13920.0
287,1760001176445408.0,25541728.0,13920.0
288,1760001176445585.0,25568960.0,13921.0
289,1760001176445754.0,25596196.0,13920.0
290,1760001176445922.0,25623408.0,13904.0
291,1760001176446094.0,25650620.0,13898.0
292,1760001176446265.0,25677836.0,13904.0
293,1760001176446452.0,25705064.0,13920.0
294,1760001176446626.0,25732272.0,13896.0
295,1760001176446804.0,25759484.0,13904.0
296,1760001176446981.0,25786696.0,13898.0
297,1760001176447158.0,25813912.0,13903.0
298,1760001176447353.0,25841120.0,13898.0
299,1760001176447824.0,25868336.0,13904.0
300,1760001176448100.0,25895540.0,13896.0
301,1760001176448275.0,25922748.0,13898.0
302,1760001176448444.0,25949956.0,13903.0
303,1760001176448617.0,25977168.0,13897.0
304,1760001176448790.0,26004384.0,13903.0
305,1760001176448957.0,26031596.0,13897.0
306,1760001176449125.0,26058808.0,13902.0
307,1760001176449294.0,26086016.0,13899.0
308,1760001176449462.0,26113224.0,13896.0
309,1760001176449637.0,26140432.0,13904.0
310,1760001176449805.0,26167644.0,13898.0
311,1760001176449973.0,26194884.0,13927.0
312,1760001176450140.0,26222120.0,13921.0
313,1760001176450310.0,26249328.0,13898.0
314,1760001176450476.0,26276556.0,13921.0
315,1760001176450644.0,26303760.0,13897.0
316,1760001176450812.0,26330992.0,13926.0
317,1760001176450982.0,26358228.0,13921.0
318,1760001176451150.0,26385444.0,13905.0
319,1760001176451320.0,26412652.0,13896.0
320,1760001176451486.0,26439880.0,13921.0
321,1760001176451653.0,26467116.0,13927.0
322,1760001176451820.0,26494328.0,13898.0
323,1760001176451986.0,26521540.0,13905.0
324,1760001176452157.0,26548752.0,13895.0
325,1760001176452325.0,26575964.0,13897.0
326,1760001176452492.0,26603192.0,13923.0
327,1760001176452671.0,26630428.0,13922.0
328,1760001176452856.0,26657640.0,13904.0
329,1760001176453037.0,26684876.0,13923.0
330,1760001176453214.0,26712092.0,13904.0
331,1760001176453389.0,26739316.0,13920.0
332,1760001176453564.0,26766528.0,13897.0
333,1760001176453788.0,26793740.0,13904.0
334,1760001176454230.0,26820952.0,13898.0
335,1760001176454648.0,26848168.0,13904.0
336,1760001176455012.0,26875380.0,13899.0
337,1760001176455192.0,26902592.0,13899.0
338,1760001176455443.0,26929792.0,13898.0
339,1760001176455630.0,26957004.0,13899.0
340,1760001176455801.0,26984236.0,13930.0
341,1760001176455968.0,27011472.0,13921.0
342,1760001176456142.0,27038708.0,13930.0
343,1760001176456312.0,27065944.0,13923.0
344,1760001176456495.0,27093180.0,13922.0
345,1760001176456670.0,27120392.0,13905.0
346,1760001176456846.0,27147604.0,13897.0
347,1760001176457016.0,27174848.0,13929.0
348,1760001176457187.0,27202080.0,13920.0
349,1760001176457374.0,27229292.0,13897.0
350,1760001176457585.0,27256524.0,13924.0
351,1760001176457810.0,27283756.0,13924.0
352,1760001176457997.0,27310992.0,13928.0
353,1760001176458179.0,27338200.0,13897.0
354,1760001176458368.0,27365416.0,13903.0
355,1760001176458542.0,27392620.0,13897.0
356,1760001176458724.0,27419828.0,13897.0
357,1760001176458901.0,27447060.0,13927.0
358,1760001176459071.0,27474296.0,13923.0
359,1760001176459249.0,27501528.0,13927.0
360,1760001176459423.0,27528764.0,13922.0
361,1760001176459600.0,27555992.0,13922.0
362,1760001176459769.0,27583228.0,13929.0
363,1760001176459942.0,27610460.0,13923.0
364,1760001176460118.0,27637700.0,13931.0
365,1760001176460291.0,27664936.0,13923.0
366,1760001176460460.0,27692164.0,13919.0
367,1760001176460636.0,27719404.0,13923.0
368,1760001176460810.0,27746636.0,13920.0
369,1760001176461092.0,27773876.0,13926.0
370,1760001176461295.0,27801116.0,13924.0
371,1760001176461471.0,27828352.0,13923.0
372,1760001176461646.0,27855596.0,13925.0
373,1760001176461937.0,27882824.0,13921.0
374,1760001176462301.0,27910068.0,13929.0
375,1760001176462539.0,27937304.0,13924.0
376,1760001176462813.0,27964540.0,13920.0
377,1760001176463009.0,27991776.0,13921.0
378,1760001176463285.0,28019012.0,13923.0
379,1760001176463752.0,28046252.0,13927.0
380,1760001176463936.0,28073488.0,13920.0
381,1760001176464160.0,28100724.0,13925.0
382,1760001176464373.0,28127956.0,13920.0
383,1760001176464565.0,28155196.0,13923.0
384,1760001176464744.0,28182428.0,13926.0
385,1760001176464915.0,28209640.0,13898.0
386,1760001176465087.0,28236876.0,13923.0
387,1760001176465322.0,28264080.0,13898.0
388,1760001176465529.0,28291312.0,13920.0
389,1760001176465707.0,28318524.0,13905.0
390,1760001176465876.0,28345760.0,13924.0
391,1760001176466048.0,28372972.0,13905.0
392,1760001176466215.0,28400208.0,13920.0
393,1760001176466389.0,28427440.0,13923.0
394,1760001176466565.0,28454680.0,13931.0
395,1760001176466740.0,28481916.0,13924.0
396,1760001176466913.0,28509152.0,13931.0
397,1760001176467088.0,28536388.0,13925.0
398,1760001176467257.0,28563624.0,13923.0
399,1760001176467425.0,28590860.0,13927.0
400,1760001176467605.0,28618096.0,13922.0
401,1760001176467784.0,28645328.0,13928.0
402,1760001176467958.0,28672568.0,13923.0
403,1760001176468132.0,28699800.0,13923.0
404,1760001176468304.0,28727036.0,13930.0
405,1760001176468484.0,28754276.0,13923.0
406,1760001176468654.0,28781516.0,13930.0
407,1760001176468826.0,28808752.0,13923.0
408,1760001176469050.0,28835988.0,13924.0
409,1760001176469229.0,28863224.0,13930.0
410,1760001176469412.0,28890460.0,13922.0
411,1760001176469583.0,28917696.0,13929.0
412,1760001176469756.0,28944932.0,13923.0
413,1760001176469927.0,28972164.0,13921.0
414,1760001176470108.0,28999400.0,13924.0
415,1760001176470286.0,29026636.0,13920.0
416,1760001176470467.0,29053880.0,13930.0
417,1760001176470643.0,29081116.0,13922.0
418,1760001176470822.0,29108324.0,13897.0
419,1760001176471051.0,29135532.0,13899.0
420,1760001176471498.0,29162740.0,13897.0
421,1760001176471747.0,29189980.0,13931.0
422,1760001176471938.0,29217212.0,13920.0
423,1760001176472110.0,29244452.0,13928.0
424,1760001176472313.0,29271684.0,13923.0
425,1760001176472538.0,29298920.0,13923.0
426,1760001176472713.0,29326132.0,13904.0
427,1760001176472882.0,29353344.0,13899.0
428,1760001176473055.0,29380584.0,13930.0
429,1760001176473232.0,29407820.0,13923.0
430,1760001176473406.0,29435052.0,13920.0
431,1760001176473576.0,29462264.0,13904.0
432,1760001176473747.0,29489500.0,13923.0
433,1760001176473922.0,29516740.0,13929.0
434,1760001176474137.0,29543980.0,13924.0
435,1760001176474334.0,29571216.0,13925.0
436,1760001176474507.0,29598456.0,13929.0
437,1760001176474681.0,29625692.0,13924.0
438,1760001176474864.0,29652932.0,13930.0
439,1760001176475035.0,29680168.0,13923.0
440,1760001176475210.0,29707404.0,13924.0
441,1760001176475390.0,29734616.0,13898.0
442,1760001176475566.0,29761852.0,13925.0
443,1760001176475735.0,29789088.0,13931.0
444,1760001176475956.0,29816320.0,13921.0
445,1760001176476143.0,29843532.0,13899.0
446,1760001176476312.0,29870760.0,13923.0
447,1760001176476484.0,29897996.0,13922.0
448,1760001176476652.0,29925232.0,13928.0
449,1760001176476824.0,29952468.0,13923.0
450,1760001176476996.0,29979712.0,13929.0
451,1760001176477165.0,30006944.0,13923.0
452,1760001176477336.0,30034184.0,13925.0
453,1760001176477505.0,30061420.0,13930.0
454,1760001176477675.0,30088656.0,13925.0
455,1760001176477885.0,30115900.0,13932.0
456,1760001176478080.0,30143132.0,13924.0
457,1760001176478256.0,30170364.0,13921.0
458,1760001176478479.0,30197572.0,13904.0
459,1760001176478667.0,30224816.0,13925.0
460,1760001176478872.0,30252060.0,13930.0
461,1760001176479041.0,30279292.0,13922.0
462,1760001176479208.0,30306504.0,13897.0
463,1760001176479380.0,30333740.0,13929.0
464,1760001176479547.0,30360952.0,13900.0
465,1760001176479735.0,30388188.0,13929.0
466,1760001176479903.0,30415428.0,13924.0
467,1760001176480080.0,30442668.0,13926.0
468,1760001176480255.0,30469908.0,13931.0
469,1760001176480434.0,30497144.0,13924.0
470,1760001176480611.0,30524384.0,13931.0
471,1760001176480790.0,30551624.0,13924.0
472,1760001176480965.0,30578856.0,13922.0
473,1760001176481369.0,30606096.0,13928.0
474,1760001176481647.0,30633308.0,13899.0
475,1760001176481839.0,30660548.0,13928.0
476,1760001176482007.0,30687780.0,13921.0
477,1760001176482177.0,30715020.0,13924.0
478,1760001176482350.0,30742260.0,13927.0
479,1760001176482518.0,30769500.0,13925.0
480,1760001176482690.0,30796740.0,13930.0
481,1760001176482861.0,30823972.0,13922.0
482,1760001176483028.0,30851180.0,13898.0
483,1760001176483200.0,30878392.0,13899.0
484,1760001176483367.0,30905632.0,13924.0
485,1760001176483535.0,30932868.0,13929.0
486,1760001176483701.0,30960104.0,13924.0
487,1760001176483873.0,30987340.0,13924.0
488,1760001176484039.0,31014572.0,13923.0
489,1760001176484213.0,31041808.0,13924.0
490,1760001176484385.0,31069044.0,13928.0
491,1760001176484557.0,31096280.0,13924.0
492,1760001176484725.0,31123520.0,13927.0
493,1760001176484897.0,31150752.0,13924.0
494,1760001176485065.0,31177988.0,13924.0
495,1760001176485238.0,31205220.0,13928.0
496,1760001176485406.0,31232460.0,13922.0
497,1760001176485579.0,31259696.0,13930.0
498,1760001176485750.0,31286928.0,13923.0
499,1760001176485922.0,31314168.0,13925.0
500,1760001176486103.0,31341412.0,13930.0
501,1760001176486278.0,31368648.0,13923.0
502,1760001176486592.0,31395888.0,13930.0
503,1760001176487226.0,31423120.0,13922.0
504,1760001176487554.0,31450356.0,13925.0
505,1760001176487867.0,31477600.0,13933.0
506,1760001176488322.0,31504832.0,13922.0
507,1760001176488613.0,31532076.0,13932.0
508,1760001176488916.0,31559312.0,13926.0
509,1760001176489123.0,31586548.0,13925.0
510,1760001176489421.0,31613788.0,13930.0
511,1760001176489721.0,31641028.0,13925.0
512,1760001176489956.0,31668276.0,13932.0
513,1760001176490141.0,31695512.0,13925.0
514,1760001176490313.0,31722748.0,13925.0
515,1760001176490492.0,31749984.0,13929.0
516,1760001176490669.0,31777224.0,13925.0
517,1760001176490839.0,31804468.0,13931.0
518,1760001176491008.0,31831704.0,13926.0
519,1760001176491181.0,31858944.0,13925.0
520,1760001176491355.0,31886184.0,13930.0
521,1760001176491540.0,31913424.0,13924.0
522,1760001176491709.0,31940668.0,13930.0
523,1760001176491882.0,31967900.0,13924.0
524,1760001176492050.0,31995140.0,13924.0
525,1760001176492221.0,32022384.0,13930.0
526,1760001176492389.0,32049624.0,13925.0
527,1760001176492561.0,32076864.0,13931.0
528,1760001176492732.0,32104092.0,13924.0
529,1760001176492901.0,32131328.0,13921.0
530,1760001176493069.0,32158568.0,13931.0
531,1760001176493238.0,32185804.0,13922.0
532,1760001176493414.0,32213040.0,13929.0
533,1760001176493585.0,32240276.0,13926.0
534,1760001176493757.0,32267512.0,13923.0
535,1760001176493927.0,32294748.0,13930.0
536,1760001176494099.0,32321984.0,13925.0
537,1760001176494274.0,32349232.0,13931.0
538,1760001176494443.0,32376460.0,13923.0
539,1760001176494609.0,32403696.0,13924.0
540,1760001176494781.0,32430936.0,13933.0
541,1760001176494957.0,32458176.0,13926.0
542,1760001176495194.0,32485420.0,13933.0
543,1760001176495378.0,32512652.0,13922.0
544,1760001176495551.0,32539888.0,13923.0
545,1760001176495730.0,32567124.0,13931.0
546,1760001176495908.0,32594360.0,13922.0
547,1760001176496083.0,32621604.0,13930.0
548,1760001176496259.0,32648832.0,13922.0
549,1760001176496449.0,32676072.0,13926.0
550,1760001176496795.0,32703312.0,13931.0
551,1760001176497125.0,32730552.0,13924.0
552,1760001176497305.0,32757796.0,13930.0
553,1760001176497481.0,32785028.0,13923.0
554,1760001176497652.0,32812260.0,13923.0
555,1760001176497825.0,32839492.0,13930.0
556,1760001176497999.0,32866732.0,13925.0
557,1760001176498174.0,32893968.0,13929.0
558,1760001176498345.0,32921196.0,13924.0
559,1760001176498513.0,32948432.0,13924.0
560,1760001176498686.0,32975668.0,13929.0
561,1760001176498935.0,33002900.0,13923.0
562,1760001176499116.0,33030136.0,13930.0
563,1760001176499285.0,33057376.0,13928.0
564,1760001176499454.0,33084612.0,13923.0
565,1760001176499627.0,33111848.0,13929.0
566,1760001176499801.0,33139088.0,13927.0
567,1760001176499970.0,33166324.0,13929.0
568,1760001176500142.0,33193560.0,13923.0
569,1760001176500311.0,33220796.0,13923.0
570,1760001176500478.0,33248036.0,13933.0
571,1760001176500655.0,33275276.0,13926.0
572,1760001176500823.0,33302512.0,13931.0
573,1760001176500994.0,33329748.0,13923.0
574,1760001176501167.0,33356988.0,13927.0
575,1760001176501339.0,33384228.0,13930.0
576,1760001176501513.0,33411456.0,13922.0
577,1760001176501718.0,33438688.0,13928.0
578,1760001176502026.0,33465928.0,13926.0
579,1760001176502299.0,33493160.0,13926.0
580,1760001176502514.0,33520396.0,13930.0
581,1760001176502729.0,33547636.0,13926.0
582,1760001176502913.0,33574872.0,13929.0
583,1760001176503151.0,33602112.0,13924.0
584,1760001176503378.0,33629344.0,13924.0
585,1760001176503790.0,33656580.0,13930.0
586,1760001176504223.0,33683820.0,13927.0
587,1760001176504403.0,33711060.0,13933.0
588,1760001176504576.0,33738296.0,13923.0
589,1760001176504751.0,33765536.0,13925.0
590,1760001176504918.0,33792776.0,13931.0
591,1760001176505133.0,33820008.0,13925.0
592,1760001176505320.0,33847248.0,13931.0
593,1760001176505499.0,33874488.0,13926.0
594,1760001176505676.0,33901720.0,13922.0
595,1760001176505847.0,33928960.0,13931.0
596,1760001176506023.0,33956200.0,13926.0
597,1760001176506193.0,33983436.0,13933.0
598,1760001176506365.0,34010672.0,13926.0
599,1760001176506534.0,34037908.0,13925.0
600,1760001176506712.0,34065144.0,13929.0
601,1760001176506883.0,34092380.0,13922.0
602,1760001176507054.0,34119620.0,13931.0
603,1760001176507223.0,34146860.0,13926.0
604,1760001176507396.0,34174100.0,13926.0
605,1760001176507564.0,34201336.0,13929.0
606,1760001176507743.0,34228576.0,13925.0
607,1760001176507915.0,34255816.0,13931.0
608,1760001176508088.0,34283056.0,13928.0
609,1760001176508258.0,34310292.0,13924.0
610,1760001176508432.0,34337528.0,13931.0
611,1760001176508602.0,34364764.0,13924.0
612,1760001176508780.0,34392004.0,13932.0
613,1760001176508950.0,34419244.0,13926.0
614,1760001176509122.0,34446480.0,13925.0
615,1760001176509291.0,34473720.0,13933.0
616,1760001176509465.0,34500956.0,13924.0
617,1760001176509636.0,34528196.0,13932.0
618,1760001176509809.0,34555436.0,13927.0
619,1760001176509979.0,34582672.0,13926.0
620,1760001176510150.0,34609908.0,13927.0
621,1760001176510319.0,34637144.0,13923.0
622,1760001176510496.0,34664388.0,13929.0
623,1760001176510665.0,34691624.0,13923.0
624,1760001176510837.0,34718864.0,13925.0
625,1760001176511007.0,34746104.0,13929.0
626,1760001176511190.0,34773340.0,13924.0
627,1760001176511366.0,34800584.0,13933.0
628,1760001176511540.0,34827820.0,13922.0
629,1760001176511779.0,34855056.0,13922.0
630,1760001176511963.0,34882296.0,13931.0
631,1760001176512135.0,34909532.0,13922.0
632,1760001176512313.0,34936772.0,13929.0
633,1760001176512483.0,34964012.0,13924.0
634,1760001176512656.0,34991248.0,13925.0
635,1760001176512826.0,35018488.0,13928.0
636,1760001176513001.0,35045728.0,13927.0
637,1760001176513327.0,35072964.0,13930.0
638,1760001176513572.0,35100200.0,13923.0
639,1760001176513752.0,35127436.0,13922.0
640,1760001176513927.0,35154672.0,13925.0
641,1760001176514099.0,35181912.0,13927.0
642,1760001176514272.0,35209160.0,13932.0
643,1760001176514446.0,35236396.0,13923.0
644,1760001176514611.0,35263628.0,13922.0
645,1760001176514785.0,35290864.0,13923.0
646,1760001176514954.0,35318100.0,13925.0
647,1760001176515129.0,35345344.0,13931.0
648,1760001176515296.0,35372580.0,13923.0
649,1760001176515468.0,35399820.0,13924.0
650,1760001176515635.0,35427056.0,13924.0
651,1760001176515804.0,35454292.0,13923.0
652,1760001176515993.0,35481536.0,13929.0
653,1760001176516162.0,35508772.0,13922.0
654,1760001176516334.0,35536012.0,13922.0
655,1760001176516574.0,35563248.0,13926.0
656,1760001176516759.0,35590484.0,13924.0
657,1760001176516933.0,35617728.0,13930.0
658,1760001176517102.0,35644968.0,13926.0
659,1760001176517274.0,35672204.0,13924.0
660,1760001176517442.0,35699436.0,13922.0
661,1760001176517614.0,35726672.0,13923.0
662,1760001176517781.0,35753916.0,13931.0
663,1760001176517953.0,35781152.0,13923.0
664,1760001176518120.0,35808388.0,13923.0
665,1760001176518290.0,35835628.0,13927.0
666,1760001176518459.0,35862864.0,13923.0
667,1760001176518629.0,35890108.0,13931.0
668,1760001176518802.0,35917344.0,13923.0
669,1760001176518973.0,35944580.0,13925.0
670,1760001176519141.0,35971816.0,13924.0
671,1760001176519312.0,35999056.0,13924.0
672,1760001176519480.0,36026296.0,13929.0
673,1760001176519666.0,36053536.0,13922.0
674,1760001176519835.0,36080772.0,13923.0
675,1760001176520010.0,36108008.0,13923.0
676,1760001176520182.0,36135244.0,13922.0
677,1760001176520406.0,36162488.0,13929.0
678,1760001176520683.0,36189728.0,13925.0
679,1760001176521044.0,36216964.0,13925.0
680,1760001176521321.0,36244200.0,13922.0
681,1760001176521610.0,36271440.0,13925.0
682,1760001176521802.0,36298684.0,13931.0
683,1760001176522030.0,36325924.0,13925.0
684,1760001176522238.0,36353160.0,13923.0
685,1760001176522412.0,36380396.0,13924.0
686,1760001176522587.0,36407636.0,13926.0
687,1760001176522763.0,36434876.0,13928.0
688,1760001176522939.0,36462112.0,13923.0
689,1760001176523116.0,36489348.0,13925.0
690,1760001176523337.0,36516584.0,13923.0
691,1760001176523582.0,36543820.0,13923.0
692,1760001176523757.0,36571064.0,13927.0
693,1760001176523932.0,36598300.0,13923.0
694,1760001176524111.0,36625536.0,13926.0
695,1760001176524282.0,36652776.0,13923.0
696,1760001176524456.0,36680016.0,13922.0
697,1760001176524628.0,36707260.0,13930.0
698,1760001176524810.0,36734496.0,13923.0
699,1760001176524981.0,36761732.0,13924.0
700,1760001176525150.0,36788972.0,13923.0
701,1760001176525322.0,36816208.0,13924.0
702,1760001176525496.0,36843452.0,13930.0
703,1760001176525677.0,36870688.0,13923.0
704,1760001176525851.0,36897892.0,13897.0
705,1760001176526020.0,36925096.0,13897.0
706,1760001176526195.0,36952304.0,13897.0
707,1760001176526365.0,36979516.0,13904.0
708,1760001176526542.0,37006728.0,13898.0
709,1760001176526717.0,37033968.0,13930.0
710,1760001176526886.0,37061204.0,13924.0
711,1760001176527054.0,37088436.0,13922.0
712,1760001176527226.0,37115648.0,13905.0
713,1760001176527400.0,37142884.0,13925.0
714,1760001176527573.0,37170116.0,13928.0
715,1760001176527742.0,37197356.0,13925.0
716,1760001176527909.0,37224588.0,13920.0
717,1760001176528080.0,37251820.0,13922.0
718,1760001176528251.0,37279036.0,13898.0
719,1760001176528484.0,37306272.0,13928.0
720,1760001176528668.0,37333484.0,13897.0
721,1760001176528839.0,37360700.0,13903.0
722,1760001176529009.0,37387928.0,13923.0
723,1760001176529178.0,37415164.0,13923.0
724,1760001176529357.0,37442400.0,13930.0
725,1760001176529523.0,37469632.0,13922.0
726,1760001176529699.0,37496876.0,13930.0
727,1760001176529870.0,37524104.0,13924.0
728,1760001176530272.0,37551340.0,13922.0
729,1760001176530456.0,37578572.0,13928.0
730,1760001176530623.0,37605812.0,13924.0
731,1760001176530796.0,37633052.0,13929.0
732,1760001176530970.0,37660288.0,13924.0
733,1760001176531138.0,37687528.0,13925.0
734,1760001176531315.0,37714764.0,13929.0
735,1760001176531485.0,37741996.0,13921.0
736,1760001176531656.0,37769240.0,13927.0
737,1760001176531823.0,37796444.0,13898.0
738,1760001176531993.0,37823684.0,13925.0
739,1760001176532170.0,37850920.0,13929.0
740,1760001176532337.0,37878156.0,13921.0
741,1760001176532508.0,37905392.0,13926.0
742,1760001176532676.0,37932632.0,13924.0
743,1760001176532845.0,37959868.0,13922.0
744,1760001176533022.0,37987080.0,13904.0
745,1760001176533191.0,38014288.0,13898.0
746,1760001176533363.0,38041528.0,13928.0
747,1760001176533536.0,38068768.0,13924.0
748,1760001176533706.0,38096008.0,13922.0
749,1760001176533881.0,38123216.0,13898.0
750,1760001176534055.0,38150452.0,13921.0
751,1760001176534225.0,38177688.0,13928.0
752,1760001176534390.0,38204928.0,13925.0
753,1760001176534560.0,38232164.0,13924.0
754,1760001176534739.0,38259400.0,13924.0
755,1760001176534907.0,38286636.0,13921.0
756,1760001176535073.0,38313872.0,13929.0
757,1760001176535244.0,38341108.0,13923.0
758,1760001176535411.0,38368340.0,13922.0
759,1760001176535584.0,38395572.0,13925.0
760,1760001176535761.0,38422812.0,13923.0
761,1760001176535952.0,38450020.0,13903.0
762,1760001176536132.0,38477260.0,13923.0
763,1760001176536303.0,38504500.0,13925.0
764,1760001176536522.0,38531728.0,13923.0
765,1760001176536815.0,38558936.0,13897.0
766,1760001176537155.0,38586176.0,13928.0
767,1760001176537401.0,38613412.0,13924.0
768,1760001176537711.0,38640652.0,13929.0
769,1760001176537980.0,38667860.0,13898.0
770,1760001176538692.0,38695092.0,13919.0
771,1760001176539151.0,38722304.0,13904.0
772,1760001176539394.0,38749540.0,13920.0
773,1760001176539698.0,38776772.0,13926.0
774,1760001176539885.0,38804012.0,13923.0
775,1760001176540068.0,38831248.0,13924.0
776,1760001176540239.0,38858484.0,13925.0
777,1760001176540411.0,38885696.0,13897.0
778,1760001176540585.0,38912904.0,13904.0
779,1760001176540754.0,38940116.0,13897.0
780,1760001176540924.0,38967356.0,13928.0
781,1760001176541098.0,38994588.0,13923.0
782,1760001176541270.0,39021824.0,13923.0
783,1760001176541444.0,39049036.0,13905.0
784,1760001176541674.0,39076272.0,13923.0
785,1760001176541850.0,39103480.0,13903.0
786,1760001176542019.0,39130720.0,13924.0
787,1760001176542190.0,39157960.0,13924.0
788,1760001176542358.0,39185204.0,13930.0
789,1760001176542526.0,39212416.0,13897.0
790,1760001176542700.0,39239652.0,13929.0
791,1760001176542869.0,39266892.0,13923.0
792,1760001176543038.0,39294100.0,13897.0
793,1760001176543207.0,39321312.0,13903.0
794,1760001176543374.0,39348552.0,13923.0
795,1760001176543546.0,39375796.0,13931.0
796,1760001176543715.0,39403004.0,13898.0
797,1760001176543883.0,39430216.0,13896.0
798,1760001176544051.0,39457448.0,13924.0
799,1760001176544222.0,39484680.0,13921.0
800,1760001176544396.0,39511892.0,13904.0
801,1760001176544568.0,39539100.0,13898.0
802,1760001176544739.0,39566348.0,13930.0
803,1760001176544913.0,39593580.0,13923.0
804,1760001176545146.0,39620788.0,13898.0
805,1760001176545332.0,39648028.0,13926.0
806,1760001176545507.0,39675260.0,13920.0
807,1760001176545685.0,39702476.0,13904.0
808,1760001176545859.0,39729684.0,13896.0
809,1760001176546041.0,39756916.0,13921.0
810,1760001176546230.0,39784128.0,13899.0
811,1760001176546421.0,39811364.0,13920.0
812,1760001176546599.0,39838600.0,13927.0
813,1760001176546777.0,39857060.0,5201.0
814,1760001176547185.0,39875560.0,5295.0
815,1760001176547374.0,39902744.0,13922.0
816,1760001176547545.0,39929976.0,13920.0
817,1760001176547715.0,39957188.0,13898.0
818,1760001176547886.0,39984404.0,13898.0
819,1760001176548107.0,40011636.0,13926.0
820,1760001176548296.0,40038848.0,13899.0
821,1760001176548474.0,40066088.0,13925.0
822,1760001176548643.0,40093320.0,13924.0
823,1760001176548810.0,40120532.0,13897.0
824,1760001176548978.0,40147768.0,13926.0
825,1760001176549149.0,40175000.0,13920.0
826,1760001176549358.0,40193292.0,5028.0
827,1760001176549536.0,40211644.0,5148.0
828,1760001176549725.0,40238824.0,13919.0
829,1760001176549896.0,40266060.0,13921.0
830,1760001176550064.0,40293296.0,13926.0
831,1760001176550238.0,40320508.0,13896.0
832,1760001176550406.0,40347744.0,13923.0
833,1760001176550590.0,40365952.0,4952.0
834,1760001176550756.0,40384036.0,4875.0
835,1760001176550920.0,40402236.0,4995.0
836,1760001176551101.0,40429420.0,13930.0
837,1760001176551272.0,40456656.0,13924.0
838,1760001176551435.0,40474896.0,4980.0
839,1760001176551599.0,40493064.0,4958.0
840,1760001176551761.0,40511236.0,4974.0
841,1760001176551930.0,40529344.0,4900.0
842,1760001176552099.0,40556532.0,13930.0
843,1760001176552269.0,40583768.0,13923.0
844,1760001176552448.0,40611004.0,13923.0
845,1760001176552649.0,40638248.0,13932.0
846,1760001176552845.0,40665484.0,13922.0
847,1760001176553025.0,40683648.0,4902.0
848,1760001176553203.0,40701796.0,4949.0
849,1760001176553372.0,40719932.0,4923.0
850,1760001176553546.0,40747116.0,13922.0
851,1760001176553867.0,40774332.0,13898.0
852,1760001176554282.0,40801540.0,13896.0
853,1760001176554557.0,40828752.0,13905.0
854,1760001176554926.0,40855992.0,13922.0
855,1760001176555199.0,40883204.0,13901.0
856,1760001176555396.0,40910408.0,13896.0
857,1760001176555566.0,40937620.0,13898.0
858,1760001176555734.0,40964828.0,13902.0
859,1760001176555901.0,40992032.0,13896.0
860,1760001176556069.0,41019236.0,13903.0
861,1760001176556267.0,41046444.0,13897.0
862,1760001176556438.0,41073656.0,13904.0
863,1760001176556604.0,41100868.0,13898.0
864,1760001176556771.0,41128080.0,13898.0
865,1760001176556937.0,41155312.0,13923.0
866,1760001176557109.0,41182524.0,13898.0
867,1760001176557277.0,41209760.0,13928.0
868,1760001176557445.0,41236972.0,13898.0
869,1760001176557612.0,41264188.0,13904.0
870,1760001176557777.0,41291392.0,13898.0
871,1760001176557945.0,41318604.0,13897.0
872,1760001176558116.0,41345816.0,13904.0
873,1760001176558282.0,41373024.0,13897.0
874,1760001176558449.0,41400236.0,13904.0
875,1760001176558615.0,41427448.0,13899.0
876,1760001176558783.0,41454660.0,13898.0
877,1760001176558953.0,41481864.0,13899.0
878,1760001176559120.0,41509076.0,13897.0
879,1760001176559286.0,41536284.0,13904.0
880,1760001176559453.0,41563496.0,13899.0
881,1760001176559619.0,41590708.0,13906.0
882,1760001176559789.0,41617940.0,13922.0
883,1760001176559956.0,41645176.0,13922.0
884,1760001176560122.0,41672388.0,13898.0
885,1760001176560289.0,41699600.0,13898.0
886,1760001176560456.0,41726808.0,13904.0
887,1760001176560626.0,41754020.0,13897.0
888,1760001176560792.0,41781228.0,13902.0
889,1760001176560960.0,41808436.0,13897.0
890,1760001176561127.0,41835648.0,13899.0
891,1760001176561293.0,41862856.0,13897.0
892,1760001176561574.0,41890068.0,13899.0
893,1760001176561816.0,41917276.0,13904.0
894,1760001176561993.0,41944516.0,13921.0
895,1760001176562163.0,41971736.0,13905.0
896,1760001176562330.0,41998964.0,13922.0
897,1760001176562501.0,42026176.0,13900.0
898,1760001176562670.0,42053412.0,13928.0
899,1760001176562840.0,42080616.0,13895.0
900,1760001176563016.0,42107828.0,13904.0
901,1760001176563241.0,42135044.0,13900.0
902,1760001176563629.0,42162256.0,13899.0
903,1760001176563809.0,42189460.0,13899.0
904,1760001176564020.0,42216692.0,13922.0
905,1760001176564195.0,42243904.0,13905.0
906,1760001176564361.0,42271116.0,13896.0
907,1760001176564531.0,42298324.0,13902.0
908,1760001176564698.0,42325532.0,13898.0
909,1760001176564863.0,42352744.0,13899.0
910,1760001176565028.0,42379952.0,13899.0
911,1760001176565192.0,42407164.0,13899.0
912,1760001176565357.0,42434376.0,13904.0
913,1760001176565525.0,42461608.0,13920.0
914,1760001176565689.0,42488820.0,13903.0
915,1760001176565853.0,42516056.0,13922.0
916,1760001176566019.0,42543292.0,13920.0
917,1760001176566188.0,42570504.0,13903.0
918,1760001176566358.0,42597716.0,13898.0
919,1760001176566525.0,42624936.0,13905.0
920,1760001176566692.0,42652140.0,13898.0
921,1760001176566857.0,42679356.0,13904.0
922,1760001176567023.0,42706564.0,13898.0
923,1760001176567193.0,42733776.0,13899.0
924,1760001176567358.0,42760988.0,13902.0
925,1760001176567524.0,42788192.0,13897.0
926,1760001176567691.0,42815400.0,13904.0
927,1760001176567858.0,42842616.0,13899.0
928,1760001176568027.0,42869828.0,13898.0
929,1760001176568192.0,42897032.0,13899.0
930,1760001176568357.0,42924264.0,13920.0
931,1760001176568523.0,42951476.0,13903.0
932,1760001176568690.0,42978692.0,13898.0
933,1760001176568859.0,43005928.0,13929.0
934,1760001176569029.0,43033164.0,13924.0
935,1760001176569220.0,43060376.0,13899.0
936,1760001176569390.0,43087612.0,13927.0
937,1760001176569561.0,43114848.0,13925.0
938,1760001176569737.0,43142084.0,13930.0
939,1760001176569911.0,43169324.0,13924.0
940,1760001176570086.0,43196560.0,13923.0
941,1760001176570327.0,43223796.0,13926.0
942,1760001176570778.0,43251032.0,13923.0
943,1760001176571173.0,43278276.0,13929.0
944,1760001176571433.0,43305480.0,13897.0
945,1760001176571610.0,43332716.0,13922.0
946,1760001176571787.0,43359952.0,13921.0
947,1760001176571960.0,43387188.0,13925.0
948,1760001176572132.0,43414428.0,13931.0
949,1760001176572303.0,43441664.0,13923.0
950,1760001176572471.0,43468896.0,13922.0
951,1760001176572638.0,43496120.0,13921.0
952,1760001176572807.0,43523356.0,13924.0
953,1760001176572974.0,43550596.0,13930.0
954,1760001176573144.0,43577832.0,13925.0
955,1760001176573313.0,43605064.0,13922.0
956,1760001176573481.0,43632296.0,13922.0
957,1760001176573649.0,43659532.0,13924.0
958,1760001176573817.0,43686768.0,13931.0
959,1760001176573988.0,43714000.0,13921.0
960,1760001176574155.0,43741244.0,13929.0
961,1760001176574322.0,43768476.0,13923.0
962,1760001176574489.0,43795712.0,13923.0
963,1760001176574656.0,43822948.0,13928.0
964,1760001176574827.0,43850188.0,13925.0
965,1760001176574995.0,43877432.0,13930.0
966,1760001176575161.0,43904664.0,13924.0
967,1760001176575328.0,43931896.0,13922.0
968,1760001176575498.0,43959136.0,13932.0
969,1760001176575668.0,43986368.0,13923.0
970,1760001176575836.0,44013612.0,13929.0
971,1760001176576004.0,44040844.0,13923.0
972,1760001176576169.0,44068080.0,13923.0
973,1760001176576347.0,44095316.0,13931.0
974,1760001176576517.0,44122552.0,13923.0
975,1760001176576688.0,44149792.0,13930.0
976,1760001176576855.0,44177028.0,13924.0
977,1760001176577024.0,44204264.0,13923.0
978,1760001176577191.0,44231500.0,13930.0
979,1760001176577365.0,44258732.0,13921.0
980,1760001176577534.0,44285976.0,13930.0
981,1760001176577704.0,44313208.0,13923.0
982,1760001176577873.0,44340444.0,13923.0
983,1760001176578042.0,44367680.0,13929.0
984,1760001176578213.0,44394920.0,13924.0
985,1760001176578444.0,44422164.0,13930.0
986,1760001176578625.0,44449392.0,13925.0
987,1760001176578795.0,44476628.0,13923.0
988,1760001176578969.0,44503864.0,13931.0
989,1760001176579138.0,44531100.0,13925.0
990,1760001176579310.0,44558348.0,13928.0
991,1760001176579481.0,44585576.0,13924.0
992,1760001176579660.0,44612812.0,13924.0
993,1760001176579832.0,44640052.0,13931.0
994,1760001176580238.0,44667292.0,13925.0
995,1760001176580423.0,44694528.0,13928.0
996,1760001176580592.0,44721764.0,13922.0
997,1760001176580759.0,44749004.0,13924.0
998,1760001176580926.0,44776240.0,13930.0
999,1760001176581092.0,44803480.0,13922.0
1000,1760001176581261.0,44830724.0,13932.0
1001,1760001176581427.0,44857952.0,13925.0
1002,1760001176581591.0,44885192.0,13924.0
1003,1760001176581757.0,44912432.0,13932.0
1004,1760001176581922.0,44939672.0,13925.0
1005,1760001176582091.0,44966908.0,13930.0
1006,1760001176582257.0,44994144.0,13923.0
1007,1760001176582423.0,45021380.0,13924.0
1008,1760001176582588.0,45048616.0,13931.0
1009,1760001176582756.0,45075852.0,13923.0
1010,1760001176582924.0,45103088.0,13930.0
1011,1760001176583089.0,45130328.0,13923.0
1012,1760001176583255.0,45157564.0,13924.0
1013,1760001176583423.0,45184804.0,13927.0
1014,1760001176583587.0,45212036.0,13923.0
1015,1760001176583755.0,45239272.0,13930.0
1016,1760001176583923.0,45266512.0,13924.0
1017,1760001176584089.0,45293752.0,13924.0
1018,1760001176584257.0,45320988.0,13926.0
1019,1760001176584423.0,45348192.0,13897.0
1020,1760001176584588.0,45375428.0,13928.0
1021,1760001176584757.0,45402664.0,13924.0
1022,1760001176584925.0,45429904.0,13924.0
1023,1760001176585103.0,45457140.0,13928.0
1024,1760001176585267.0,45484376.0,13922.0
1025,1760001176585445.0,45511616.0,13929.0
1026,1760001176585673.0,45538852.0,13924.0
1027,1760001176585847.0,45566092.0,13924.0
1028,1760001176586012.0,45593328.0,13925.0
1029,1760001176586191.0,45620568.0,13924.0
1030,1760001176586364.0,45647808.0,13929.0
1031,1760001176586557.0,45675044.0,13924.0
1032,1760001176587055.0,45702276.0,13920.0
1033,1760001176587499.0,45729520.0,13924.0
1034,1760001176587698.0,45756756.0,13924.0
1035,1760001176587925.0,45783976.0,13903.0
1036,1760001176588122.0,45811216.0,13924.0
1037,1760001176588298.0,45838460.0,13926.0
1038,1760001176588474.0,45865696.0,13922.0
1039,1760001176588657.0,45892936.0,13925.0
1040,1760001176588824.0,45911204.0,5001.0
1041,1760001176589055.0,45931036.0,6613.0
1042,1760001176589228.0,45949068.0,4822.0
1043,1760001176589393.0,45969056.0,6774.0
1044,1760001176589555.0,45987004.0,4743.0
1045,1760001176589716.0,46007068.0,6844.0
1046,1760001176589883.0,46024948.0,4671.0
1047,1760001176590046.0,46045060.0,6903.0
1048,1760001176590206.0,46062936.0,4671.0
1049,1760001176590367.0,46081052.0,4906.0
1050,1760001176590529.0,46099252.0,5001.0
1051,1760001176590698.0,46119060.0,6591.0
1052,1760001176590864.0,46137112.0,4849.0
1053,1760001176591028.0,46155320.0,5000.0
1054,1760001176591476.0,46175076.0,6545.0
1055,1760001176592232.0,46193104.0,4823.0
1056,1760001176592409.0,46211340.0,5026.0
1057,1760001176592578.0,46231100.0,6550.0
1058,1760001176592739.0,46249228.0,4922.0
1059,1760001176592863.0,46267416.0,4981.0
1060,1760001176593020.0,46285564.0,4949.0
1061,1760001176593183.0,46305372.0,6591.0
1062,1760001176593394.0,46323400.0,4823.0
1063,1760001176593566.0,46341604.0,5001.0
1064,1760001176593728.0,46361364.0,6546.0
1065,1760001176593890.0,46379468.0,4896.0
1066,1760001176594052.0,46397624.0,4949.0
1067,1760001176594219.0,46415832.0,5000.0
1068,1760001176594379.0,46435568.0,6514.0
1069,1760001176594538.0,46453624.0,4855.0
1070,1760001176594699.0,46471832.0,5002.0
1071,1760001176594861.0,46491568.0,6519.0
1072,1760001176595085.0,46509624.0,4848.0
1073,1760001176595263.0,46527804.0,4974.0
1074,1760001176595424.0,46547596.0,6572.0
1075,1760001176595585.0,46565596.0,4797.0
1076,1760001176595748.0,46585532.0,6725.0
1077,1760001176595914.0,46603484.0,4744.0
1078,1760001176596122.0,46623500.0,6803.0
1079,1760001176596293.0,46641428.0,4718.0
1080,1760001176596470.0,46661492.0,6851.0
1081,1760001176596770.0,46679392.0,4696.0
1082,1760001176597049.0,46699460.0,6849.0
1083,1760001176597230.0,46717336.0,4670.0
1084,1760001176597394.0,46737432.0,6880.0
1085,1760001176597556.0,46755280.0,4643.0
1086,1760001176597715.0,46775396.0,6902.0
1087,1760001176597874.0,46793244.0,4645.0
1088,1760001176598110.0,46813360.0,6896.0
1089,1760001176598300.0,46831212.0,4645.0
1090,1760001176598463.0,46851328.0,6896.0
1091,1760001176598624.0,46869184.0,4655.0
1092,1760001176598786.0,46889292.0,6891.0
1093,1760001176598947.0,46907176.0,4682.0
1094,1760001176599113.0,46927288.0,6891.0
1095,1760001176599276.0,46945144.0,4656.0
1096,1760001176599439.0,46965280.0,6919.0
1097,1760001176599601.0,46983136.0,4656.0
1098,1760001176599765.0,47003320.0,6965.0
1099,1760001176599940.0,47030504.0,13924.0
1100,1760001176600111.0,47057744.0,13930.0
1101,1760001176600288.0,47084988.0,13925.0
1102,1760001176600457.0,47112232.0,13930.0
1103,1760001176600625.0,47139464.0,13922.0
1104,1760001176600799.0,47166700.0,13923.0
1105,1760001176600972.0,47193944.0,13930.0
1106,1760001176601143.0,47221180.0,13924.0
1107,1760001176601314.0,47248420.0,13929.0
1108,1760001176601484.0,47275652.0,13925.0
1109,1760001176601657.0,47302888.0,13923.0
1110,1760001176601841.0,47330120.0,13927.0
1111,1760001176602079.0,47357352.0,13922.0
1112,1760001176602258.0,47384600.0,13928.0
1113,1760001176602443.0,47411824.0,13922.0
1114,1760001176602624.0,47439060.0,13924.0
1115,1760001176602808.0,47466296.0,13931.0
1116,1760001176602995.0,47493532.0,13923.0
1117,1760001176603185.0,47520772.0,13928.0
1118,1760001176603355.0,47548004.0,13924.0
1119,1760001176603526.0,47575236.0,13921.0
1120,1760001176603764.0,47602448.0,13904.0
1121,1760001176603941.0,47620856.0,5148.0
1122,1760001176604106.0,47640600.0,6525.0
1123,1760001176604275.0,47658772.0,4970.0
1124,1760001176604522.0,47678688.0,6698.0
1125,1760001176604886.0,47696692.0,4802.0
1126,1760001176605076.0,47716732.0,6825.0
1127,1760001176605240.0,47735108.0,5164.0
1128,1760001176605433.0,47753440.0,5127.0
1129,1760001176605609.0,47773180.0,6526.0
1130,1760001176605776.0,47791412.0,5022.0
1131,1760001176605944.0,47818592.0,13927.0
1132,1760001176606110.0,47845832.0,13922.0
1133,1760001176606276.0,47873072.0,13927.0
1134,1760001176606442.0,47900280.0,13897.0
1135,1760001176606609.0,47927488.0,13897.0
1136,1760001176606774.0,47954724.0,13928.0
1137,1760001176606940.0,47981964.0,13924.0
1138,1760001176607106.0,48009200.0,13928.0
1139,1760001176607272.0,48036440.0,13926.0
1140,1760001176607438.0,48063672.0,13920.0
1141,1760001176607603.0,48090912.0,13926.0
1142,1760001176607767.0,48118144.0,13920.0
1143,1760001176607933.0,48145380.0,13926.0
1144,1760001176608104.0,48172620.0,13924.0
1145,1760001176608271.0,48199852.0,13922.0
1146,1760001176608516.0,48227088.0,13929.0
1147,1760001176608688.0,48254324.0,13922.0
1148,1760001176608854.0,48281556.0,13928.0
1149,1760001176609020.0,48308796.0,13922.0
1150,1760001176609189.0,48336032.0,13924.0
1151,1760001176609359.0,48363268.0,13929.0
1152,1760001176609524.0,48390504.0,13922.0
1153,1760001176609689.0,48417740.0,13930.0
1154,1760001176609854.0,48444980.0,13925.0
1155,1760001176610019.0,48472216.0,13923.0
1156,1760001176610188.0,48499452.0,13928.0
1157,1760001176610353.0,48526688.0,13923.0
1158,1760001176610518.0,48553924.0,13929.0
1159,1760001176610683.0,48581160.0,13923.0
1160,1760001176610848.0,48608392.0,13921.0
1161,1760001176611016.0,48635632.0,13924.0
1162,1760001176611181.0,48662872.0,13922.0
1163,1760001176611346.0,48690112.0,13929.0
1164,1760001176611511.0,48717344.0,13920.0
1165,1760001176611730.0,48744576.0,13920.0
1166,1760001176611919.0,48771784.0,13895.0
1167,1760001176612090.0,48799020.0,13923.0
1168,1760001176612262.0,48826256.0,13927.0
1169,1760001176612431.0,48853464.0,13897.0
1170,1760001176612599.0,48880704.0,13925.0
1171,1760001176612772.0,48907912.0,13898.0
1172,1760001176612940.0,48935148.0,13920.0
1173,1760001176613120.0,48962356.0,13904.0
1174,1760001176613496.0,48989596.0,13921.0
1175,1760001176613718.0,49016840.0,13929.0
1176,1760001176613902.0,49044048.0,13898.0
1177,1760001176614072.0,49071284.0,13922.0
1178,1760001176614240.0,49098524.0,13931.0
1179,1760001176614406.0,49125764.0,13924.0
1180,1760001176614573.0,49153000.0,13930.0
1181,1760001176614742.0,49180236.0,13920.0
1182,1760001176614911.0,49207468.0,13922.0
1183,1760001176615077.0,49234704.0,13930.0
1184,1760001176615244.0,49261936.0,13921.0
1185,1760001176615412.0,49289144.0,13903.0
1186,1760001176615579.0,49316384.0,13924.0
1187,1760001176615751.0,49343616.0,13924.0
1188,1760001176615919.0,49370852.0,13922.0
1189,1760001176616086.0,49398088.0,13920.0
1190,1760001176616253.0,49425332.0,13930.0
1191,1760001176616421.0,49452544.0,13899.0
1192,1760001176616592.0,49479760.0,13898.0
1193,1760001176616759.0,49506964.0,13896.0
1194,1760001176616926.0,49534196.0,13920.0
1195,1760001176617095.0,49561436.0,13928.0
1196,1760001176617263.0,49588676.0,13923.0
1197,1760001176617435.0,49615916.0,13928.0
1198,1760001176617603.0,49643148.0,13920.0
1199,1760001176617769.0,49670384.0,13922.0
1200,1760001176617937.0,49697620.0,13927.0
1201,1760001176618106.0,49724852.0,13921.0
1202,1760001176618277.0,49752096.0,13928.0
1203,1760001176618513.0,49779328.0,13923.0
1204,1760001176618692.0,49806564.0,13922.0
1205,1760001176618863.0,49833800.0,13929.0
1206,1760001176619033.0,49861036.0,13922.0
1207,1760001176619216.0,49888248.0,13905.0
1208,1760001176619476.0,49915488.0,13924.0
1209,1760001176619710.0,49942724.0,13924.0
1210,1760001176619895.0,49969960.0,13930.0
1211,1760001176620066.0,49997192.0,13921.0
1212,1760001176620237.0,50024424.0,13928.0
1213,1760001176620509.0,50051660.0,13921.0
1214,1760001176620997.0,50078892.0,13920.0
1215,1760001176621199.0,50106124.0,13926.0
1216,1760001176621462.0,50133356.0,13921.0
1217,1760001176621694.0,50160600.0,13930.0
1218,1760001176621870.0,50187836.0,13921.0
1219,1760001176622038.0,50215072.0,13921.0
1220,1760001176622204.0,50242304.0,13927.0
1221,1760001176622371.0,50269536.0,13921.0
1222,1760001176622541.0,50296776.0,13929.0
1223,1760001176622709.0,50324008.0,13921.0
1224,1760001176622878.0,50351244.0,13924.0
1225,1760001176623043.0,50378480.0,13924.0
1226,1760001176623208.0,50405720.0,13922.0
1227,1760001176623373.0,50432960.0,13928.0
1228,1760001176623542.0,50460196.0,13922.0
1229,1760001176623707.0,50487428.0,13921.0
1230,1760001176623871.0,50514660.0,13920.0
1231,1760001176624036.0,50541896.0,13921.0
1232,1760001176624201.0,50569140.0,13930.0
1233,1760001176624370.0,50596376.0,13922.0
1234,1760001176624535.0,50623616.0,13922.0
1235,1760001176624702.0,50650856.0,13920.0
1236,1760001176624867.0,50678092.0,13922.0
1237,1760001176625031.0,50705308.0,13905.0
1238,1760001176625200.0,50732548.0,13922.0
1239,1760001176625366.0,50759788.0,13922.0
1240,1760001176625532.0,50786996.0,13898.0
1241,1760001176625698.0,50814232.0,13922.0
1242,1760001176625863.0,50841444.0,13905.0
1243,1760001176626031.0,50868660.0,13899.0
1244,1760001176626197.0,50895904.0,13927.0
1245,1760001176626368.0,50923136.0,13922.0
1246,1760001176626533.0,50950368.0,13920.0
1247,1760001176626699.0,50977604.0,13927.0
1248,1760001176626868.0,51004836.0,13921.0
1249,1760001176627035.0,51032080.0,13928.0
1250,1760001176627200.0,51059312.0,13924.0
1251,1760001176627365.0,51086548.0,13925.0
1252,1760001176627531.0,51113784.0,13928.0
1253,1760001176627699.0,51141000.0,13899.0
1254,1760001176627867.0,51168240.0,13929.0
1255,1760001176628033.0,51195480.0,13923.0
1256,1760001176628202.0,51222720.0,13921.0
1257,1760001176628429.0,51249956.0,13930.0
1258,1760001176628614.0,51277196.0,13924.0
1259,1760001176628789.0,51304432.0,13928.0
1260,1760001176628957.0,51331664.0,13923.0
1261,1760001176629124.0,51358900.0,13924.0
1262,1760001176629291.0,51386136.0,13928.0
1263,1760001176629459.0,51413372.0,13923.0
1264,1760001176629642.0,51440608.0,13929.0
1265,1760001176629857.0,51467844.0,13923.0
1266,1760001176630117.0,51495080.0,13922.0
1267,1760001176630363.0,51522316.0,13930.0
1268,1760001176630540.0,51549552.0,13922.0
1269,1760001176630713.0,51576788.0,13931.0
1270,1760001176630881.0,51604020.0,13922.0
1271,1760001176631048.0,51631236.0,13898.0
1272,1760001176631215.0,51658448.0,13900.0
1273,1760001176631382.0,51685660.0,13898.0
1274,1760001176631552.0,51712896.0,13928.0
1275,1760001176631719.0,51740132.0,13924.0
1276,1760001176631885.0,51767368.0,13925.0
1277,1760001176632051.0,51794604.0,13925.0
1278,1760001176632216.0,51821844.0,13925.0
1279,1760001176632385.0,51849080.0,13930.0
1280,1760001176632551.0,51876316.0,13924.0
1281,1760001176632718.0,51903556.0,13924.0
1282,1760001176632882.0,51930792.0,13924.0
1283,1760001176633047.0,51958028.0,13921.0
1284,1760001176633215.0,51985268.0,13931.0
1285,1760001176633382.0,52012504.0,13923.0
1286,1760001176633548.0,52039744.0,13926.0
1287,1760001176633713.0,52066968.0,13920.0
1288,1760001176633877.0,52094204.0,13922.0
1289,1760001176634042.0,52121440.0,13931.0
1290,1760001176634221.0,52148684.0,13925.0
1291,1760001176634382.0,52175928.0,13930.0
1292,1760001176634544.0,52203164.0,13925.0
1293,1760001176634705.0,52230400.0,13924.0
1294,1760001176634866.0,52257640.0,13932.0
1295,1760001176635030.0,52284880.0,13924.0
1296,1760001176635194.0,52312124.0,13929.0
1297,1760001176635358.0,52339352.0,13923.0
1298,1760001176635533.0,52366588.0,13922.0
1299,1760001176635700.0,52393824.0,13930.0
1300,1760001176635982.0,52421040.0,13900.0
1301,1760001176636206.0,52448260.0,13903.0
1302,1760001176636377.0,52475488.0,13921.0
1303,1760001176636546.0,52502700.0,13899.0
1304,1760001176636715.0,52529912.0,13904.0
1305,1760001176636899.0,52557144.0,13922.0
1306,1760001176637076.0,52584384.0,13930.0
1307,1760001176637264.0,52611620.0,13924.0
1308,1760001176637443.0,52638832.0,13899.0
1309,1760001176637635.0,52666068.0,13924.0
1310,1760001176637820.0,52693304.0,13924.0
1311,1760001176637996.0,52720536.0,13927.0
1312,1760001176638174.0,52747772.0,13922.0
1313,1760001176638354.0,52775008.0,13922.0
1314,1760001176638527.0,52802240.0,13923.0
1315,1760001176638705.0,52829468.0,13921.0
1316,1760001176638875.0,52856700.0,13927.0
1317,1760001176639048.0,52883908.0,13898.0
1318,1760001176639221.0,52911148.0,13929.0
1319,1760001176639391.0,52938380.0,13924.0
1320,1760001176639565.0,52965616.0,13924.0
1321,1760001176639735.0,52992852.0,13927.0
1322,1760001176639907.0,53020056.0,13898.0
1323,1760001176640075.0,53047304.0,13930.0
1324,1760001176640243.0,53074508.0,13898.0
1325,1760001176640411.0,53101744.0,13924.0
1326,1760001176640587.0,53128956.0,13904.0
1327,1760001176640757.0,53156192.0,13920.0
1328,1760001176640928.0,53183428.0,13930.0
1329,1760001176641099.0,53210660.0,13921.0
1330,1760001176641275.0,53237892.0,13920.0
1331,1760001176641444.0,53265124.0,13920.0
1332,1760001176641610.0,53292336.0,13897.0
1333,1760001176641780.0,53319568.0,13925.0
1334,1760001176641946.0,53346776.0,13897.0
1335,1760001176642114.0,53373992.0,13903.0
1336,1760001176642284.0,53401192.0,13898.0
1337,1760001176642452.0,53428432.0,13924.0
1338,1760001176642622.0,53455668.0,13929.0
1339,1760001176642793.0,53482900.0,13920.0
1340,1760001176642961.0,53510108.0,13902.0
1341,1760001176643133.0,53537316.0,13896.0
1342,1760001176643301.0,53564556.0,13925.0
1343,1760001176643470.0,53591768.0,13900.0
1344,1760001176643637.0,53619008.0,13925.0
1345,1760001176643806.0,53646232.0,13905.0
1346,1760001176643978.0,53673472.0,13923.0
1347,1760001176644144.0,53700708.0,13924.0
1348,1760001176644310.0,53727916.0,13897.0
1349,1760001176644481.0,53755148.0,13920.0
1350,1760001176644651.0,53782380.0,13926.0
1351,1760001176644825.0,53809592.0,13899.0
1352,1760001176644997.0,53836832.0,13926.0
1353,1760001176645234.0,53864036.0,13899.0
1354,1760001176645403.0,53891244.0,13898.0
1355,1760001176645568.0,53918476.0,13930.0
1356,1760001176645740.0,53945712.0,13922.0
1357,1760001176645905.0,53972944.0,13928.0
1358,1760001176646085.0,54000180.0,13924.0
1359,1760001176646254.0,54027388.0,13897.0
1360,1760001176646427.0,54054596.0,13897.0
1361,1760001176646602.0,54081808.0,13898.0
1362,1760001176646771.0,54109012.0,13903.0
1363,1760001176646940.0,54136220.0,13897.0
1364,1760001176647111.0,54163432.0,13903.0
1365,1760001176647287.0,54190640.0,13897.0
1366,1760001176647511.0,54217848.0,13896.0
1367,1760001176647698.0,54245064.0,13897.0
1368,1760001176647871.0,54272276.0,13897.0
1369,1760001176648045.0,54299512.0,13928.0
1370,1760001176648219.0,54326752.0,13923.0
1371,1760001176648395.0,54353972.0,13905.0
1372,1760001176648566.0,54381200.0,13923.0
1373,1760001176648736.0,54408412.0,13898.0
1374,1760001176648905.0,54435624.0,13905.0
1375,1760001176649075.0,54462860.0,13923.0
1376,1760001176649246.0,54490100.0,13932.0
1377,1760001176649415.0,54517340.0,13926.0
1378,1760001176649585.0,54544576.0,13925.0
1379,1760001176649754.0,54571812.0,13928.0
1380,1760001176649925.0,54599048.0,13925.0
1381,1760001176650097.0,54626284.0,13931.0
1382,1760001176650268.0,54653516.0,13921.0
1383,1760001176650436.0,54680756.0,13925.0
1384,1760001176650605.0,54707992.0,13928.0
1385,1760001176650776.0,54735232.0,13923.0
1386,1760001176650943.0,54762472.0,13930.0
1387,1760001176651114.0,54789712.0,13925.0
1388,1760001176651280.0,54816952.0,13925.0
1389,1760001176651447.0,54844192.0,13930.0
1390,1760001176651613.0,54871428.0,13923.0
1391,1760001176651781.0,54898668.0,13931.0
1392,1760001176651953.0,54925908.0,13925.0
1393,1760001176652122.0,54953152.0,13926.0
1394,1760001176652297.0,54980392.0,13933.0
1395,1760001176652476.0,55007632.0,13926.0
1396,1760001176652653.0,55034876.0,13932.0
1397,1760001176652834.0,55062112.0,13924.0
1398,1760001176653008.0,55089352.0,13925.0
1399,1760001176653337.0,55116588.0,13931.0
1400,1760001176653517.0,55143828.0,13923.0
1401,1760001176653752.0,55171068.0,13931.0
1402,1760001176653938.0,55198308.0,13927.0
1403,1760001176654108.0,55225544.0,13925.0
1404,1760001176654278.0,55252780.0,13931.0
1405,1760001176654456.0,55280020.0,13924.0
1406,1760001176654629.0,55307256.0,13930.0
1407,1760001176654867.0,55334496.0,13925.0
1408,1760001176655045.0,55361732.0,13924.0
1409,1760001176655217.0,55388944.0,13904.0
1410,1760001176655388.0,55416184.0,13925.0
1411,1760001176655552.0,55443424.0,13932.0
1412,1760001176655722.0,55470660.0,13922.0
1413,1760001176655890.0,55497872.0,13900.0
1414,1760001176656056.0,55525108.0,13928.0
1415,1760001176656222.0,55552348.0,13922.0
1416,1760001176656390.0,55579584.0,13929.0
1417,1760001176656560.0,55606824.0,13923.0
1418,1760001176656725.0,55634036.0,13899.0
1419,1760001176656892.0,55661268.0,13922.0
1420,1760001176657058.0,55688512.0,13925.0
1421,1760001176657224.0,55715732.0,13905.0
1422,1760001176657395.0,55742964.0,13922.0
1423,1760001176657564.0,55770180.0,13899.0
1424,1760001176657729.0,55797416.0,13926.0
1425,1760001176657896.0,55824656.0,13925.0
1426,1760001176658061.0,55851896.0,13931.0
1427,1760001176658229.0,55879136.0,13925.0
1428,1760001176658398.0,55906372.0,13924.0
1429,1760001176658565.0,55933576.0,13897.0
1430,1760001176658730.0,55960816.0,13925.0
1431,1760001176658896.0,55988060.0,13931.0
1432,1760001176659060.0,56015300.0,13925.0
1433,1760001176659229.0,56042544.0,13932.0
1434,1760001176659395.0,56069780.0,13924.0
1435,1760001176659561.0,56097020.0,13926.0
1436,1760001176659726.0,56124252.0,13928.0
1437,1760001176659891.0,56151460.0,13898.0
1438,1760001176660061.0,56178708.0,13931.0
1439,1760001176660228.0,56205944.0,13924.0
1440,1760001176660393.0,56233180.0,13924.0
1441,1760001176660558.0,56260424.0,13932.0
1442,1760001176660723.0,56287660.0,13924.0
1443,1760001176660893.0,56314904.0,13929.0
1444,1760001176661059.0,56342136.0,13922.0
1445,1760001176661224.0,56369376.0,13924.0
1446,1760001176661389.0,56396612.0,13930.0
1447,1760001176661555.0,56423856.0,13925.0
1448,1760001176661723.0,56451100.0,13931.0
1449,1760001176661888.0,56478336.0,13926.0
1450,1760001176662054.0,56505576.0,13926.0
1451,1760001176662221.0,56532812.0,13930.0
1452,1760001176662387.0,56560044.0,13922.0
1453,1760001176662554.0,56587288.0,13932.0
1454,1760001176662719.0,56614520.0,13927.0
1455,1760001176662884.0,56641760.0,13926.0
1456,1760001176663050.0,56669000.0,13930.0
1457,1760001176663215.0,56696236.0,13923.0
1458,1760001176663381.0,56723480.0,13930.0
1459,1760001176663548.0,56750716.0,13924.0
1460,1760001176663713.0,56777952.0,13923.0
1461,1760001176663876.0,56805196.0,13932.0
1462,1760001176664041.0,56832432.0,13922.0
1463,1760001176664205.0,56859676.0,13929.0
1464,1760001176664374.0,56886908.0,13924.0
1465,1760001176664538.0,56914144.0,13923.0
1466,1760001176664702.0,56941376.0,13928.0
1467,1760001176664866.0,56968616.0,13923.0
1468,1760001176665046.0,56995860.0,13931.0
1469,1760001176665212.0,57023096.0,13927.0
1470,1760001176665372.0,57050332.0,13924.0
1471,1760001176665532.0,57077568.0,13931.0
1472,1760001176665691.0,57104812.0,13926.0
1473,1760001176665849.0,57132056.0,13931.0
1474,1760001176666012.0,57159284.0,13923.0
1475,1760001176666173.0,57186520.0,13923.0
1476,1760001176666333.0,57213756.0,13931.0
1477,1760001176666492.0,57241000.0,13924.0
1478,1760001176666651.0,57268248.0,13932.0
1479,1760001176666813.0,57295476.0,13922.0
1480,1760001176666973.0,57322720.0,13927.0
1481,1760001176667132.0,57349960.0,13929.0
1482,1760001176667293.0,57377196.0,13923.0
1483,1760001176667451.0,57404440.0,13930.0
1484,1760001176667614.0,57431672.0,13925.0
1485,1760001176667775.0,57458916.0,13925.0
1486,1760001176667936.0,57486152.0,13930.0
1487,1760001176668096.0,57513392.0,13924.0
1488,1760001176668256.0,57540636.0,13931.0
1489,1760001176668417.0,57567868.0,13925.0
1490,1760001176668581.0,57595112.0,13925.0
1491,1760001176668748.0,57622348.0,13930.0
1492,1760001176668911.0,57649588.0,13923.0
1493,1760001176669078.0,57676832.0,13930.0
1494,1760001176669245.0,57704060.0,13924.0
1495,1760001176669416.0,57731296.0,13924.0
1496,1760001176669582.0,57758536.0,13933.0
1497,1760001176669748.0,57785772.0,13923.0
1498,1760001176669916.0,57813020.0,13933.0
1499,1760001176670085.0,57840256.0,13927.0
1500,1760001176670257.0,57867492.0,13925.0
1501,1760001176670430.0,57894728.0,13930.0
1502,1760001176670605.0,57921964.0,13923.0
1503,1760001176670773.0,57949208.0,13930.0
1504,1760001176670941.0,57976440.0,13926.0
1505,1760001176671182.0,58003676.0,13924.0
1506,1760001176671363.0,58030912.0,13930.0
1507,1760001176671546.0,58058152.0,13925.0
1508,1760001176671712.0,58085396.0,13929.0
1509,1760001176671875.0,58112632.0,13925.0
1510,1760001176672043.0,58139872.0,13926.0
1511,1760001176672207.0,58167108.0,13931.0
1512,1760001176672372.0,58194344.0,13925.0
1513,1760001176672537.0,58221588.0,13929.0
1514,1760001176672700.0,58248820.0,13923.0
1515,1760001176672868.0,58276056.0,13923.0
1516,1760001176673045.0,58303292.0,13929.0
1517,1760001176673211.0,58330532.0,13926.0
1518,1760001176673375.0,58357776.0,13930.0
1519,1760001176673539.0,58385004.0,13925.0
1520,1760001176673707.0,58412240.0,13925.0
1521,1760001176673871.0,58439476.0,13930.0
1522,1760001176674054.0,58466712.0,13924.0
1523,1760001176674225.0,58493952.0,13929.0
1524,1760001176674395.0,58521192.0,13925.0
1525,1760001176674567.0,58548428.0,13923.0
1526,1760001176674738.0,58575664.0,13929.0
1527,1760001176674906.0,58602904.0,13923.0
1528,1760001176675078.0,58630140.0,13930.0
1529,1760001176675250.0,58657380.0,13927.0
1530,1760001176675525.0,58684616.0,13924.0
1531,1760001176675712.0,58711856.0,13931.0
1532,1760001176675882.0,58739096.0,13924.0
1533,1760001176676050.0,58766336.0,13930.0
1534,1760001176676218.0,58793568.0,13922.0
1535,1760001176676384.0,58820812.0,13924.0
1536,1760001176676686.0,58848052.0,13932.0
1537,1760001176676867.0,58875288.0,13923.0
1538,1760001176677034.0,58902524.0,13929.0
1539,1760001176677201.0,58929736.0,13899.0
1540,1760001176677371.0,58956976.0,13923.0
1541,1760001176677543.0,58984192.0,13907.0
1542,1760001176677710.0,59011428.0,13924.0
1543,1760001176677876.0,59038664.0,13930.0
1544,1760001176678043.0,59065876.0,13899.0
1545,1760001176678303.0,59093116.0,13924.0
1546,1760001176678484.0,59120332.0,13900.0
1547,1760001176678652.0,59147564.0,13922.0
1548,1760001176678817.0,59174776.0,13905.0
1549,1760001176678983.0,59201988.0,13900.0
1550,1760001176679149.0,59229232.0,13930.0
1551,1760001176679318.0,59256440.0,13900.0
1552,1760001176679485.0,59283680.0,13923.0
1553,1760001176679651.0,59310892.0,13905.0
1554,1760001176679888.0,59338108.0,13900.0
1555,1760001176680067.0,59365324.0,13905.0
1556,1760001176680242.0,59392532.0,13898.0
1557,1760001176680411.0,59419744.0,13899.0
1558,1760001176680578.0,59446948.0,13901.0
1559,1760001176680743.0,59474168.0,13901.0
1560,1760001176680908.0,59501384.0,13905.0
1561,1760001176681077.0,59528596.0,13899.0
1562,1760001176681248.0,59555808.0,13904.0
1563,1760001176681416.0,59583016.0,13897.0
1564,1760001176681584.0,59610228.0,13897.0
1565,1760001176681752.0,59637444.0,13898.0
1566,1760001176681922.0,59664660.0,13901.0
1567,1760001176682098.0,59691896.0,13929.0
1568,1760001176682269.0,59719104.0,13898.0
1569,1760001176682438.0,59746328.0,13905.0
1570,1760001176682605.0,59773536.0,13899.0
1571,1760001176682771.0,59800752.0,13899.0
1572,1760001176682940.0,59827968.0,13904.0
1573,1760001176683112.0,59855184.0,13900.0
1574,1760001176683286.0,59882408.0,13906.0
1575,1760001176683458.0,59909624.0,13899.0
1576,1760001176683629.0,59936836.0,13899.0
1577,1760001176683895.0,59964044.0,13899.0
1578,1760001176684075.0,59991252.0,13897.0
1579,1760001176684245.0,60018464.0,13904.0
1580,1760001176684412.0,60045680.0,13898.0
1581,1760001176684578.0,60072892.0,13904.0
1582,1760001176684748.0,60100104.0,13899.0
1583,1760001176684915.0,60127320.0,13899.0
1584,1760001176685082.0,60154528.0,13899.0
1585,1760001176685268.0,60181772.0,13924.0
1586,1760001176685432.0,60208988.0,13906.0
1587,1760001176685601.0,60236224.0,13923.0
1588,1760001176685767.0,60263448.0,13905.0
1589,1760001176685934.0,60290652.0,13897.0
1590,1760001176686235.0,60317864.0,13898.0
1591,1760001176686417.0,60345076.0,13905.0
1592,1760001176686651.0,60372288.0,13901.0
1593,1760001176686832.0,60399512.0,13904.0
1594,1760001176687005.0,60426728.0,13899.0
1595,1760001176687175.0,60453944.0,13906.0
1596,1760001176687352.0,60481152.0,13900.0
1597,1760001176687544.0,60508364.0,13898.0
1598,1760001176687723.0,60535600.0,13929.0
1599,1760001176687907.0,60562840.0,13923.0
1600,1760001176688086.0,60590088.0,13930.0
1601,1760001176688264.0,60617296.0,13899.0
1602,1760001176688447.0,60644512.0,13899.0
1603,1760001176688650.0,60671752.0,13930.0
1604,1760001176688994.0,60698964.0,13899.0
1605,1760001176689260.0,60726180.0,13904.0
1606,1760001176689442.0,60753396.0,13899.0
1607,1760001176689618.0,60780608.0,13900.0
1608,1760001176689788.0,60807820.0,13900.0
1609,1760001176689959.0,60835032.0,13901.0
1610,1760001176690128.0,60862272.0,13929.0
1611,1760001176690298.0,60889512.0,13922.0
1612,1760001176690471.0,60916724.0,13906.0
1613,1760001176690653.0,60943964.0,13923.0
1614,1760001176690828.0,60971204.0,13924.0
1615,1760001176690997.0,60998440.0,13930.0
1616,1760001176691169.0,61025652.0,13900.0
1617,1760001176691343.0,61052888.0,13930.0
1618,1760001176691514.0,61080100.0,13900.0
1619,1760001176691687.0,61107336.0,13925.0
1620,1760001176691857.0,61134580.0,13926.0
1621,1760001176692103.0,61161820.0,13924.0
1622,1760001176692283.0,61189060.0,13931.0
1623,1760001176692644.0,61216296.0,13923.0
1624,1760001176692947.0,61243536.0,13926.0
1625,1760001176693342.0,61270772.0,13926.0
1626,1760001176693525.0,61298012.0,13925.0
1627,1760001176693703.0,61325256.0,13931.0
1628,1760001176693881.0,61352492.0,13925.0
1629,1760001176694056.0,61379736.0,13925.0
1630,1760001176694228.0,61406980.0,13933.0
1631,1760001176694399.0,61434224.0,13925.0
1632,1760001176694584.0,61461464.0,13928.0
1633,1760001176694759.0,61488700.0,13923.0
1634,1760001176694933.0,61515936.0,13924.0
1635,1760001176695109.0,61543172.0,13928.0
1636,1760001176695278.0,61570412.0,13924.0
1637,1760001176695450.0,61597648.0,13930.0
1638,1760001176695621.0,61624888.0,13924.0
1639,1760001176695791.0,61652124.0,13924.0
1640,1760001176695962.0,61679360.0,13928.0
1641,1760001176696251.0,61706596.0,13923.0
1642,1760001176696470.0,61733836.0,13931.0
1643,1760001176696657.0,61761076.0,13925.0
1644,1760001176696835.0,61788316.0,13925.0
1645,1760001176697104.0,61815552.0,13932.0
1646,1760001176697282.0,61842796.0,13927.0
1647,1760001176697456.0,61870040.0,13932.0
1648,1760001176697635.0,61897276.0,13924.0
1649,1760001176697809.0,61924516.0,13927.0
1650,1760001176697979.0,61951760.0,13931.0
1651,1760001176698151.0,61979000.0,13925.0
1652,1760001176698320.0,62006244.0,13932.0
1653,1760001176698495.0,62033484.0,13926.0
1654,1760001176698667.0,62060728.0,13926.0
1655,1760001176698838.0,62087964.0,13931.0
1656,1760001176699010.0,62115208.0,13925.0
1657,1760001176699186.0,62142448.0,13931.0
1658,1760001176699364.0,62169688.0,13925.0
1659,1760001176699535.0,62196928.0,13926.0
1660,1760001176699709.0,62224172.0,13930.0
1661,1760001176699884.0,62251408.0,13921.0
1662,1760001176700055.0,62278648.0,13931.0
1663,1760001176700232.0,62305884.0,13923.0
1664,1760001176700404.0,62333124.0,13925.0
1665,1760001176700577.0,62360336.0,13905.0
1666,1760001176700750.0,62387552.0,13899.0
1667,1760001176700920.0,62414788.0,13931.0
1668,1760001176701095.0,62442032.0,13926.0
1669,1760001176701268.0,62469272.0,13925.0
1670,1760001176701440.0,62496512.0,13931.0
1671,1760001176701612.0,62523724.0,13900.0
1672,1760001176701781.0,62550968.0,13932.0
1673,1760001176701954.0,62578212.0,13927.0
1674,1760001176702128.0,62605456.0,13925.0
1675,1760001176702328.0,62632696.0,13930.0
1676,1760001176702511.0,62659932.0,13925.0
1677,1760001176702694.0,62687172.0,13930.0
1678,1760001176702882.0,62714412.0,13923.0
1679,1760001176703173.0,62741648.0,13923.0
1680,1760001176703352.0,62768884.0,13927.0
1681,1760001176703519.0,62796120.0,13925.0
1682,1760001176703685.0,62823368.0,13931.0
1683,1760001176703857.0,62850608.0,13925.0
1684,1760001176704030.0,62877848.0,13924.0
1685,1760001176704200.0,62905084.0,13932.0
1686,1760001176704372.0,62932328.0,13927.0
1687,1760001176704547.0,62959564.0,13931.0
1688,1760001176704722.0,62986804.0,13923.0
1689,1760001176704919.0,63014040.0,13922.0
1690,1760001176705093.0,63041272.0,13928.0
1691,1760001176705262.0,63068488.0,13900.0
1692,1760001176705430.0,63095736.0,13933.0
1693,1760001176705599.0,63122976.0,13925.0
1694,1760001176705773.0,63150216.0,13926.0
1695,1760001176705933.0,63168728.0,5247.0
1696,1760001176706099.0,63195916.0,13931.0
1697,1760001176706265.0,63223152.0,13925.0
1698,1760001176706435.0,63250392.0,13930.0
1699,1760001176706606.0,63277636.0,13925.0
1700,1760001176706776.0,63304876.0,13925.0
1701,1760001176706942.0,63332116.0,13931.0
1702,1760001176707109.0,63359356.0,13925.0
1703,1760001176707275.0,63386596.0,13929.0
1704,1760001176707445.0,63413836.0,13925.0
1705,1760001176707613.0,63441076.0,13924.0
1706,1760001176707780.0,63468312.0,13930.0
1707,1760001176707945.0,63495552.0,13925.0
1708,1760001176708112.0,63522796.0,13932.0
1709,1760001176708281.0,63550032.0,13924.0
1710,1760001176708448.0,63577244.0,13898.0
1711,1760001176708617.0,63604484.0,13932.0
1712,1760001176708784.0,63631720.0,13926.0
1713,1760001176708951.0,63658960.0,13929.0
1714,1760001176709123.0,63686196.0,13924.0
1715,1760001176709292.0,63713436.0,13921.0
1716,1760001176709459.0,63740648.0,13905.0
1717,1760001176709625.0,63767892.0,13926.0
1718,1760001176709793.0,63795140.0,13931.0
1719,1760001176709962.0,63822384.0,13926.0
1720,1760001176710131.0,63849616.0,13921.0
1721,1760001176710297.0,63876832.0,13904.0
1722,1760001176710463.0,63904072.0,13921.0
1723,1760001176710631.0,63931316.0,13929.0
1724,1760001176710852.0,63958528.0,13899.0
1725,1760001176711034.0,63985768.0,13924.0
1726,1760001176711212.0,64012976.0,13899.0
1727,1760001176711440.0,64040188.0,13899.0
1728,1760001176711624.0,64067404.0,13906.0
1729,1760001176711796.0,64094612.0,13896.0
1730,1760001176711968.0,64121848.0,13929.0
1731,1760001176712136.0,64149060.0,13899.0
1732,1760001176712304.0,64176272.0,13899.0
1733,1760001176712472.0,64203508.0,13928.0
1734,1760001176712640.0,64230724.0,13900.0
1735,1760001176712811.0,64257964.0,13927.0
1736,1760001176712978.0,64285172.0,13900.0
1737,1760001176713144.0,64312384.0,13900.0
1738,1760001176713310.0,64339584.0,13897.0
1739,1760001176713474.0,64366796.0,13899.0
1740,1760001176713645.0,64394008.0,13903.0
1741,1760001176713814.0,64421216.0,13897.0
1742,1760001176713981.0,64448448.0,13928.0
1743,1760001176714154.0,64475660.0,13899.0
1744,1760001176714326.0,64502872.0,13900.0
1745,1760001176714498.0,64530080.0,13898.0
1746,1760001176714669.0,64557296.0,13900.0
1747,1760001176714841.0,64584532.0,13929.0
1748,1760001176715010.0,64611744.0,13899.0
1749,1760001176715179.0,64638956.0,13905.0
1750,1760001176715352.0,64666192.0,13923.0
1751,1760001176715520.0,64693404.0,13897.0
1752,1760001176715688.0,64720616.0,13905.0
1753,1760001176715854.0,64747828.0,13899.0
1754,1760001176716021.0,64775040.0,13905.0
1755,1760001176716193.0,64802276.0,13924.0
1756,1760001176716360.0,64829492.0,13904.0
1757,1760001176716527.0,64856700.0,13900.0
1758,1760001176716696.0,64883916.0,13899.0
1759,1760001176716863.0,64911128.0,13905.0
1760,1760001176717034.0,64938344.0,13898.0
1761,1760001176717201.0,64965576.0,13928.0
1762,1760001176717368.0,64992812.0,13924.0
1763,1760001176717534.0,65020024.0,13899.0
1764,1760001176717703.0,65047268.0,13924.0
1765,1760001176717872.0,65074504.0,13925.0
1766,1760001176718040.0,65101752.0,13931.0
1767,1760001176718206.0,65128992.0,13925.0
1768,1760001176718372.0,65156204.0,13899.0
1769,1760001176718540.0,65183420.0,13900.0
1770,1760001176718707.0,65210660.0,13925.0
1771,1760001176718881.0,65237904.0,13931.0
1772,1760001176719056.0,65265140.0,13925.0
1773,1760001176719228.0,65292356.0,13898.0
1774,1760001176719405.0,65319564.0,13900.0
1775,1760001176719577.0,65346804.0,13924.0
1776,1760001176719860.0,65374016.0,13905.0
1777,1760001176720040.0,65401228.0,13900.0
1778,1760001176720207.0,65428468.0,13929.0
1779,1760001176720373.0,65455684.0,13899.0
1780,1760001176720539.0,65482896.0,13898.0
1781,1760001176720712.0,65510132.0,13928.0
1782,1760001176720884.0,65537372.0,13923.0
1783,1760001176721056.0,65564612.0,13930.0
1784,1760001176721228.0,65591848.0,13921.0
1785,1760001176721400.0,65619088.0,13926.0
1786,1760001176721575.0,65646324.0,13928.0
1787,1760001176721743.0,65673560.0,13922.0
1788,1760001176721909.0,65700804.0,13931.0
1789,1760001176722081.0,65728012.0,13899.0
1790,1760001176722249.0,65755244.0,13924.0
1791,1760001176722435.0,65782472.0,13925.0
1792,1760001176722602.0,65809712.0,13925.0
1793,1760001176722766.0,65836948.0,13929.0
1794,1760001176722931.0,65864188.0,13925.0
1795,1760001176723095.0,65891420.0,13924.0
1796,1760001176723263.0,65918656.0,13927.0
1797,1760001176723428.0,65945896.0,13926.0
1798,1760001176723593.0,65973136.0,13931.0
1799,1760001176723758.0,66000376.0,13924.0
1800,1760001176723922.0,66027608.0,13925.0
1801,1760001176724090.0,66054836.0,13926.0
1802,1760001176724257.0,66082076.0,13926.0
1803,1760001176724422.0,66109312.0,13929.0
1804,1760001176724587.0,66136548.0,13923.0
1805,1760001176724751.0,66163792.0,13927.0
1806,1760001176724992.0,66191020.0,13925.0
1807,1760001176725174.0,66218260.0,13926.0
1808,1760001176725343.0,66245496.0,13931.0
1809,1760001176725511.0,66272736.0,13925.0
1810,1760001176725678.0,66299976.0,13924.0
1811,1760001176725847.0,66327208.0,13927.0
1812,1760001176726013.0,66354448.0,13925.0
1813,1760001176726179.0,66381684.0,13929.0
1814,1760001176726344.0,66408920.0,13922.0
1815,1760001176726508.0,66436160.0,13924.0
1816,1760001176726675.0,66463392.0,13926.0
1817,1760001176726842.0,66490632.0,13926.0
1818,1760001176727008.0,66517872.0,13932.0
1819,1760001176727174.0,66545116.0,13926.0
1820,1760001176727339.0,66572352.0,13924.0
1821,1760001176727504.0,66599584.0,13925.0
1822,1760001176727673.0,66626824.0,13924.0
1823,1760001176727851.0,66654064.0,13930.0
1824,1760001176728016.0,66681300.0,13924.0
1825,1760001176728183.0,66708544.0,13930.0
1826,1760001176728353.0,66735772.0,13924.0
1827,1760001176728523.0,66763012.0,13924.0
1828,1760001176728689.0,66790248.0,13931.0
1829,1760001176728855.0,66817488.0,13924.0
1830,1760001176729021.0,66844732.0,13930.0
1831,1760001176729187.0,66871968.0,13926.0
1832,1760001176729355.0,66899204.0,13922.0
1833,1760001176729522.0,66926440.0,13932.0
1834,1760001176729687.0,66953676.0,13923.0
1835,1760001176729853.0,66980916.0,13930.0
1836,1760001176730018.0,67008148.0,13924.0
1837,1760001176730190.0,67035384.0,13924.0
1838,1760001176730355.0,67062620.0,13929.0
1839,1760001176730520.0,67089856.0,13924.0
1840,1760001176730686.0,67117096.0,13928.0
1841,1760001176730854.0,67144328.0,13925.0
1842,1760001176731023.0,67171540.0,13899.0
1843,1760001176731191.0,67198776.0,13929.0
1844,1760001176731357.0,67226012.0,13923.0
1845,1760001176731523.0,67253256.0,13928.0
1846,1760001176731688.0,67280488.0,13926.0
1847,1760001176731854.0,67307724.0,13924.0
1848,1760001176732023.0,67334960.0,13929.0
1849,1760001176732199.0,67362200.0,13925.0
1850,1760001176732361.0,67389440.0,13931.0
1851,1760001176732525.0,67416676.0,13924.0
1852,1760001176732686.0,67443912.0,13923.0
1853,1760001176732851.0,67471148.0,13929.0
1854,1760001176733024.0,67498360.0,13898.0
1855,1760001176733186.0,67525596.0,13929.0
1856,1760001176733348.0,67552832.0,13925.0
1857,1760001176733509.0,67580044.0,13898.0
1858,1760001176733673.0,67607256.0,13899.0
1859,1760001176733835.0,67634492.0,13925.0
1860,1760001176733996.0,67661740.0,13931.0
1861,1760001176734157.0,67688976.0,13924.0
1862,1760001176734318.0,67716188.0,13899.0
1863,1760001176734482.0,67743396.0,13898.0
1864,1760001176734642.0,67770636.0,13924.0
1865,1760001176734804.0,67797872.0,13928.0
1866,1760001176734965.0,67825084.0,13899.0
1867,1760001176735127.0,67852328.0,13929.0
1868,1760001176735299.0,67879564.0,13927.0
1869,1760001176735465.0,67906796.0,13922.0
1870,1760001176735642.0,67934032.0,13928.0
1871,1760001176735818.0,67961272.0,13925.0
1872,1760001176736128.0,67988516.0,13930.0
1873,1760001176736307.0,68015748.0,13923.0
1874,1760001176736471.0,68042984.0,13923.0
1875,1760001176736639.0,68070220.0,13929.0
1876,1760001176736823.0,68097456.0,13925.0
1877,1760001176736995.0,68124696.0,13931.0
1878,1760001176737292.0,68151928.0,13923.0
1879,1760001176737487.0,68179168.0,13922.0
1880,1760001176737688.0,68206404.0,13931.0
1881,1760001176737872.0,68233616.0,13899.0
1882,1760001176738060.0,68260852.0,13929.0
1883,1760001176738243.0,68288084.0,13923.0
1884,1760001176738417.0,68315324.0,13926.0
1885,1760001176738590.0,68342560.0,13930.0
1886,1760001176738772.0,68369800.0,13925.0
1887,1760001176738943.0,68397040.0,13931.0
1888,1760001176739114.0,68424280.0,13927.0
1889,1760001176739286.0,68451516.0,13925.0
1890,1760001176739457.0,68478760.0,13933.0
1891,1760001176739628.0,68506004.0,13926.0
1892,1760001176739799.0,68533240.0,13930.0
1893,1760001176739969.0,68560476.0,13924.0
1894,1760001176740145.0,68587716.0,13925.0
1895,1760001176740317.0,68614956.0,13932.0
1896,1760001176740488.0,68642196.0,13925.0
1897,1760001176740658.0,68669436.0,13931.0
1898,1760001176740828.0,68696672.0,13924.0
1899,1760001176741005.0,68723908.0,13926.0
1900,1760001176741178.0,68751152.0,13931.0
1901,1760001176741349.0,68778392.0,13927.0
1902,1760001176741520.0,68805628.0,13931.0
1903,1760001176741691.0,68832864.0,13925.0
1904,1760001176741867.0,68860100.0,13923.0
1905,1760001176742036.0,68887336.0,13929.0
1906,1760001176742206.0,68914572.0,13924.0
1907,1760001176742375.0,68941816.0,13932.0
1908,1760001176742566.0,68969052.0,13925.0
1909,1760001176742793.0,68996288.0,13923.0
1910,1760001176742974.0,69023524.0,13931.0
1911,1760001176743155.0,69050764.0,13924.0
1912,1760001176743318.0,69078004.0,13930.0
1913,1760001176743481.0,69105240.0,13925.0
1914,1760001176743649.0,69132480.0,13923.0
1915,1760001176743811.0,69159692.0,13908.0
1916,1760001176743975.0,69186928.0,13925.0
1917,1760001176744137.0,69214164.0,13930.0
1918,1760001176744299.0,69241400.0,13925.0
1919,1760001176744467.0,69268640.0,13924.0
1920,1760001176744634.0,69295880.0,13931.0
1921,1760001176744907.0,69323120.0,13925.0
1922,1760001176745094.0,69350356.0,13929.0
1923,1760001176745272.0,69377596.0,13923.0
1924,1760001176745445.0,69404836.0,13923.0
1925,1760001176745652.0,69432072.0,13929.0
1926,1760001176745826.0,69459308.0,13924.0
1927,1760001176745990.0,69486544.0,13929.0
1928,1760001176746160.0,69513788.0,13927.0
1929,1760001176746330.0,69541028.0,13927.0
1930,1760001176746498.0,69568264.0,13931.0
1931,1760001176746663.0,69595508.0,13927.0
1932,1760001176746835.0,69622752.0,13932.0
1933,1760001176747002.0,69649992.0,13926.0
1934,1760001176747185.0,69677224.0,13922.0
1935,1760001176747360.0,69704464.0,13933.0
1936,1760001176747529.0,69731700.0,13925.0
1937,1760001176747702.0,69758944.0,13933.0
1938,1760001176747875.0,69786180.0,13925.0
1939,1760001176748114.0,69813416.0,13926.0
1940,1760001176748282.0,69840660.0,13933.0
1941,1760001176748445.0,69867896.0,13924.0
1942,1760001176748613.0,69895108.0,13907.0
1943,1760001176748788.0,69922348.0,13924.0
1944,1760001176748968.0,69949584.0,13924.0
1945,1760001176749135.0,69976820.0,13927.0
1946,1760001176749303.0,70004032.0,13900.0
1947,1760001176749473.0,70031280.0,13933.0
1948,1760001176749640.0,70058520.0,13926.0
1949,1760001176749811.0,70085732.0,13901.0
1950,1760001176749981.0,70112968.0,13924.0
1951,1760001176750149.0,70140208.0,13924.0
1952,1760001176750328.0,70167444.0,13929.0
1953,1760001176750504.0,70194656.0,13899.0
1954,1760001176750680.0,70221876.0,13904.0
1955,1760001176750848.0,70249084.0,13899.0
1956,1760001176751018.0,70276320.0,13923.0
1957,1760001176751191.0,70303532.0,13904.0
1958,1760001176751358.0,70330748.0,13899.0
1959,1760001176751524.0,70357956.0,13903.0
1960,1760001176751695.0,70385172.0,13899.0
1961,1760001176751871.0,70412380.0,13897.0
1962,1760001176752050.0,70439588.0,13899.0
1963,1760001176752270.0,70466832.0,13925.0
1964,1760001176752445.0,70494064.0,13929.0
1965,1760001176752697.0,70521304.0,13924.0
1966,1760001176752878.0,70548544.0,13927.0
1967,1760001176753044.0,70575772.0,13924.0
1968,1760001176753300.0,70603012.0,13925.0
1969,1760001176753484.0,70630252.0,13931.0
1970,1760001176753665.0,70657488.0,13927.0
1971,1760001176753842.0,70684728.0,13929.0
1972,1760001176754012.0,70711964.0,13925.0
1973,1760001176754186.0,70739200.0,13923.0
1974,1760001176754362.0,70766436.0,13930.0
1975,1760001176754636.0,70793676.0,13924.0
1976,1760001176754854.0,70820896.0,13905.0
1977,1760001176755031.0,70848100.0,13900.0
1978,1760001176755202.0,70875336.0,13924.0
1979,1760001176755381.0,70902552.0,13908.0
1980,1760001176755569.0,70929788.0,13923.0
1981,1760001176755751.0,70957004.0,13908.0
1982,1760001176755937.0,70984244.0,13925.0
1983,1760001176756110.0,71011480.0,13923.0
1984,1760001176756280.0,71038696.0,13904.0
1985,1760001176756454.0,71065912.0,13899.0
1986,1760001176756620.0,71093124.0,13907.0
1987,1760001176756786.0,71120364.0,13924.0
1988,1760001176756953.0,71147584.0,13906.0
1989,1760001176757117.0,71174816.0,13923.0
1990,1760001176757286.0,71202056.0,13925.0
1991,1760001176757452.0,71229292.0,13930.0
1992,1760001176757617.0,71256536.0,13926.0
1993,1760001176757782.0,71283776.0,13927.0
1994,1760001176757948.0,71311004.0,13924.0
1995,1760001176758123.0,71338220.0,13899.0
1996,1760001176758289.0,71365460.0,13930.0
1997,1760001176758455.0,71392700.0,13924.0
1998,1760001176758622.0,71419948.0,13930.0
1999,1760001176758788.0,71447184.0,13926.0
2000,1760001176758957.0,71474424.0,13924.0
2001,1760001176759124.0,71501664.0,13929.0
2002,1760001176759289.0,71528904.0,13924.0
2003,1760001176759456.0,71556124.0,13904.0
2004,1760001176759623.0,71583332.0,13898.0
2005,1760001176759792.0,71610544.0,13899.0
2006,1760001176759958.0,71637780.0,13929.0
2007,1760001176760136.0,71665020.0,13923.0
2008,1760001176760298.0,71692236.0,13906.0
2009,1760001176760461.0,71719456.0,13901.0
2010,1760001176760625.0,71746692.0,13922.0
2011,1760001176760788.0,71773904.0,13901.0
2012,1760001176760956.0,71801144.0,13922.0
2013,1760001176761119.0,71828360.0,13907.0
2014,1760001176761281.0,71855572.0,13901.0
2015,1760001176761446.0,71882816.0,13925.0
2016,1760001176761624.0,71910024.0,13898.0
2017,1760001176761792.0,71937236.0,13901.0
2018,1760001176761954.0,71964452.0,13905.0
2019,1760001176762116.0,71991692.0,13923.0
2020,1760001176762279.0,72018904.0,13903.0
2021,1760001176762444.0,72046144.0,13924.0
2022,1760001176762605.0,72073384.0,13924.0
2023,1760001176762771.0,72100600.0,13904.0
2024,1760001176762942.0,72127836.0,13924.0
2025,1760001176763108.0,72155056.0,13907.0
2026,1760001176763282.0,72182292.0,13924.0
2027,1760001176763444.0,72209532.0,13924.0
2028,1760001176763610.0,72236772.0,13923.0
2029,1760001176763769.0,72254104.0,4079.0
2030,1760001176763925.0,72271400.0,4094.0
2031,1760001176764084.0,72292176.0,7562.0
2032,1760001176764238.0,72309392.0,4012.0
2033,1760001176764393.0,72330204.0,7593.0
2034,1760001176764547.0,72347448.0,4037.0
2035,1760001176764701.0,72365400.0,4749.0
2036,1760001176764856.0,72385416.0,6804.0
2037,1760001176765017.0,72402692.0,4074.0
2038,1760001176765178.0,72429852.0,13899.0
2039,1760001176765338.0,72457068.0,13906.0
2040,1760001176765500.0,72484304.0,13922.0
2041,1760001176765663.0,72511520.0,13906.0
2042,1760001176765837.0,72538756.0,13923.0
2043,1760001176766005.0,72565996.0,13925.0
2044,1760001176766172.0,72593208.0,13905.0
2045,1760001176766338.0,72620420.0,13899.0
2046,1760001176766501.0,72647660.0,13930.0
2047,1760001176766667.0,72674900.0,13923.0
2048,1760001176766830.0,72702136.0,13924.0
2049,1760001176766991.0,72729376.0,13930.0
2050,1760001176767153.0,72756616.0,13924.0
2051,1760001176767307.0,72776404.0,6520.0
2052,1760001176767465.0,72794644.0,5031.0
2053,1760001176767621.0,72814268.0,6410.0
2054,1760001176767781.0,72841456.0,13924.0
2055,1760001176767936.0,72861148.0,6426.0
2056,1760001176768103.0,72879508.0,5152.0
2057,1760001176768253.0,72899072.0,6347.0
2058,1760001176768409.0,72926264.0,13931.0
2059,1760001176768558.0,72945864.0,6330.0
2060,1760001176768706.0,72964044.0,4980.0
2061,1760001176768855.0,72983788.0,6524.0
2062,1760001176769003.0,73002296.0,5299.0
2063,1760001176769154.0,73020948.0,5446.0
2064,1760001176769310.0,73048136.0,13924.0
2065,1760001176769469.0,73075368.0,13925.0
2066,1760001176769628.0,73102580.0,13900.0
2067,1760001176769783.0,73121164.0,5325.0
2068,1760001176769941.0,73140648.0,6268.0
2069,1760001176770097.0,73158608.0,4756.0
2070,1760001176770308.0,73177012.0,5199.0
2071,1760001176770468.0,73195404.0,5183.0
2072,1760001176770621.0,73214756.0,6133.0
2073,1760001176770774.0,73234056.0,6090.0
2074,1760001176770928.0,73252568.0,5299.0
2075,1760001176771095.0,73271028.0,5252.0
2076,1760001176771257.0,73298188.0,13901.0
2077,1760001176771414.0,73317424.0,5966.0
2078,1760001176771568.0,73335824.0,5189.0
2079,1760001176771727.0,73354184.0,5156.0
2080,1760001176771884.0,73373392.0,5995.0
2081,1760001176772040.0,73392612.0,6000.0
2082,1760001176772198.0,73410624.0,4802.0
2083,1760001176772351.0,73428304.0,4482.0
2084,1760001176772509.0,73446008.0,4502.0
2085,1760001176772665.0,73464380.0,5166.0
2086,1760001176772821.0,73482736.0,5147.0
2087,1760001176772978.0,73501116.0,5173.0
2088,1760001176773133.0,73519520.0,5200.0
2089,1760001176773288.0,73537980.0,5247.0
2090,1760001176773446.0,73556336.0,5148.0
2091,1760001176773599.0,73574116.0,4581.0
2092,1760001176773752.0,73591896.0,4570.0
2093,1760001176773904.0,73609616.0,4518.0
2094,1760001176774057.0,73627852.0,5026.0
2095,1760001176774214.0,73646144.0,5084.0
2096,1760001176774368.0,73664116.0,4775.0
2097,1760001176774522.0,73682456.0,5131.0
2098,1760001176774675.0,73700416.0,4754.0
2099,1760001176774829.0,73718708.0,5089.0
2100,1760001176774985.0,73736896.0,4979.0
2101,1760001176775149.0,73755088.0,4985.0
2102,1760001176775297.0,73771936.0,3654.0
2103,1760001176775445.0,73789772.0,4628.0
2104,1760001176775594.0,73807476.0,4503.0
2105,1760001176775743.0,73825340.0,4655.0
2106,1760001176775896.0,73843140.0,4602.0
2107,1760001176776045.0,73860924.0,4581.0
2108,1760001176776195.0,73878752.0,4622.0
2109,1760001176776344.0,73897120.0,5163.0
2110,1760001176776493.0,73915412.0,5078.0
2111,1760001176776646.0,73933984.0,5365.0
2112,1760001176776798.0,73952296.0,5105.0
2113,1760001176776945.0,73971560.0,6054.0
2114,1760001176777094.0,73989944.0,5179.0
2115,1760001176777242.0,74006048.0,2909.0
2116,1760001176777391.0,74024540.0,5289.0
2117,1760001176777543.0,74043208.0,5461.0
2118,1760001176777692.0,74059680.0,3276.0
2119,1760001176777840.0,74078324.0,5430.0
2120,1760001176777989.0,74096964.0,5434.0
2121,1760001176778138.0,74113452.0,3292.0
2122,1760001176778289.0,74132204.0,5544.0
2123,1760001176778438.0,74148676.0,3276.0
2124,1760001176778586.0,74167940.0,6052.0
2125,1760001176778733.0,74186616.0,5466.0
2126,1760001176778882.0,74202848.0,3038.0
2127,1760001176779045.0,74219120.0,3079.0
2128,1760001176779190.0,74235636.0,3318.0
2129,1760001176779333.0,74252100.0,3267.0
2130,1760001176779477.0,74268612.0,3318.0
2131,1760001176779620.0,74287216.0,5392.0
2132,1760001176779765.0,74304004.0,3592.0
2133,1760001176779912.0,74322596.0,5384.0
2134,1760001176780056.0,74338752.0,2959.0
2135,1760001176780203.0,74354848.0,2899.0
2136,1760001176780347.0,74370912.0,2879.0
2137,1760001176780491.0,74386988.0,2880.0
2138,1760001176780638.0,74403088.0,2909.0
2139,1760001176780782.0,74419144.0,2864.0
2140,1760001176780925.0,74435220.0,2879.0
2141,1760001176781069.0,74451296.0,2880.0
2142,1760001176781213.0,74467376.0,2885.0
2143,1760001176781355.0,74483444.0,2878.0
2144,1760001176781502.0,74501968.0,5320.0
2145,1760001176781646.0,74520508.0,5332.0
2146,1760001176781789.0,74536584.0,2879.0
2147,1760001176781932.0,74552676.0,2899.0
2148,1760001176782076.0,74568744.0,2875.0
2149,1760001176782222.0,74584804.0,2869.0
2150,1760001176782365.0,74600888.0,2889.0
2151,1760001176782508.0,74616972.0,2889.0
2152,1760001176782651.0,74633524.0,3354.0
2153,1760001176782795.0,74650220.0,3499.0
2154,1760001176782938.0,74666756.0,3342.0
2155,1760001176783098.0,74685256.0,5288.0
2156,1760001176783240.0,74701744.0,3293.0
2157,1760001176783380.0,74720244.0,5295.0
2158,1760001176783519.0,74738752.0,5295.0
2159,1760001176783658.0,74757232.0,5268.0
2160,1760001176783801.0,74775708.0,5267.0
2161,1760001176783939.0,74792240.0,3337.0
2162,1760001176784079.0,74810664.0,5216.0
2163,1760001176784219.0,74829128.0,5258.0
2164,1760001176784358.0,74847612.0,5278.0
2165,1760001176784499.0,74866108.0,5279.0
2166,1760001176784639.0,74884596.0,5279.0
2167,1760001176784778.0,74903156.0,5354.0
2168,1760001176784917.0,74921696.0,5329.0
2169,1760001176785056.0,74940236.0,5331.0
2170,1760001176785195.0,74958748.0,5304.0
2171,1760001176785338.0,74977232.0,5278.0
2172,1760001176785477.0,74995720.0,5273.0
2173,1760001176785617.0,75014216.0,5288.0
2174,1760001176785756.0,75032712.0,5288.0
2175,1760001176785896.0,75049328.0,3419.0
2176,1760001176786039.0,75067828.0,5293.0
2177,1760001176786184.0,75086328.0,5294.0
2178,1760001176786327.0,75104832.0,5294.0
2179,1760001176786469.0,75123332.0,5294.0
2180,1760001176786617.0,75140252.0,3716.0
2181,1760001176786781.0,75158764.0,5309.0
2182,1760001176786933.0,75177264.0,5289.0
2183,1760001176787137.0,75195760.0,5284.0
2184,1760001176787292.0,75212280.0,3325.0
2185,1760001176787442.0,75230692.0,5205.0
2186,1760001176787592.0,75249188.0,5284.0
2187,1760001176787832.0,75267652.0,5257.0
2188,1760001176788083.0,75284124.0,3276.0
2189,1760001176788539.0,75302536.0,5205.0
2190,1760001176788850.0,75321000.0,5257.0
2191,1760001176789047.0,75337472.0,3276.0
2192,1760001176789216.0,75355884.0,5205.0
2193,1760001176789363.0,75372352.0,3276.0
2194,1760001176789524.0,75390788.0,5231.0
2195,1760001176789683.0,75409252.0,5258.0
2196,1760001176789828.0,75427716.0,5257.0
2197,1760001176789977.0,75446160.0,5235.0
2198,1760001176790122.0,75462624.0,3268.0
2199,1760001176790268.0,75481044.0,5210.0
2200,1760001176790413.0,75497536.0,3291.0
2201,1760001176790558.0,75515972.0,5229.0
2202,1760001176790705.0,75532900.0,3731.0
2203,1760001176790850.0,75551284.0,5179.0
2204,1760001176790996.0,75569752.0,5257.0
2205,1760001176791141.0,75586808.0,3855.0
2206,1760001176791286.0,75603472.0,3466.0
2207,1760001176791430.0,75620504.0,3831.0
2208,1760001176791578.0,75638456.0,4750.0
2209,1760001176791723.0,75655512.0,3856.0
2210,1760001176791867.0,75673568.0,4856.0
2211,1760001176792011.0,75692008.0,5230.0
2212,1760001176792156.0,75710476.0,5253.0
2213,1760001176792303.0,75728936.0,5253.0
2214,1760001176792447.0,75747392.0,5248.0
2215,1760001176792593.0,75763864.0,3278.0
2216,1760001176792737.0,75782244.0,5173.0
2217,1760001176792883.0,75798720.0,3278.0
2218,1760001176793026.0,75817128.0,5194.0
2219,1760001176793175.0,75835564.0,5219.0
2220,1760001176793321.0,75853996.0,5219.0
2221,1760001176793468.0,75870600.0,3402.0
2222,1760001176793614.0,75889060.0,5247.0
2223,1760001176793758.0,75905852.0,3597.0
2224,1760001176793907.0,75924312.0,5252.0
2225,1760001176794067.0,75942744.0,5226.0
2226,1760001176794207.0,75959448.0,3501.0
2227,1760001176794347.0,75977552.0,4901.0
2228,1760001176794488.0,75994456.0,3698.0
2229,1760001176794631.0,76012388.0,4728.0
2230,1760001176794776.0,76029060.0,3468.0
2231,1760001176794917.0,76047540.0,5272.0
2232,1760001176795107.0,76066000.0,5247.0
2233,1760001176795259.0,76084460.0,5252.0
2234,1760001176795401.0,76102920.0,5253.0
2235,1760001176795547.0,76121380.0,5252.0
2236,1760001176795688.0,76139840.0,5252.0
2237,1760001176795829.0,76158300.0,5252.0
2238,1760001176795973.0,76176760.0,5252.0
2239,1760001176796117.0,76195228.0,5252.0
2240,1760001176796265.0,76213684.0,5251.0
2241,1760001176796417.0,76230368.0,3489.0
2242,1760001176796568.0,76248800.0,5225.0
2243,1760001176796719.0,76267232.0,5226.0
2244,1760001176796869.0,76283888.0,3458.0
2245,1760001176797019.0,76302240.0,5147.0
2246,1760001176797174.0,76320696.0,5247.0
2247,1760001176797322.0,76337564.0,3666.0
2248,1760001176797802.0,76355992.0,5220.0
2249,1760001176797957.0,76372476.0,3292.0
2250,1760001176798099.0,76389016.0,3342.0
2251,1760001176798245.0,76405584.0,3367.0
2252,1760001176798385.0,76422176.0,3391.0
2253,1760001176798527.0,76440620.0,5235.0
2254,1760001176798667.0,76459060.0,5231.0
2255,1760001176798807.0,76477472.0,5205.0
2256,1760001176798952.0,76495884.0,5204.0
2257,1760001176799093.0,76514288.0,5205.0
2258,1760001176799233.0,76532700.0,5205.0
2259,1760001176799374.0,76551116.0,5205.0
2260,1760001176799515.0,76569528.0,5205.0
2261,1760001176799658.0,76586368.0,3633.0
2262,1760001176799798.0,76604756.0,5174.0
2263,1760001176799938.0,76621516.0,3565.0
2264,1760001176800078.0,76639868.0,5148.0
2265,1760001176800218.0,76658252.0,5173.0
2266,1760001176800360.0,76674800.0,3351.0
2267,1760001176800504.0,76691324.0,3325.0
2268,1760001176800645.0,76707876.0,3351.0
2269,1760001176800784.0,76724444.0,3369.0
2270,1760001176800924.0,76741064.0,3425.0
2271,1760001176801064.0,76757736.0,3474.0
2272,1760001176801208.0,76776208.0,5263.0
2273,1760001176801353.0,76792980.0,3567.0
2274,1760001176801495.0,76811352.0,5163.0
2275,1760001176801708.0,76828240.0,3698.0
2276,1760001176801864.0,76844720.0,3283.0
2277,1760001176802011.0,76861196.0,3283.0
2278,1760001176802157.0,76877676.0,3285.0
2279,1760001176802303.0,76894176.0,3309.0
2280,1760001176802471.0,76912764.0,5376.0
2281,1760001176802695.0,76931324.0,5350.0
2282,1760001176802851.0,76948004.0,3482.0
2283,1760001176802998.0,76966540.0,5330.0
2284,1760001176803140.0,76985124.0,5378.0
2285,1760001176803282.0,77003712.0,5377.0
2286,1760001176803423.0,77022272.0,5347.0
2287,1760001176803567.0,77038832.0,3368.0
2288,1760001176803715.0,77055400.0,3375.0
2289,1760001176803860.0,77071924.0,3325.0
2290,1760001176804004.0,77088444.0,3324.0
2291,1760001176804149.0,77104984.0,3350.0
2292,1760001176804293.0,77121528.0,3349.0
2293,1760001176804439.0,77138096.0,3369.0
2294,1760001176804582.0,77154640.0,3343.0
2295,1760001176804727.0,77171236.0,3400.0
2296,1760001176804887.0,77187880.0,3450.0
2297,1760001176805030.0,77204508.0,3424.0
2298,1760001176805188.0,77221096.0,3392.0
2299,1760001176805334.0,77237716.0,3424.0
2300,1760001176805478.0,77254308.0,3399.0
2301,1760001176805624.0,77272920.0,5403.0
2302,1760001176805767.0,77291540.0,5402.0
2303,1760001176805911.0,77309512.0,4774.0
2304,1760001176806073.0,77328128.0,5404.0
2305,1760001176806214.0,77346712.0,5378.0
2306,1760001176806354.0,77363544.0,3632.0
2307,1760001176806494.0,77382080.0,5330.0
2308,1760001176806634.0,77398940.0,3663.0
2309,1760001176806776.0,77417484.0,5331.0
2310,1760001176806916.0,77434284.0,3608.0
2311,1760001176807068.0,77452820.0,5329.0
2312,1760001176807211.0,77469600.0,3589.0
2313,1760001176807356.0,77488192.0,5377.0
2314,1760001176807501.0,77505020.0,3633.0
2315,1760001176807646.0,77523556.0,5331.0
2316,1760001176807790.0,77540372.0,3614.0
2317,1760001176807933.0,77558928.0,5350.0
2318,1760001176808080.0,77575728.0,3608.0
2319,1760001176808225.0,77592356.0,3433.0
2320,1760001176808374.0,77609016.0,3459.0
2321,1760001176808519.0,77625592.0,3378.0
2322,1760001176808662.0,77642096.0,3309.0
2323,1760001176808806.0,77658572.0,3284.0
2324,1760001176808950.0,77675052.0,3284.0
2325,1760001176809108.0,77691536.0,3285.0
2326,1760001176809248.0,77708016.0,3284.0
2327,1760001176809387.0,77724496.0,3284.0
2328,1760001176809527.0,77740976.0,3284.0
2329,1760001176809666.0,77757460.0,3284.0
2330,1760001176809808.0,77773936.0,3279.0
2331,1760001176809949.0,77790412.0,3278.0
2332,1760001176810089.0,77806888.0,3284.0
2333,1760001176810228.0,77823368.0,3284.0
2334,1760001176810368.0,77841960.0,5378.0
2335,1760001176810507.0,77858464.0,3309.0
2336,1760001176810650.0,77876972.0,5304.0
2337,1760001176810790.0,77895528.0,5352.0
2338,1760001176810929.0,77914088.0,5351.0
2339,1760001176811068.0,77932648.0,5341.0
2340,1760001176811208.0,77951244.0,5393.0
2341,1760001176811350.0,77969780.0,5326.0
2342,1760001176811491.0,77988348.0,5351.0
2343,1760001176811643.0,78005056.0,3515.0
2344,1760001176811830.0,78023564.0,5298.0
2345,1760001176811983.0,78042068.0,5299.0
2346,1760001176812131.0,78060580.0,5298.0
2347,1760001176812274.0,78079104.0,5318.0
2348,1760001176812416.0,78097636.0,5319.0
2349,1760001176812557.0,78116164.0,5325.0
2350,1760001176812698.0,78134696.0,5324.0
2351,1760001176812839.0,78153232.0,5326.0
2352,1760001176812984.0,78171764.0,5326.0
2353,1760001176813125.0,78190320.0,5346.0
2354,1760001176813266.0,78206804.0,3292.0
2355,1760001176813407.0,78223296.0,3292.0
2356,1760001176813550.0,78239856.0,3361.0
2357,1760001176813695.0,78258380.0,5315.0
2358,1760001176813836.0,78275292.0,3713.0
2359,1760001176813977.0,78293676.0,5179.0
2360,1760001176814129.0,78312188.0,5300.0
2361,1760001176814265.0,78328664.0,3284.0
2362,1760001176814404.0,78345148.0,3285.0
2363,1760001176814541.0,78361636.0,3285.0
2364,1760001176814680.0,78378104.0,3278.0
2365,1760001176814827.0,78394580.0,3278.0
2366,1760001176814965.0,78411060.0,3284.0
2367,1760001176815113.0,78427540.0,3284.0
2368,1760001176815249.0,78444044.0,3309.0
2369,1760001176815383.0,78460572.0,3334.0
2370,1760001176815516.0,78477176.0,3408.0
2371,1760001176815648.0,78495480.0,5100.0
2372,1760001176815783.0,78512084.0,3407.0
2373,1760001176815918.0,78530464.0,5173.0
2374,1760001176816064.0,78547016.0,3352.0
2375,1760001176816193.0,78565400.0,5173.0
2376,1760001176816323.0,78583792.0,5194.0
2377,1760001176816452.0,78602196.0,5194.0
2378,1760001176816582.0,78619264.0,3862.0
2379,1760001176816712.0,78637368.0,4900.0
2380,1760001176816841.0,78654304.0,3738.0
2381,1760001176816970.0,78671088.0,3583.0
2382,1760001176817112.0,78687896.0,3614.0
2383,1760001176817238.0,78704704.0,3608.0
2384,1760001176817366.0,78721428.0,3533.0
2385,1760001176817493.0,78738212.0,3589.0
2386,1760001176817626.0,78756612.0,5193.0
2387,1760001176817754.0,78773116.0,3309.0
2388,1760001176817881.0,78789824.0,3509.0
2389,1760001176818010.0,78808200.0,5162.0
2390,1760001176818148.0,78826616.0,5209.0
2391,1760001176818270.0,78843440.0,3633.0
2392,1760001176818392.0,78860148.0,3515.0
2393,1760001176818515.0,78878572.0,5216.0
2394,1760001176818638.0,78895140.0,3367.0
2395,1760001176818763.0,78911716.0,3385.0
2396,1760001176818887.0,78928300.0,3391.0
2397,1760001176819014.0,78944912.0,3417.0
2398,1760001176819153.0,78961472.0,3367.0
2399,1760001176819272.0,78978036.0,3367.0
2400,1760001176819481.0,78994568.0,3336.0
2401,1760001176819601.0,79011096.0,3336.0
2402,1760001176819725.0,79027632.0,3343.0
2403,1760001176819890.0,79044144.0,3317.0
2404,1760001176820011.0,79060656.0,3317.0
2405,1760001176820337.0,79077168.0,3317.0
2406,1760001176820467.0,79093676.0,3317.0
2407,1760001176820588.0,79110200.0,3317.0
2408,1760001176820709.0,79126728.0,3337.0
2409,1760001176820829.0,79143268.0,3343.0
2410,1760001176820955.0,79159808.0,3342.0
2411,1760001176821102.0,79178208.0,5194.0
2412,1760001176821227.0,79195028.0,3621.0
2413,1760001176821390.0,79213400.0,5168.0
2414,1760001176821508.0,79231804.0,5194.0
2415,1760001176821629.0,79250208.0,5194.0
2416,1760001176821874.0,79268612.0,5194.0
2417,1760001176822003.0,79287016.0,5194.0
2418,1760001176822124.0,79305420.0,5194.0
2419,1760001176822244.0,79321952.0,3334.0
2420,1760001176822410.0,79340308.0,5148.0
2421,1760001176822629.0,79356864.0,3358.0
2422,1760001176822749.0,79373740.0,3674.0
2423,1760001176822868.0,79392144.0,5200.0
2424,1760001176822988.0,79408648.0,3309.0
2425,1760001176823107.0,79427004.0,5147.0
2426,1760001176823229.0,79443508.0,3309.0
2427,1760001176823349.0,79461860.0,5146.0
2428,1760001176823479.0,79478340.0,3284.0
2429,1760001176823600.0,79496720.0,5173.0
2430,1760001176823719.0,79513200.0,3284.0
2431,1760001176823840.0,79529704.0,3308.0
2432,1760001176823961.0,79548056.0,5150.0
2433,1760001176824080.0,79564536.0,3284.0
2434,1760001176824199.0,79581016.0,3284.0
2435,1760001176824318.0,79597520.0,3308.0
2436,1760001176824436.0,79614024.0,3303.0
2437,1760001176824557.0,79630568.0,3353.0
2438,1760001176824676.0,79649012.0,5231.0
2439,1760001176824795.0,79667400.0,5179.0
2440,1760001176824913.0,79683952.0,3359.0
2441,1760001176825032.0,79700456.0,3309.0
2442,1760001176825153.0,79717112.0,3464.0
2443,1760001176825272.0,79735556.0,5235.0
2444,1760001176825390.0,79752124.0,3366.0
2445,1760001176825510.0,79770520.0,5188.0
2446,1760001176825628.0,79787064.0,3342.0
2447,1760001176825747.0,79805456.0,5183.0
2448,1760001176825869.0,79824056.0,5392.0
2449,1760001176825988.0,79842668.0,5392.0
2450,1760001176826106.0,79861252.0,5378.0
2451,1760001176826224.0,79879820.0,5357.0
2452,1760001176826342.0,79896368.0,3350.0
2453,1760001176826528.0,79914836.0,5262.0
2454,1760001176826648.0,79933336.0,5288.0
2455,1760001176826766.0,79951828.0,5289.0
2456,1760001176826885.0,79970340.0,5294.0
2457,1760001176827003.0,79988748.0,5200.0
2458,1760001176827124.0,80005324.0,3377.0
2459,1760001176827244.0,80023704.0,5179.0
2460,1760001176827363.0,80040384.0,3484.0
2461,1760001176827481.0,80056996.0,3416.0
2462,1760001176827599.0,80075420.0,5221.0
2463,1760001176827718.0,80093876.0,5247.0
2464,1760001176827845.0,80112336.0,5252.0
2465,1760001176827965.0,80130796.0,5252.0
2466,1760001176828084.0,80149256.0,5253.0
2467,1760001176828203.0,80166036.0,3575.0
2468,1760001176828326.0,80184492.0,5252.0
2469,1760001176828448.0,80201344.0,3649.0
2470,1760001176828568.0,80219452.0,4900.0
2471,1760001176828693.0,80237936.0,5279.0
2472,1760001176828813.0,80256408.0,5252.0
2473,1760001176828931.0,80272956.0,3359.0
2474,1760001176829049.0,80291360.0,5199.0
2475,1760001176829172.0,80308016.0,3458.0
2476,1760001176829290.0,80326516.0,5295.0
2477,1760001176829409.0,80343228.0,3509.0
2478,1760001176829528.0,80359964.0,3535.0
2479,1760001176829646.0,80378392.0,5222.0
2480,1760001176829767.0,80395108.0,3515.0
2481,1760001176829886.0,80413600.0,5284.0
2482,1760001176830005.0,80432068.0,5263.0
2483,1760001176830124.0,80450536.0,5264.0
2484,1760001176830243.0,80469012.0,5264.0
2485,1760001176830362.0,80487500.0,5280.0
2486,1760001176830484.0,80504372.0,3674.0
2487,1760001176830604.0,80522784.0,5205.0
2488,1760001176830723.0,80539404.0,3425.0
2489,1760001176830842.0,80557868.0,5257.0
2490,1760001176830961.0,80574440.0,3375.0
2491,1760001176831083.0,80591136.0,3493.0
2492,1760001176831202.0,80609620.0,5278.0
2493,1760001176831321.0,80628076.0,5250.0
2494,1760001176831440.0,80646524.0,5242.0
2495,1760001176831560.0,80664980.0,5242.0
2496,1760001176831678.0,80683428.0,5242.0
2497,1760001176831834.0,80701880.0,5243.0
2498,1760001176831961.0,80718624.0,3548.0
2499,1760001176832081.0,80737088.0,5256.0
2500,1760001176832199.0,80755548.0,5252.0
2501,1760001176832317.0,80773980.0,5226.0
2502,1760001176832440.0,80792412.0,5226.0
2503,1760001176832557.0,80810864.0,5247.0
2504,1760001176832675.0,80827472.0,3410.0
2505,1760001176832793.0,80845876.0,5195.0
2506,1760001176832909.0,80864304.0,5220.0
2507,1760001176833028.0,80880936.0,3434.0
2508,1760001176833148.0,80899336.0,5194.0
2509,1760001176833265.0,80915972.0,3441.0
2510,1760001176833382.0,80934424.0,5247.0
2511,1760001176833500.0,80951084.0,3466.0
2512,1760001176833619.0,80969508.0,5219.0
2513,1760001176833746.0,80986500.0,3789.0
2514,1760001176833865.0,81004896.0,5184.0
2515,1760001176833982.0,81023308.0,5205.0
2516,1760001176834099.0,81041712.0,5199.0
2517,1760001176834216.0,81060120.0,5194.0
2518,1760001176834335.0,81078520.0,5193.0
2519,1760001176834454.0,81096924.0,5194.0
2520,1760001176834572.0,81115336.0,5199.0
2521,1760001176834689.0,81133720.0,5179.0
2522,1760001176834806.0,81152128.0,5198.0
2523,1760001176834925.0,81170508.0,5172.0
2524,1760001176835045.0,81188896.0,5179.0
2525,1760001176835163.0,81205588.0,3500.0
2526,1760001176835280.0,81223896.0,5101.0
2527,1760001176835398.0,81242284.0,5177.0
2528,1760001176835515.0,81260668.0,5172.0
2529,1760001176835635.0,81279072.0,5198.0
2530,1760001176835753.0,81297476.0,5199.0
2531,1760001176835870.0,81315912.0,5225.0
2532,1760001176836032.0,81334324.0,5209.0
2533,1760001176836195.0,81350916.0,3394.0
2534,1760001176836312.0,81369332.0,5210.0
2535,1760001176836504.0,81385928.0,3399.0
2536,1760001176836682.0,81404376.0,5241.0
2537,1760001176836882.0,81422828.0,5241.0
2538,1760001176837140.0,81439444.0,3424.0
2539,1760001176837265.0,81457864.0,5211.0
2540,1760001176837423.0,81474616.0,3548.0
2541,1760001176837546.0,81493080.0,5255.0
2542,1760001176837668.0,81509696.0,3419.0
2543,1760001176837795.0,81528060.0,5152.0
2544,1760001176837920.0,81546736.0,5472.0
2545,1760001176838087.0,81565228.0,5279.0
2546,1760001176838222.0,81581800.0,3375.0
2547,1760001176838345.0,81600264.0,5258.0
2548,1760001176838466.0,81616832.0,3376.0
2549,1760001176838589.0,81635272.0,5232.0
2550,1760001176838715.0,81651916.0,3443.0
2551,1760001176838840.0,81670384.0,5258.0
2552,1760001176838963.0,81687232.0,3656.0
2553,1760001176839084.0,81705672.0,5232.0
2554,1760001176839206.0,81724184.0,5303.0
2555,1760001176839327.0,81742692.0,5300.0
2556,1760001176839477.0,81759500.0,3609.0
2557,1760001176839609.0,81778112.0,5400.0
2558,1760001176839730.0,81794820.0,3515.0
2559,1760001176839851.0,81813304.0,5275.0
2560,1760001176839972.0,81831792.0,5275.0
2561,1760001176840099.0,81850252.0,5248.0
2562,1760001176840219.0,81867064.0,3609.0
2563,1760001176840339.0,81885492.0,5220.0
2564,1760001176840459.0,81902080.0,3392.0
2565,1760001176840581.0,81920524.0,5237.0
2566,1760001176840702.0,81939040.0,5311.0
2567,1760001176840826.0,81958188.0,5933.0
2568,1760001176840948.0,81974752.0,3367.0
2569,1760001176841068.0,81993196.0,5236.0
2570,1760001176841188.0,82011632.0,5233.0
2571,1760001176841308.0,82030024.0,5185.0
2572,1760001176841430.0,82048416.0,5183.0
2573,1760001176841557.0,82066780.0,5158.0
2574,1760001176841679.0,82083548.0,3573.0
2575,1760001176841803.0,82101936.0,5179.0
2576,1760001176841924.0,82120316.0,5179.0
2577,1760001176842043.0,82138704.0,5179.0
2578,1760001176842169.0,82157136.0,5226.0
2579,1760001176842291.0,82173848.0,3515.0
2580,1760001176842413.0,82190484.0,3434.0
2581,1760001176842533.0,82207088.0,3410.0
2582,1760001176842655.0,82223720.0,3441.0
2583,1760001176842779.0,82240332.0,3416.0
2584,1760001176842899.0,82256964.0,3435.0
2585,1760001176843020.0,82273592.0,3435.0
2586,1760001176843153.0,82290204.0,3416.0
2587,1760001176843275.0,82306864.0,3466.0
2588,1760001176843397.0,82323548.0,3484.0
2589,1760001176843520.0,82340092.0,3353.0
2590,1760001176843648.0,82356644.0,3359.0
2591,1760001176843770.0,82373272.0,3433.0
2592,1760001176843891.0,82391632.0,5153.0
2593,1760001176844011.0,82408204.0,3376.0
2594,1760001176844134.0,82424880.0,3475.0
2595,1760001176844255.0,82441460.0,3386.0
2596,1760001176844374.0,82458024.0,3368.0
2597,1760001176844495.0,82474584.0,3368.0
2598,1760001176844633.0,82491244.0,3467.0
2599,1760001176844757.0,82509668.0,5222.0
2600,1760001176844879.0,82526176.0,3310.0
2601,1760001176845003.0,82542708.0,3329.0
2602,1760001176845124.0,82559232.0,3328.0
2603,1760001176845244.0,82575788.0,3359.0
2604,1760001176845366.0,82594244.0,5248.0
2605,1760001176845488.0,82610796.0,3359.0
2606,1760001176845608.0,82629280.0,5274.0
2607,1760001176845728.0,82645860.0,3383.0
2608,1760001176845849.0,82664288.0,5225.0
2609,1760001176845970.0,82680872.0,3384.0
2610,1760001176846092.0,82699352.0,5272.0
2611,1760001176846212.0,82715976.0,3427.0
2612,1760001176846332.0,82734460.0,5278.0
2613,1760001176846452.0,82752936.0,5258.0
2614,1760001176846572.0,82771476.0,5337.0
2615,1760001176846696.0,82789996.0,5311.0
2616,1760001176846817.0,82808492.0,5288.0
2617,1760001176846937.0,82825080.0,3392.0
2618,1760001176847058.0,82841720.0,3443.0
2619,1760001176847179.0,82858308.0,3394.0
2620,1760001176847300.0,82874904.0,3400.0
2621,1760001176847425.0,82891632.0,3532.0
2622,1760001176847551.0,82908264.0,3428.0
2623,1760001176847675.0,82925164.0,3707.0
2624,1760001176847795.0,82941852.0,3492.0
2625,1760001176847916.0,82958444.0,3387.0
2626,1760001176848039.0,82976860.0,5211.0
2627,1760001176848162.0,82993904.0,3847.0
2628,1760001176848283.0,83010588.0,3483.0
2629,1760001176848402.0,83027220.0,3435.0
2630,1760001176848524.0,83043852.0,3441.0
2631,1760001176848645.0,83060496.0,3449.0
2632,1760001176848766.0,83079092.0,5395.0
2633,1760001176848885.0,83095704.0,3409.0
2634,1760001176849005.0,83114212.0,5298.0
2635,1760001176849127.0,83133284.0,5865.0
2636,1760001176849248.0,83151748.0,5257.0
2637,1760001176849370.0,83170216.0,5257.0
2638,1760001176849490.0,83187044.0,3624.0
2639,1760001176849609.0,83205616.0,5367.0
2640,1760001176849730.0,83222336.0,3523.0
2641,1760001176849855.0,83240956.0,5415.0
2642,1760001176849979.0,83257548.0,3393.0
2643,1760001176850100.0,83276176.0,5423.0
2644,1760001176850221.0,83294692.0,5305.0
2645,1760001176850342.0,83314044.0,6141.0
2646,1760001176850468.0,83341204.0,13900.0
2647,1760001176850594.0,83360652.0,6185.0
2648,1760001176850717.0,83379940.0,6075.0
2649,1760001176850839.0,83396672.0,3527.0
2650,1760001176850975.0,83423824.0,13896.0
2651,1760001176851099.0,83440380.0,3309.0
2652,1760001176851221.0,83456864.0,3292.0
2653,1760001176851345.0,83473648.0,3584.0
2654,1760001176851465.0,83490432.0,3589.0
2655,1760001176851583.0,83508964.0,5322.0
2656,1760001176851708.0,83536124.0,13899.0
2657,1760001176851832.0,83553132.0,3763.0
2658,1760001176851955.0,83569764.0,3427.0
2659,1760001176852075.0,83586056.0,3099.0
2660,1760001176852195.0,83602204.0,2959.0
2661,1760001176852315.0,83618820.0,3416.0
2662,1760001176852438.0,83634940.0,2929.0
2663,1760001176852558.0,83651568.0,3434.0
2664,1760001176852711.0,83668336.0,3568.0
2665,1760001176852842.0,83685180.0,3647.0
2666,1760001176852968.0,83702152.0,3773.0
2667,1760001176853112.0,83719244.0,3880.0
2668,1760001176853238.0,83736492.0,4052.0
2669,1760001176853428.0,83753784.0,4090.0
2670,1760001176853559.0,83769340.0,2367.0
2671,1760001176853682.0,83786600.0,4058.0
2672,1760001176853802.0,83803872.0,4069.0
2673,1760001176853921.0,83821152.0,4078.0
2674,1760001176854043.0,83838492.0,4140.0
2675,1760001176854162.0,83856940.0,5236.0
2676,1760001176854281.0,83874264.0,4121.0
2677,1760001176854400.0,83891580.0,4115.0
2678,1760001176854520.0,83908908.0,4120.0
2679,1760001176854642.0,83926252.0,4142.0
2680,1760001176854764.0,83943676.0,4221.0
2681,1760001176854884.0,83961152.0,4278.0
2682,1760001176855004.0,83978660.0,4308.0
2683,1760001176855136.0,83996184.0,4321.0
2684,1760001176855256.0,84013820.0,4441.0
2685,1760001176855377.0,84032228.0,5200.0
2686,1760001176855496.0,84050132.0,4698.0
2687,1760001176855614.0,84068456.0,5121.0
2688,1760001176855736.0,84095608.0,13899.0
2689,1760001176855855.0,84113992.0,5127.0
2690,1760001176855976.0,84131968.0,4770.0
2691,1760001176856094.0,84150256.0,5088.0
2692,1760001176856212.0,84168524.0,5058.0
2693,1760001176856334.0,84195684.0,13896.0
2694,1760001176856452.0,84213848.0,4906.0
2695,1760001176856570.0,84231824.0,4775.0
2696,1760001176856691.0,84249872.0,4843.0
2697,1760001176856808.0,84267904.0,4828.0
2698,1760001176856926.0,84285860.0,4749.0
2699,1760001176857043.0,84303796.0,4734.0
2700,1760001176857161.0,84321820.0,4816.0
2701,1760001176857285.0,84348980.0,13905.0
2702,1760001176857408.0,84376216.0,13925.0
2703,1760001176857531.0,84403428.0,13897.0
2704,1760001176857655.0,84430664.0,13930.0
2705,1760001176857778.0,84457900.0,13924.0
2706,1760001176857904.0,84485140.0,13930.0
2707,1760001176858025.0,84503396.0,5001.0
2708,1760001176858143.0,84521476.0,4875.0
2709,1760001176858261.0,84539700.0,5020.0
2710,1760001176858379.0,84557956.0,5048.0
2711,1760001176858497.0,84576248.0,5095.0
2712,1760001176858617.0,84594572.0,5115.0
2713,1760001176858740.0,84621756.0,13921.0
2714,1760001176858864.0,84648972.0,13901.0
2715,1760001176858987.0,84676196.0,13919.0
2716,1760001176859105.0,84694628.0,5173.0
2717,1760001176859227.0,84712940.0,5105.0
2718,1760001176859345.0,84731324.0,5179.0
2719,1760001176859463.0,84749740.0,5210.0
2720,1760001176859586.0,84776920.0,13930.0
2721,1760001176859708.0,84804152.0,13920.0
2722,1760001176859828.0,84822600.0,5189.0
2723,1760001176859948.0,84841000.0,5194.0
2724,1760001176860070.0,84868184.0,13922.0
2725,1760001176860189.0,84886624.0,5179.0
2726,1760001176860311.0,84905016.0,5183.0
2727,1760001176860434.0,84932192.0,13923.0
2728,1760001176860560.0,84959400.0,13897.0
2729,1760001176860685.0,84986632.0,13926.0
2730,1760001176860809.0,85013872.0,13922.0
2731,1760001176860932.0,85041080.0,13902.0
2732,1760001176861054.0,85059736.0,5393.0
2733,1760001176861178.0,85086892.0,13897.0
2734,1760001176861301.0,85114104.0,13898.0
2735,1760001176861424.0,85141336.0,13926.0
2736,1760001176861549.0,85168572.0,13920.0
2737,1760001176861672.0,85195816.0,13928.0
2738,1760001176861792.0,85214428.0,5351.0
2739,1760001176861918.0,85241588.0,13904.0
2740,1760001176862042.0,85268820.0,13921.0
2741,1760001176862166.0,85296032.0,13901.0
2742,1760001176862290.0,85323244.0,13898.0
2743,1760001176862413.0,85350472.0,13920.0
2744,1760001176862539.0,85377676.0,13894.0
2745,1760001176862662.0,85404884.0,13895.0
2746,1760001176862786.0,85432116.0,13926.0
2747,1760001176862910.0,85459328.0,13898.0
2748,1760001176863034.0,85486560.0,13927.0
2749,1760001176863160.0,85513792.0,13920.0
2750,1760001176863284.0,85541024.0,13920.0
2751,1760001176863412.0,85568232.0,13903.0
2752,1760001176863536.0,85595440.0,13894.0
2753,1760001176863662.0,85622672.0,13927.0
2754,1760001176863787.0,85649904.0,13919.0
2755,1760001176863912.0,85677140.0,13920.0
2756,1760001176864036.0,85704336.0,13894.0
2757,1760001176864159.0,85731548.0,13898.0
2758,1760001176864283.0,85758760.0,13905.0
2759,1760001176864407.0,85786000.0,13920.0
2760,1760001176864533.0,85813204.0,13901.0
2761,1760001176864657.0,85840440.0,13921.0
2762,1760001176864780.0,85867676.0,13921.0
2763,1760001176864904.0,85894884.0,13900.0
2764,1760001176865028.0,85922116.0,13919.0
2765,1760001176865154.0,85949352.0,13924.0
2766,1760001176865278.0,85976568.0,13897.0
2767,1760001176865401.0,86003804.0,13921.0
2768,1760001176865527.0,86031004.0,13895.0
2769,1760001176865650.0,86058240.0,13920.0
2770,1760001176865777.0,86085448.0,13904.0
2771,1760001176865900.0,86112660.0,13897.0
2772,1760001176866024.0,86139892.0,13926.0
2773,1760001176866147.0,86167100.0,13894.0
2774,1760001176866271.0,86194312.0,13896.0
2775,1760001176866396.0,86221540.0,13919.0
2776,1760001176866521.0,86248756.0,13898.0
2777,1760001176866644.0,86275964.0,13903.0
2778,1760001176866767.0,86303176.0,13895.0
2779,1760001176866890.0,86330412.0,13925.0
2780,1760001176867013.0,86357620.0,13896.0
2781,1760001176867138.0,86384832.0,13897.0
2782,1760001176867263.0,86412068.0,13926.0
2783,1760001176867388.0,86439300.0,13919.0
2784,1760001176867510.0,86466532.0,13926.0
2785,1760001176867633.0,86493740.0,13894.0
2786,1760001176867759.0,86520952.0,13895.0
2787,1760001176867882.0,86548160.0,13896.0
2788,1760001176868005.0,86575368.0,13894.0
2789,1760001176868128.0,86602576.0,13900.0
2790,1760001176868251.0,86629808.0,13920.0
2791,1760001176868376.0,86657016.0,13901.0
2792,1760001176868499.0,86684224.0,13896.0
2793,1760001176868622.0,86711456.0,13919.0
2794,1760001176868745.0,86738672.0,13903.0
2795,1760001176868867.0,86765908.0,13920.0
2796,1760001176868992.0,86793124.0,13904.0
2797,1760001176869115.0,86820332.0,13894.0
2798,1760001176869241.0,86847564.0,13919.0
2799,1760001176869364.0,86874772.0,13895.0
2800,1760001176869489.0,86902004.0,13920.0
2801,1760001176869615.0,86929212.0,13901.0
2802,1760001176869744.0,86956424.0,13898.0
2803,1760001176869871.0,86983660.0,13926.0
2804,1760001176870000.0,87010864.0,13894.0
2805,1760001176870201.0,87038076.0,13895.0
2806,1760001176870341.0,87065288.0,13896.0
2807,1760001176870471.0,87092496.0,13894.0
2808,1760001176870597.0,87119704.0,13902.0
2809,1760001176870721.0,87146912.0,13894.0
2810,1760001176870846.0,87174120.0,13901.0
2811,1760001176870983.0,87201328.0,13895.0
2812,1760001176871111.0,87228540.0,13897.0
2813,1760001176871236.0,87255772.0,13920.0
2814,1760001176871361.0,87283008.0,13920.0
2815,1760001176871486.0,87310216.0,13901.0
2816,1760001176871611.0,87337452.0,13921.0
2817,1760001176871739.0,87364688.0,13921.0
2818,1760001176871863.0,87391892.0,13899.0
2819,1760001176871986.0,87419124.0,13919.0
2820,1760001176872111.0,87446332.0,13902.0
2821,1760001176872234.0,87473540.0,13896.0
2822,1760001176872365.0,87500752.0,13901.0
2823,1760001176872488.0,87527964.0,13895.0
2824,1760001176872611.0,87555176.0,13897.0
2825,1760001176872735.0,87582384.0,13899.0
2826,1760001176872858.0,87609592.0,13896.0
2827,1760001176872982.0,87636800.0,13901.0
2828,1760001176873106.0,87664008.0,13898.0
2829,1760001176873228.0,87691220.0,13904.0
2830,1760001176873351.0,87718428.0,13896.0
2831,1760001176873474.0,87745640.0,13899.0
2832,1760001176873600.0,87772844.0,13899.0
2833,1760001176873724.0,87800052.0,13895.0
2834,1760001176873847.0,87827284.0,13927.0
2835,1760001176873970.0,87854492.0,13895.0
2836,1760001176874093.0,87881704.0,13906.0
2837,1760001176874215.0,87908936.0,13920.0
2838,1760001176874340.0,87936148.0,13899.0
2839,1760001176874463.0,87963380.0,13927.0
2840,1760001176874587.0,87990616.0,13920.0
2841,1760001176874709.0,88017836.0,13905.0
2842,1760001176874832.0,88045068.0,13921.0
2843,1760001176874957.0,88072276.0,13895.0
2844,1760001176875080.0,88099476.0,13895.0
2845,1760001176875204.0,88126688.0,13899.0
2846,1760001176875327.0,88153900.0,13904.0
2847,1760001176875449.0,88181132.0,13920.0
2848,1760001176875574.0,88208340.0,13902.0
2849,1760001176875697.0,88235552.0,13898.0
2850,1760001176875820.0,88262764.0,13897.0
2851,1760001176875943.0,88289964.0,13897.0
2852,1760001176876066.0,88317172.0,13897.0
2853,1760001176876197.0,88344412.0,13927.0
2854,1760001176876321.0,88371648.0,13920.0
2855,1760001176876444.0,88398864.0,13904.0
2856,1760001176876567.0,88426096.0,13921.0
2857,1760001176876694.0,88453332.0,13921.0
2858,1760001176876821.0,88480564.0,13926.0
2859,1760001176876944.0,88507776.0,13895.0
2860,1760001176877067.0,88534988.0,13902.0
2861,1760001176877190.0,88562200.0,13897.0
2862,1760001176877312.0,88589436.0,13922.0
2863,1760001176877436.0,88616648.0,13897.0
2864,1760001176877560.0,88643856.0,13895.0
2865,1760001176877682.0,88671064.0,13902.0
2866,1760001176877805.0,88698304.0,13922.0
2867,1760001176877928.0,88725520.0,13903.0
2868,1760001176878050.0,88752728.0,13898.0
2869,1760001176878179.0,88779944.0,13898.0
2870,1760001176878302.0,88807176.0,13926.0
2871,1760001176878424.0,88834412.0,13921.0
2872,1760001176878547.0,88861628.0,13905.0
2873,1760001176878669.0,88888840.0,13897.0
2874,1760001176878794.0,88916076.0,13920.0
2875,1760001176878917.0,88943304.0,13924.0
2876,1760001176879040.0,88970520.0,13897.0
2877,1760001176879163.0,88997756.0,13926.0
2878,1760001176879285.0,89024988.0,13921.0
2879,1760001176879411.0,89052208.0,13904.0
2880,1760001176879533.0,89079416.0,13898.0
2881,1760001176879655.0,89106632.0,13898.0
2882,1760001176879778.0,89133844.0,13903.0
2883,1760001176879900.0,89161080.0,13920.0
2884,1760001176880025.0,89188316.0,13930.0
2885,1760001176880156.0,89215560.0,13925.0
2886,1760001176880280.0,89242796.0,13920.0
2887,1760001176880404.0,89270032.0,13929.0
2888,1760001176880527.0,89297264.0,13921.0
2889,1760001176880651.0,89324500.0,13930.0
2890,1760001176880776.0,89351732.0,13920.0
2891,1760001176880899.0,89378968.0,13925.0
2892,1760001176881022.0,89406204.0,13929.0
2893,1760001176881146.0,89433436.0,13921.0
2894,1760001176881270.0,89460676.0,13929.0
2895,1760001176881396.0,89487916.0,13922.0
2896,1760001176881524.0,89515148.0,13922.0
2897,1760001176881648.0,89542388.0,13928.0
2898,1760001176881771.0,89569628.0,13922.0
2899,1760001176881893.0,89596868.0,13930.0
2900,1760001176882019.0,89624108.0,13924.0
2901,1760001176882143.0,89651348.0,13922.0
2902,1760001176882266.0,89678580.0,13928.0
2903,1760001176882389.0,89705812.0,13921.0
2904,1760001176882513.0,89733052.0,13926.0
2905,1760001176882638.0,89760260.0,13898.0
2906,1760001176882762.0,89787496.0,13924.0
2907,1760001176882886.0,89814724.0,13922.0
2908,1760001176883009.0,89841940.0,13899.0
2909,1760001176883132.0,89869176.0,13930.0
2910,1760001176883256.0,89896416.0,13926.0
2911,1760001176883381.0,89923648.0,13920.0
2912,1760001176883505.0,89950852.0,13896.0
2913,1760001176883630.0,89978092.0,13922.0
2914,1760001176883754.0,90005328.0,13929.0
2915,1760001176883877.0,90032564.0,13925.0
2916,1760001176884003.0,90059812.0,13931.0
2917,1760001176884126.0,90087020.0,13899.0
2918,1760001176884249.0,90114256.0,13921.0
2919,1760001176884372.0,90141492.0,13927.0
2920,1760001176884495.0,90168728.0,13920.0
2921,1760001176884622.0,90195940.0,13906.0
2922,1760001176884745.0,90223176.0,13921.0
2923,1760001176884869.0,90250416.0,13922.0
2924,1760001176884993.0,90277652.0,13929.0
2925,1760001176885117.0,90304884.0,13921.0
2926,1760001176885242.0,90332096.0,13903.0
2927,1760001176885370.0,90359308.0,13899.0
2928,1760001176885496.0,90386544.0,13926.0
2929,1760001176885623.0,90413788.0,13924.0
2930,1760001176885750.0,90441024.0,13922.0
2931,1760001176885880.0,90468264.0,13927.0
2932,1760001176886010.0,90495500.0,13921.0
2933,1760001176886139.0,90522740.0,13921.0
2934,1760001176886265.0,90549976.0,13923.0
2935,1760001176886390.0,90577216.0,13922.0
2936,1760001176886517.0,90604436.0,13905.0
2937,1760001176886654.0,90631672.0,13925.0
2938,1760001176886854.0,90658908.0,13923.0
2939,1760001176887101.0,90686140.0,13924.0
2940,1760001176887286.0,90713376.0,13925.0
2941,1760001176887423.0,90740620.0,13931.0
2942,1760001176887599.0,90767860.0,13925.0
2943,1760001176887748.0,90795096.0,13925.0
2944,1760001176887884.0,90822328.0,13923.0
2945,1760001176888017.0,90849564.0,13924.0
2946,1760001176888148.0,90876800.0,13931.0
2947,1760001176888281.0,90904044.0,13925.0
2948,1760001176888410.0,90931280.0,13924.0
2949,1760001176888539.0,90958512.0,13925.0
2950,1760001176888667.0,90985752.0,13924.0
2951,1760001176888796.0,91012996.0,13930.0
2952,1760001176888928.0,91040236.0,13925.0
2953,1760001176889054.0,91067476.0,13926.0
2954,1760001176889183.0,91094708.0,13926.0
2955,1760001176889324.0,91121952.0,13925.0
2956,1760001176889452.0,91149192.0,13932.0
2957,1760001176889581.0,91176432.0,13925.0
2958,1760001176889706.0,91203672.0,13924.0
2959,1760001176889832.0,91230904.0,13926.0
2960,1760001176889958.0,91258144.0,13926.0
2961,1760001176890083.0,91285388.0,13931.0
2962,1760001176890211.0,91312628.0,13924.0
2963,1760001176890338.0,91339868.0,13925.0
2964,1760001176890467.0,91367100.0,13923.0
2965,1760001176890595.0,91394336.0,13924.0
2966,1760001176890721.0,91421572.0,13929.0
2967,1760001176890848.0,91448812.0,13923.0
2968,1760001176890975.0,91476052.0,13926.0
2969,1760001176891111.0,91503280.0,13924.0
2970,1760001176891244.0,91530524.0,13925.0
2971,1760001176891369.0,91557764.0,13930.0
2972,1760001176891493.0,91585008.0,13925.0
2973,1760001176891623.0,91612248.0,13924.0
2974,1760001176891748.0,91639480.0,13924.0
2975,1760001176891884.0,91666724.0,13926.0
2976,1760001176892009.0,91693968.0,13932.0
2977,1760001176892135.0,91721212.0,13928.0
2978,1760001176892263.0,91748456.0,13925.0
2979,1760001176892388.0,91775692.0,13925.0
2980,1760001176892520.0,91802928.0,13924.0
2981,1760001176892663.0,91830164.0,13928.0
2982,1760001176892790.0,91857404.0,13924.0
2983,1760001176892918.0,91884644.0,13925.0
2984,1760001176893044.0,91911872.0,13923.0
2985,1760001176893169.0,91939112.0,13926.0
2986,1760001176893294.0,91966356.0,13930.0
2987,1760001176893419.0,91993596.0,13925.0
2988,1760001176893546.0,92020840.0,13927.0
2989,1760001176893676.0,92048076.0,13927.0
2990,1760001176893800.0,92075312.0,13925.0
2991,1760001176893925.0,92102556.0,13933.0
2992,1760001176894050.0,92129796.0,13927.0
2993,1760001176894174.0,92157036.0,13923.0
2994,1760001176894302.0,92184280.0,13924.0
2995,1760001176894428.0,92211516.0,13925.0
2996,1760001176894560.0,92238752.0,13930.0
2997,1760001176894686.0,92265988.0,13923.0
2998,1760001176894815.0,92293224.0,13924.0
2999,1760001176894952.0,92320456.0,13927.0
3000,1760001176895081.0,92347692.0,13925.0
3001,1760001176895208.0,92374932.0,13929.0
3002,1760001176895337.0,92402168.0,13922.0
3003,1760001176895465.0,92429408.0,13923.0
3004,1760001176895594.0,92456636.0,13924.0
3005,1760001176895719.0,92483872.0,13925.0
3006,1760001176895845.0,92511108.0,13929.0
3007,1760001176895972.0,92538348.0,13925.0
3008,1760001176896098.0,92565588.0,13925.0
3009,1760001176896226.0,92592824.0,13926.0
3010,1760001176896353.0,92620064.0,13925.0
3011,1760001176896479.0,92647304.0,13932.0
3012,1760001176896605.0,92674540.0,13923.0
3013,1760001176896735.0,92701776.0,13925.0
3014,1760001176896863.0,92729012.0,13924.0
3015,1760001176896990.0,92756252.0,13927.0
3016,1760001176897119.0,92783492.0,13929.0
3017,1760001176897245.0,92810732.0,13922.0
3018,1760001176897416.0,92837972.0,13924.0
3019,1760001176897552.0,92865200.0,13924.0
3020,1760001176897682.0,92892440.0,13925.0
3021,1760001176897808.0,92919676.0,13929.0
3022,1760001176897933.0,92946912.0,13925.0
3023,1760001176898066.0,92974152.0,13923.0
3024,1760001176898194.0,93001384.0,13924.0
3025,1760001176898321.0,93028624.0,13923.0
3026,1760001176898447.0,93055864.0,13933.0
3027,1760001176898571.0,93083108.0,13927.0
3028,1760001176898695.0,93110344.0,13924.0
3029,1760001176898820.0,93137552.0,13899.0
3030,1760001176898947.0,93164788.0,13925.0
3031,1760001176899072.0,93192032.0,13931.0
3032,1760001176899196.0,93219272.0,13926.0
3033,1760001176899320.0,93246516.0,13931.0
3034,1760001176899445.0,93273744.0,13924.0
3035,1760001176899572.0,93300984.0,13924.0
3036,1760001176899697.0,93328220.0,13931.0
3037,1760001176899822.0,93355464.0,13924.0
3038,1760001176899947.0,93382708.0,13928.0
3039,1760001176900071.0,93409944.0,13925.0
3040,1760001176900195.0,93437184.0,13925.0
3041,1760001176900323.0,93464424.0,13930.0
3042,1760001176900448.0,93491660.0,13924.0
3043,1760001176900573.0,93518908.0,13931.0
3044,1760001176900699.0,93546144.0,13925.0
3045,1760001176900823.0,93573384.0,13925.0
3046,1760001176900951.0,93600620.0,13928.0
3047,1760001176901079.0,93627860.0,13924.0
3048,1760001176901203.0,93655104.0,13928.0
3049,1760001176901327.0,93682332.0,13923.0
3050,1760001176901452.0,93709568.0,13924.0
3051,1760001176901580.0,93736812.0,13932.0
3052,1760001176901707.0,93764048.0,13922.0
3053,1760001176901843.0,93791292.0,13931.0
3054,1760001176901975.0,93818520.0,13923.0
3055,1760001176902107.0,93845764.0,13925.0
3056,1760001176902242.0,93873000.0,13932.0
3057,1760001176902378.0,93900244.0,13925.0
3058,1760001176902584.0,93927488.0,13930.0
3059,1760001176902715.0,93954716.0,13922.0
3060,1760001176902839.0,93981956.0,13926.0
3061,1760001176902963.0,94009196.0,13931.0
3062,1760001176903092.0,94036432.0,13924.0
3063,1760001176903218.0,94063680.0,13930.0
3064,1760001176903343.0,94090912.0,13924.0
3065,1760001176903468.0,94118152.0,13924.0
3066,1760001176903604.0,94145396.0,13933.0
3067,1760001176903739.0,94172632.0,13924.0
3068,1760001176903869.0,94199872.0,13924.0
3069,1760001176903997.0,94227112.0,13925.0
3070,1760001176904125.0,94254352.0,13925.0
3071,1760001176904252.0,94281592.0,13929.0
3072,1760001176904384.0,94308828.0,13925.0
3073,1760001176904516.0,94336072.0,13925.0
3074,1760001176904642.0,94363276.0,13899.0
3075,1760001176904767.0,94390512.0,13924.0
3076,1760001176904891.0,94417748.0,13930.0
3077,1760001176905017.0,94444984.0,13925.0
3078,1760001176905141.0,94472228.0,13931.0
3079,1760001176905266.0,94499460.0,13922.0
3080,1760001176905391.0,94526700.0,13926.0
3081,1760001176905515.0,94553944.0,13930.0
3082,1760001176905642.0,94581180.0,13924.0
3083,1760001176905768.0,94608428.0,13932.0
3084,1760001176905892.0,94635664.0,13927.0
3085,1760001176906017.0,94662904.0,13925.0
3086,1760001176906140.0,94690144.0,13929.0
3087,1760001176906266.0,94717384.0,13924.0
3088,1760001176906392.0,94744636.0,13931.0
3089,1760001176906517.0,94771864.0,13923.0
3090,1760001176906642.0,94799104.0,13924.0
3091,1760001176906765.0,94826340.0,13931.0
3092,1760001176906890.0,94853576.0,13924.0
3093,1760001176907016.0,94880824.0,13931.0
3094,1760001176907141.0,94908056.0,13926.0
3095,1760001176907264.0,94935296.0,13925.0
3096,1760001176907391.0,94962536.0,13934.0
3097,1760001176907516.0,94989776.0,13924.0
3098,1760001176907683.0,95017024.0,13929.0
3099,1760001176907822.0,95044260.0,13926.0
3100,1760001176907949.0,95071496.0,13922.0
3101,1760001176908074.0,95098736.0,13930.0
3102,1760001176908199.0,95125980.0,13926.0
3103,1760001176908327.0,95153216.0,13923.0
3104,1760001176908453.0,95180424.0,13899.0
3105,1760001176908577.0,95207664.0,13925.0
3106,1760001176908702.0,95234904.0,13931.0
3107,1760001176908832.0,95262140.0,13926.0
3108,1760001176908969.0,95289388.0,13932.0
3109,1760001176909095.0,95316620.0,13923.0
3110,1760001176909220.0,95343864.0,13925.0
3111,1760001176909345.0,95371100.0,13931.0
3112,1760001176909470.0,95398344.0,13927.0
3113,1760001176909594.0,95425592.0,13931.0
3114,1760001176909722.0,95452824.0,13924.0
3115,1760001176909846.0,95480060.0,13924.0
3116,1760001176909971.0,95507300.0,13931.0
3117,1760001176910096.0,95534544.0,13928.0
3118,1760001176910220.0,95561788.0,13934.0
3119,1760001176910347.0,95589020.0,13926.0
3120,1760001176910472.0,95616264.0,13924.0
3121,1760001176910596.0,95643500.0,13931.0
3122,1760001176910722.0,95670744.0,13925.0
3123,1760001176910847.0,95697984.0,13927.0
3124,1760001176910975.0,95725212.0,13925.0
3125,1760001176911100.0,95752452.0,13924.0
3126,1760001176911231.0,95779696.0,13931.0
3127,1760001176911356.0,95806936.0,13926.0
3128,1760001176911484.0,95834176.0,13927.0
3129,1760001176911618.0,95861412.0,13925.0
3130,1760001176911743.0,95888648.0,13925.0
3131,1760001176911866.0,95915884.0,13930.0
3132,1760001176911989.0,95943128.0,13924.0
3133,1760001176912112.0,95970368.0,13927.0
3134,1760001176912237.0,95997600.0,13924.0
3135,1760001176912363.0,96024844.0,13926.0
3136,1760001176912487.0,96052080.0,13931.0
3137,1760001176912611.0,96079316.0,13923.0
3138,1760001176912734.0,96106560.0,13926.0
3139,1760001176912857.0,96133788.0,13925.0
3140,1760001176912984.0,96161024.0,13922.0
3141,1760001176913107.0,96188264.0,13933.0
3142,1760001176913230.0,96215508.0,13927.0
3143,1760001176913354.0,96242752.0,13926.0
3144,1760001176913477.0,96269984.0,13924.0
3145,1760001176913604.0,96297220.0,13923.0
3146,1760001176913729.0,96324456.0,13931.0
3147,1760001176913852.0,96351692.0,13923.0
3148,1760001176913976.0,96378940.0,13931.0
3149,1760001176914099.0,96406168.0,13924.0
3150,1760001176914225.0,96433404.0,13925.0
3151,1760001176914353.0,96460648.0,13933.0
3152,1760001176914477.0,96487888.0,13924.0
3153,1760001176914600.0,96515136.0,13929.0
3154,1760001176914723.0,96542368.0,13923.0
3155,1760001176914847.0,96569604.0,13925.0
3156,1760001176914972.0,96596844.0,13932.0
3157,1760001176915095.0,96624080.0,13924.0
3158,1760001176915218.0,96651320.0,13929.0
3159,1760001176915340.0,96678552.0,13924.0
3160,1760001176915464.0,96705792.0,13924.0
3161,1760001176915590.0,96733028.0,13930.0
3162,1760001176915713.0,96760264.0,13924.0
3163,1760001176915836.0,96787508.0,13928.0
3164,1760001176915960.0,96814740.0,13923.0
3165,1760001176916083.0,96841980.0,13927.0
3166,1760001176916209.0,96869220.0,13933.0
3167,1760001176916332.0,96896456.0,13924.0
3168,1760001176916455.0,96923700.0,13931.0
3169,1760001176916578.0,96950932.0,13922.0
3170,1760001176916701.0,96978176.0,13926.0
3171,1760001176916823.0,97005412.0,13930.0
3172,1760001176916946.0,97032652.0,13924.0
3173,1760001176917069.0,97059896.0,13929.0
3174,1760001176917191.0,97087128.0,13923.0
3175,1760001176917314.0,97114368.0,13924.0
3176,1760001176917437.0,97141608.0,13932.0
3177,1760001176917560.0,97168852.0,13924.0
3178,1760001176917686.0,97196096.0,13929.0
3179,1760001176917810.0,97223328.0,13925.0
3180,1760001176917934.0,97250568.0,13924.0
3181,1760001176918056.0,97277812.0,13932.0
3182,1760001176918180.0,97305052.0,13924.0
3183,1760001176918304.0,97332288.0,13923.0
3184,1760001176918429.0,97359524.0,13925.0
3185,1760001176918553.0,97386760.0,13925.0
3186,1760001176918678.0,97414000.0,13928.0
3187,1760001176918802.0,97441240.0,13924.0
3188,1760001176918927.0,97468480.0,13924.0
3189,1760001176919050.0,97495712.0,13923.0
3190,1760001176919177.0,97522952.0,13924.0
3191,1760001176919302.0,97550192.0,13932.0
3192,1760001176919427.0,97577428.0,13923.0
3193,1760001176919556.0,97604672.0,13927.0
3194,1760001176919684.0,97631904.0,13924.0
3195,1760001176919820.0,97659148.0,13925.0
3196,1760001176919948.0,97686384.0,13930.0
3197,1760001176920073.0,97713624.0,13923.0
3198,1760001176920199.0,97740868.0,13927.0
3199,1760001176920398.0,97768072.0,13901.0
3200,1760001176920639.0,97795308.0,13922.0
3201,1760001176921010.0,97822548.0,13932.0
3202,1760001176921247.0,97849784.0,13926.0
3203,1760001176921648.0,97877028.0,13929.0
3204,1760001176925739.0,97904236.0,13901.0
3205,1760001176954482.0,97931476.0,13923.0
3206,1760001176983129.0,97958716.0,13930.0
3207,1760001177007713.0,97985960.0,13924.0
3208,1760001177036393.0,98013204.0,13929.0
3209,1760001177065045.0,98040436.0,13924.0
3210,1760001177089604.0,98067676.0,13923.0
3211,1760001177118257.0,98094916.0,13929.0
3212,1760001177146720.0,98122156.0,13923.0
3213,1760001177171545.0,98149404.0,13929.0
3214,1760001177200176.0,98176640.0,13924.0
3215,1760001177228689.0,98203880.0,13927.0
3216,1760001177253401.0,98231124.0,13929.0
3217,1760001177282064.0,98258360.0,13922.0
3218,1760001177310467.0,98285604.0,13931.0
3219,1760001177335329.0,98312836.0,13923.0
3220,1760001177363993.0,98340076.0,13924.0
3221,1760001177392519.0,98367312.0,13928.0
3222,1760001177417246.0,98394552.0,13924.0
3223,1760001177445942.0,98421796.0,13930.0
3224,1760001177474548.0,98449028.0,13926.0
3225,1760001177499143.0,98476264.0,13925.0
3226,1760001177528002.0,98503508.0,13932.0
3227,1760001177556470.0,98530748.0,13927.0
3228,1760001177581076.0,98557992.0,13932.0
3229,1760001177609714.0,98585224.0,13925.0
3230,1760001177638187.0,98612460.0,13924.0
3231,1760001177663017.0,98639696.0,13930.0
3232,1760001177691666.0,98666932.0,13924.0
3233,1760001177720098.0,98694176.0,13930.0
3234,1760001177744928.0,98721404.0,13925.0
3235,1760001177773595.0,98748612.0,13898.0
3236,1760001177801948.0,98775828.0,13905.0
3237,1760001177826781.0,98803064.0,13924.0
3238,1760001177855477.0,98830296.0,13928.0
3239,1760001177883884.0,98857512.0,13899.0
3240,1760001177908735.0,98884752.0,13923.0
3241,1760001177937489.0,98911988.0,13928.0
3242,1760001177961947.0,98939224.0,13922.0
3243,1760001177990657.0,98966468.0,13930.0
3244,1760001178019221.0,98993704.0,13924.0
3245,1760001178043904.0,99020916.0,13901.0
3246,1760001178072554.0,99048152.0,13924.0
3247,1760001178101082.0,99075392.0,13924.0
3248,1760001178125840.0,99102640.0,13929.0
3249,1760001178154454.0,99129848.0,13898.0
3250,1760001178183171.0,99157064.0,13901.0
3251,1760001178207712.0,99184296.0,13924.0
3252,1760001178236351.0,99211508.0,13898.0
3253,1760001178264928.0,99238720.0,13906.0
3254,1760001178289772.0,99265936.0,13901.0
3255,1760001178318225.0,99293172.0,13929.0
3256,1760001178346793.0,99320416.0,13927.0
3257,1760001178371524.0,99347648.0,13922.0
3258,1760001178400216.0,99374888.0,13930.0
3259,1760001178428794.0,99402128.0,13922.0
3260,1760001178453486.0,99429364.0,13930.0
3261,1760001178482236.0,99456604.0,13922.0
3262,1760001178510749.0,99483820.0,13901.0
3263,1760001178535428.0,99511056.0,13930.0
3264,1760001178564118.0,99538296.0,13924.0
3265,1760001178592507.0,99565536.0,13931.0
3266,1760001178617269.0,99592780.0,13924.0
3267,1760001178645883.0,99620020.0,13924.0
3268,1760001178674548.0,99647256.0,13929.0
3269,1760001178699168.0,99674496.0,13924.0
3270,1760001178728019.0,99701736.0,13930.0
3271,1760001178756258.0,99728980.0,13927.0
3272,1760001178781181.0,99756220.0,13926.0
3273,1760001178809828.0,99783456.0,13931.0
3274,1760001178838165.0,99810696.0,13924.0
3275,1760001178863048.0,99837940.0,13932.0
3276,1760001178891651.0,99865184.0,13926.0
3277,1760001178916277.0,99892424.0,13926.0
3278,1760001178936859.0,99911568.0,5888.0
3279,1760001178965459.0,99938756.0,13923.0
3280,1760001178989965.0,99966004.0,13930.0
3281,1760001179010461.0,99985024.0,5760.0
3282,1760001179030992.0,100003968.0,5733.0
3283,1760001179047367.0,100023116.0,5885.0
3284,1760001179067800.0,100042244.0,5859.0
3285,1760001179088228.0,100060956.0,5451.0
3286,1760001179104690.0,100079740.0,5519.0
3287,1760001179125300.0,100098552.0,5544.0
3288,1760001179153593.0,100125788.0,13925.0
3289,1760001179170160.0,100144684.0,5585.0
3290,1760001179190553.0,100163492.0,5546.0
3291,1760001179207053.0,100182368.0,5613.0
3292,1760001179227772.0,100201276.0,5644.0
3293,1760001179256135.0,100228512.0,13924.0
3294,1760001179280807.0,100255804.0,13930.0
3295,1760001179309334.0,100283088.0,13929.0
3296,1760001179325812.0,100301140.0,4749.0
3297,1760001179346211.0,100319016.0,4618.0
3298,1760001179370863.0,100346260.0,13926.0
3299,1760001179391185.0,100364156.0,4592.0
3300,1760001179408098.0,100382072.0,4655.0
3301,1760001179428176.0,100399980.0,4655.0
3302,1760001179444882.0,100418012.0,4774.0
3303,1760001179461011.0,100436048.0,4775.0
3304,1760001179481497.0,100455564.0,6251.0
3305,1760001179501965.0,100475132.0,6298.0
3306,1760001179530375.0,100502372.0,13931.0
3307,1760001179555252.0,100529660.0,13927.0
3308,1760001179583853.0,100556940.0,13924.0
3309,1760001179612446.0,100584228.0,13931.0
3310,1760001179633051.0,100605240.0,7687.0
3311,1760001179649374.0,100623616.0,5116.0
3312,1760001179678230.0,100650860.0,13931.0
3313,1760001179706635.0,100678140.0,13924.0
3314,1760001179727316.0,100699496.0,8032.0
3315,1760001179743592.0,100717356.0,4603.0
3316,1760001179759950.0,100735004.0,4383.0
3317,1760001179788651.0,100762236.0,13926.0
3318,1760001179805028.0,100779780.0,4242.0
3319,1760001179829584.0,100801352.0,8290.0
3320,1760001179854227.0,100828588.0,13925.0
3321,1760001179874645.0,100848988.0,7081.0
3322,1760001179903283.0,100876228.0,13930.0
3323,1760001179923924.0,100896384.0,6838.0
3324,1760001179940298.0,100914420.0,4776.0
3325,1760001179960377.0,100931752.0,4075.0
3326,1760001179976887.0,100949052.0,4042.0
3327,1760001179993477.0,100967056.0,4750.0
3328,1760001180013923.0,100986728.0,6409.0
3329,1760001180030314.0,101004684.0,4698.0
3330,1760001180050800.0,101024672.0,6720.0
3331,1760001180071096.0,101042704.0,4775.0
3332,1760001180091483.0,101062872.0,6895.0
3333,1760001180112156.0,101083512.0,7362.0
3334,1760001180128546.0,101101772.0,5000.0
3335,1760001180149023.0,101122300.0,7257.0
3336,1760001180169654.0,101142084.0,6520.0
3337,1760001180185954.0,101160320.0,4975.0
3338,1760001180206397.0,101180056.0,6467.0
3339,1760001180226836.0,101200456.0,7126.0
3340,1760001180247161.0,101218256.0,4545.0
3341,1760001180263741.0,101237880.0,6351.0
3342,1760001180284210.0,101257028.0,5880.0
3343,1760001180300804.0,101274320.0,4035.0
3344,1760001180321104.0,101293936.0,6351.0
3345,1760001180341515.0,101313364.0,6157.0
3346,1760001180357941.0,101332016.0,5390.0
3347,1760001180378433.0,101351464.0,6179.0
3348,1760001180398813.0,101370516.0,5786.0
3349,1760001180415297.0,101389560.0,5775.0
3350,1760001180435729.0,101408740.0,5918.0
3351,1760001180456368.0,101428064.0,6057.0
3352,1760001180472622.0,101447012.0,5685.0
3353,1760001180493138.0,101466240.0,5958.0
3354,1760001180513669.0,101485140.0,5629.0
3355,1760001180529964.0,101504160.0,5754.0
3356,1760001180550461.0,101523452.0,6028.0
3357,1760001180570936.0,101542188.0,5470.0
3358,1760001180587392.0,101560952.0,5504.0
3359,1760001180607893.0,101579596.0,5383.0
3360,1760001180624190.0,101598176.0,5315.0
3361,1760001180644690.0,101616644.0,5200.0
3362,1760001180661064.0,101635176.0,5271.0
3363,1760001180681693.0,101653524.0,5090.0
3364,1760001180697869.0,101671608.0,4828.0
3365,1760001180718453.0,101689596.0,4723.0
3366,1760001180734741.0,101707484.0,4630.0
3367,1760001180755105.0,101725276.0,4530.0
3368,1760001180771517.0,101743020.0,4483.0
3369,1760001180788006.0,101760624.0,4352.0
3370,1760001180804376.0,101778256.0,4378.0
3371,1760001180824862.0,101795740.0,4226.0
3372,1760001180841288.0,101813176.0,4179.0
3373,1760001180857617.0,101830592.0,4164.0
3374,1760001180873990.0,101847916.0,4073.0
3375,1760001180894319.0,101865236.0,4063.0
3376,1760001180910843.0,101882408.0,3914.0
3377,1760001180927322.0,101899560.0,3897.0
3378,1760001180943667.0,101916680.0,3861.0
3379,1760001180960067.0,101933744.0,3814.0
3380,1760001180980307.0,101950800.0,3797.0
3381,1760001180996802.0,101967828.0,3771.0
3382,1760001181013217.0,101984840.0,3756.0
3383,1760001181029624.0,102001808.0,3708.0
3384,1760001181046073.0,102018768.0,3711.0
3385,1760001181062399.0,102035732.0,3708.0
3386,1760001181082818.0,102052644.0,3663.0
3387,1760001181099125.0,102069512.0,3609.0
3388,1760001181115774.0,102086332.0,3566.0
3389,1760001181132167.0,102103160.0,3575.0
3390,1760001181148532.0,102119952.0,3534.0
3391,1760001181164831.0,102136700.0,3499.0
3392,1760001181181238.0,102153440.0,3484.0
3393,1760001181197631.0,102170196.0,3506.0
3394,1760001181213979.0,102186944.0,3498.0
3395,1760001181230335.0,102203660.0,3459.0
3396,1760001181250580.0,102220424.0,3515.0
3397,1760001181267195.0,102237156.0,3482.0
3398,1760001181283631.0,102253888.0,3476.0
3399,1760001181299827.0,102270652.0,3507.0
3400,1760001181316180.0,102287416.0,3507.0
3401,1760001181332964.0,102304168.0,3502.0
3402,1760001181349195.0,102320896.0,3482.0
3403,1760001181365479.0,102337628.0,3476.0
3404,1760001181381823.0,102354356.0,3476.0
3405,1760001181398241.0,102371096.0,3489.0
3406,1760001181414628.0,102387836.0,3484.0
3407,1760001181434910.0,102404588.0,3492.0
3408,1760001181451315.0,102421336.0,3499.0
3409,1760001181467776.0,102438076.0,3493.0
3410,1760001181484215.0,102454832.0,3507.0
3411,1760001181500703.0,102471560.0,3482.0
3412,1760001181517103.0,102488320.0,3509.0
3413,1760001181533362.0,102505056.0,3491.0
3414,1760001181549793.0,102521816.0,3515.0
3415,1760001181566169.0,102538584.0,3517.0
3416,1760001181582517.0,102555360.0,3522.0
3417,1760001181602754.0,102572104.0,3492.0
3418,1760001181619413.0,102588848.0,3493.0
3419,1760001181635854.0,102605616.0,3524.0
3420,1760001181652201.0,102622388.0,3525.0
3421,1760001181668815.0,102639168.0,3531.0
3422,1760001181685433.0,102655924.0,3507.0
3423,1760001181701283.0,102672680.0,3501.0
3424,1760001181718069.0,102689436.0,3507.0
3425,1760001181734318.0,102706224.0,3533.0
3426,1760001181750463.0,102722976.0,3502.0
3427,1760001181766857.0,102739756.0,3532.0
3428,1760001181787133.0,102756512.0,3501.0
3429,1760001181803690.0,102773268.0,3508.0
3430,1760001181820079.0,102790024.0,3507.0
3431,1760001181836514.0,102806784.0,3502.0
3432,1760001181852893.0,102823540.0,3508.0
3433,1760001181869268.0,102840328.0,3532.0
3434,1760001181885619.0,102857132.0,3558.0
3435,1760001181902084.0,102873920.0,3539.0
3436,1760001181918426.0,102890708.0,3534.0
3437,1760001181934752.0,102907480.0,3523.0
3438,1760001181954997.0,102924284.0,3556.0
3439,1760001181971506.0,102941096.0,3559.0
3440,1760001181987944.0,102957924.0,3581.0
3441,1760001182004379.0,102974768.0,3591.0
3442,1760001182020778.0,102991644.0,3623.0
3443,1760001182037230.0,103008564.0,3666.0
3444,1760001182053533.0,103025524.0,3713.0
3445,1760001182069926.0,103042476.0,3698.0
3446,1760001182090261.0,103059500.0,3770.0
3447,1760001182106866.0,103076520.0,3772.0
3448,1760001182123382.0,103093660.0,3888.0
3449,1760001182139606.0,103110896.0,3986.0
3450,1760001182155952.0,103128168.0,4018.0
3451,1760001182176477.0,103145576.0,4151.0
3452,1760001182192878.0,103163072.0,4241.0
3453,1760001182209262.0,103180612.0,4284.0
3454,1760001182229620.0,103198260.0,4383.0
3455,1760001182246067.0,103216248.0,4727.0
3456,1760001182262485.0,103234108.0,4597.0
3457,1760001182282982.0,103252092.0,4723.0
3458,1760001182299302.0,103270344.0,4990.0
3459,1760001182319455.0,103288504.0,4901.0
3460,1760001182336146.0,103306972.0,5209.0
3461,1760001182356490.0,103325644.0,5415.0
3462,1760001182373013.0,103344368.0,5455.0
3463,1760001182389386.0,103360884.0,3268.0
3464,1760001182410005.0,103379780.0,5635.0
3465,1760001182426424.0,103396304.0,3276.0
3466,1760001182446569.0,103415096.0,5524.0
3467,1760001182463120.0,103432716.0,4362.0
3468,1760001182479549.0,103450512.0,4540.0
3469,1760001182499759.0,103468116.0,4345.0
3470,1760001182516403.0,103488168.0,6785.0
3471,1760001182536788.0,103505716.0,4293.0
3472,1760001182553286.0,103523176.0,4209.0
3473,1760001182569602.0,103540716.0,4284.0
3474,1760001182589895.0,103558296.0,4315.0
3475,1760001182606558.0,103575704.0,4157.0
3476,1760001182622888.0,103593588.0,4628.0
3477,1760001182643152.0,103611456.0,4603.0
3478,1760001182659761.0,103629432.0,4722.0
3479,1760001182676184.0,103647696.0,5006.0
3480,1760001182696551.0,103665832.0,4874.0
3481,1760001182713168.0,103684048.0,4959.0
3482,1760001182733534.0,103702028.0,4723.0
3483,1760001182749848.0,103720380.0,5089.0
3484,1760001182770234.0,103738420.0,4781.0
3485,1760001182790671.0,103759200.0,7508.0
3486,1760001182807186.0,103777260.0,4802.0
3487,1760001182827569.0,103795416.0,4900.0
3488,1760001182847928.0,103816396.0,7698.0
3489,1760001182864550.0,103834532.0,4885.0
3490,1760001182885147.0,103855460.0,7646.0
3491,1760001182905410.0,103873672.0,4954.0
3492,1760001182921861.0,103892544.0,5603.0
3493,1760001182942315.0,103911528.0,5718.0
3494,1760001182958920.0,103929712.0,4928.0
3495,1760001182979239.0,103948932.0,5954.0
3496,1760001182999423.0,103967388.0,5200.0
3497,1760001183016136.0,103986760.0,6101.0
3498,1760001183036455.0,104005044.0,5027.0
3499,1760001183056787.0,104024608.0,6294.0
3500,1760001183073520.0,104044184.0,6314.0
3501,1760001183093907.0,104063876.0,6424.0
3502,1760001183114092.0,104081912.0,4774.0
3503,1760001183130801.0,104101820.0,6644.0
3504,1760001183151169.0,104119952.0,4874.0
3505,1760001183171594.0,104140080.0,6854.0
3506,1760001183188135.0,104158120.0,4781.0
3507,1760001183208601.0,104178352.0,6963.0
3508,1760001183228717.0,104196364.0,4750.0
3509,1760001183249187.0,104216836.0,7196.0
3510,1760001183265989.0,104234816.0,4729.0
3511,1760001183286412.0,104255472.0,7384.0
3512,1760001183302743.0,104273584.0,4849.0
3513,1760001183323223.0,104294320.0,7461.0
3514,1760001183343735.0,104312456.0,4874.0
3515,1760001183364209.0,104333348.0,7608.0
3516,1760001183380532.0,104351376.0,4775.0
3517,1760001183405034.0,104372836.0,8179.0
3518,1760001183421658.0,104390796.0,4697.0
3519,1760001183442037.0,104412084.0,8010.0
3520,1760001183462450.0,104429988.0,4648.0
3521,1760001183482970.0,104451704.0,8434.0
3522,1760001183499356.0,104469736.0,4774.0
3523,1760001183519748.0,104487868.0,4880.0
3524,1760001183544222.0,104511396.0,10241.0
3525,1760001183564870.0,104533412.0,8686.0
3526,1760001183585418.0,104555168.0,8473.0
3527,1760001183605837.0,104576676.0,8232.0
3528,1760001183626494.0,104594680.0,4749.0
3529,1760001183642754.0,104612792.0,4855.0
3530,1760001183667272.0,104634432.0,8358.0
3531,1760001183683837.0,104652160.0,4471.0
3532,1760001183704179.0,104673992.0,8555.0
3533,1760001183728633.0,104695912.0,8640.0
3534,1760001183749254.0,104717936.0,8743.0
3535,1760001183769678.0,104739668.0,8451.0
3536,1760001183794102.0,104761400.0,8445.0
3537,1760001183814883.0,104783256.0,8581.0
3538,1760001183835213.0,104805032.0,8498.0
3539,1760001183855681.0,104823224.0,4927.0
3540,1760001183876164.0,104845460.0,8954.0
3541,1760001183900495.0,104867296.0,8552.0
3542,1760001183921238.0,104889620.0,9043.0
3543,1760001183941755.0,104912036.0,9137.0
3544,1760001183966467.0,104934420.0,9101.0
3545,1760001183986736.0,104956972.0,9274.0
3546,1760001184011420.0,104978884.0,8635.0
3547,1760001184031792.0,105001464.0,9300.0
3548,1760001184056364.0,105023324.0,8583.0
3549,1760001184085103.0,105051968.0,15326.0
3550,1760001184105551.0,105073892.0,8593.0
3551,1760001184129995.0,105096360.0,9180.0
3552,1760001184150562.0,105118252.0,8616.0
3553,1760001184171080.0,105140144.0,8617.0
3554,1760001184195419.0,105162064.0,8636.0
3555,1760001184224291.0,105190788.0,15401.0
3556,1760001184252778.0,105219472.0,15324.0
3557,1760001184281478.0,105248188.0,15349.0
3558,1760001184306181.0,105275640.0,14092.0
3559,1760001184330649.0,105297580.0,8616.0
3560,1760001184351258.0,105320164.0,9296.0
3561,1760001184375898.0,105342700.0,9254.0
3562,1760001184396298.0,105365324.0,9337.0
3563,1760001184420827.0,105388096.0,9479.0
3564,1760001184449433.0,105416144.0,14733.0
3565,1760001184470085.0,105439072.0,9603.0
3566,1760001184494473.0,105461668.0,9311.0
3567,1760001184555854.0,105521948.0,46769.0
3568,1760001184613379.0,105582272.0,46773.0
3569,1760001184642144.0,105609640.0,14012.0
3570,1760001184670505.0,105636984.0,13987.0
3571,1760001184691247.0,105660008.0,9699.0
3572,1760001184719752.0,105687308.0,13987.0
3573,1760001184740419.0,105709268.0,8640.0
3574,1760001184764747.0,105731184.0,8635.0
3575,1760001184785417.0,105753132.0,8660.0
3576,1760001184810018.0,105776116.0,9701.0
3577,1760001184867390.0,105836396.0,46774.0
3578,1760001184891898.0,105859848.0,10117.0
3579,1760001184916372.0,105881864.0,8687.0
3580,1760001184937097.0,105903780.0,8639.0
3581,1760001184957453.0,105925764.0,8704.0
3582,1760001184982003.0,105947852.0,8802.0
3583,1760001185006654.0,105975184.0,14015.0
3584,1760001185031161.0,105997056.0,8547.0
3585,1760001185051652.0,106018880.0,8541.0
3586,1760001185080351.0,106046272.0,14087.0
3587,1760001185108748.0,106074392.0,14758.0
3588,1760001185137422.0,106103088.0,15323.0
3589,1760001185166325.0,106131804.0,15348.0
3590,1760001185186913.0,106153720.0,8588.0
3591,1760001185207296.0,106175584.0,8582.0
3592,1760001185231854.0,106197396.0,8535.0
3593,1760001185252420.0,106219220.0,8545.0
3594,1760001185272803.0,106241052.0,8547.0
3595,1760001185297284.0,106264056.0,9719.0
3596,1760001185321616.0,106286944.0,9608.0
3597,1760001185342410.0,106308832.0,8601.0
3598,1760001185366938.0,106331724.0,9609.0
3599,1760001185387458.0,106354724.0,9709.0
3600,1760001185412056.0,106377552.0,9543.0
3601,1760001185432503.0,106400444.0,9598.0
3602,1760001185457072.0,106422300.0,8572.0
3603,1760001185514457.0,106482564.0,46766.0
3604,1760001185575898.0,106542880.0,46767.0
3605,1760001185604541.0,106571548.0,15300.0
3606,1760001185665889.0,106631864.0,46766.0
3607,1760001185727526.0,106692184.0,46767.0
3608,1760001185755902.0,106720844.0,15296.0
3609,1760001185776783.0,106742616.0,8448.0
3610,1760001185797100.0,106764432.0,8534.0
3611,1760001185821420.0,106786216.0,8507.0
3612,1760001185838056.0,106804256.0,4777.0
3613,1760001185899325.0,106864532.0,46773.0
3614,1760001185919911.0,106886132.0,8274.0
3615,1760001185940344.0,106907704.0,8286.0
3616,1760001185960635.0,106925700.0,4744.0
3617,1760001185981518.0,106947168.0,8190.0
3618,1760001186001817.0,106968956.0,8510.0
3619,1760001186026341.0,106990552.0,8322.0
3620,1760001186046800.0,107012012.0,8181.0
3621,1760001186063255.0,107030120.0,4850.0
3622,1760001186087605.0,107052064.0,8662.0
3623,1760001186108460.0,107073612.0,8268.0
3624,1760001186128773.0,107095020.0,8133.0
3625,1760001186145128.0,107112924.0,4645.0
3626,1760001186169565.0,107134288.0,8086.0
3627,1760001186190245.0,107155696.0,8118.0
3628,1760001186210719.0,107178212.0,9233.0
3629,1760001186235278.0,107199516.0,8024.0
3630,1760001186255829.0,107220932.0,8142.0
3631,1760001186276234.0,107242628.0,8410.0
3632,1760001186296685.0,107264192.0,8279.0
3633,1760001186317057.0,107282148.0,4703.0
3634,1760001186337725.0,107303360.0,7938.0
3635,1760001186358158.0,107324580.0,7939.0
3636,1760001186378601.0,107345704.0,7850.0
3637,1760001186402870.0,107366836.0,7850.0
3638,1760001186419556.0,107384896.0,4801.0
3639,1760001186435926.0,107403052.0,4900.0
3640,1760001186456498.0,107421156.0,4848.0
3641,1760001186477016.0,107442164.0,7734.0
3642,1760001186493351.0,107460176.0,4748.0
3643,1760001186517884.0,107482000.0,8550.0
3644,1760001186538292.0,107503204.0,7922.0
3645,1760001186554722.0,107521416.0,4952.0
3646,1760001186575324.0,107539576.0,4901.0
3647,1760001186595599.0,107560532.0,7680.0
3648,1760001186612092.0,107578636.0,4848.0
3649,1760001186632533.0,107599548.0,7641.0
3650,1760001186652933.0,107617528.0,4722.0
3651,1760001186673591.0,107638416.0,7619.0
3652,1760001186689889.0,107656500.0,4822.0
3653,1760001186710389.0,107677516.0,7744.0
3654,1760001186730990.0,107695620.0,4847.0
3655,1760001186751380.0,107716668.0,7772.0
3656,1760001186771866.0,107737704.0,7764.0
3657,1760001186792078.0,107755756.0,4796.0
3658,1760001186812809.0,107776748.0,7716.0
3659,1760001186829134.0,107794728.0,4722.0
3660,1760001186849705.0,107814872.0,6875.0
3661,1760001186866048.0,107832804.0,4670.0
3662,1760001186886464.0,107852996.0,6922.0
3663,1760001186907023.0,107870924.0,4676.0
3664,1760001186927579.0,107891792.0,7592.0
3665,1760001186943867.0,107909768.0,4723.0
3666,1760001186964306.0,107929960.0,6923.0
3667,1760001186984750.0,107947888.0,4676.0
3668,1760001187001205.0,107968104.0,6948.0
3669,1760001187021621.0,107986008.0,4643.0
3670,1760001187042264.0,108006988.0,7708.0
3671,1760001187058554.0,108025044.0,4795.0
3672,1760001187078986.0,108045164.0,6849.0
3673,1760001187099343.0,108063120.0,4696.0
3674,1760001187119807.0,108083312.0,6918.0
3675,1760001187136321.0,108101240.0,4670.0
3676,1760001187157012.0,108121512.0,6996.0
3677,1760001187173198.0,108139368.0,4598.0
3678,1760001187193770.0,108160392.0,7745.0
3679,1760001187218292.0,108181684.0,8013.0
3680,1760001187234638.0,108199612.0,4672.0
3681,1760001187255181.0,108219832.0,6949.0
3682,1760001187271454.0,108237736.0,4650.0
3683,1760001187295752.0,108258628.0,7614.0
3684,1760001187316231.0,108279508.0,7604.0
3685,1760001187332891.0,108297672.0,4901.0
3686,1760001187357534.0,108321080.0,10117.0
3687,1760001187378217.0,108342228.0,7828.0
3688,1760001187394397.0,108360416.0,4927.0
3689,1760001187418857.0,108381344.0,7649.0
3690,1760001187435508.0,108399476.0,4881.0
3691,1760001187455726.0,108419440.0,6687.0
3692,1760001187472232.0,108437472.0,4781.0
3693,1760001187492684.0,108458628.0,7875.0
3694,1760001187513240.0,108476640.0,4748.0
3695,1760001187529513.0,108495316.0,5415.0
3696,1760001187549946.0,108513424.0,4849.0
3697,1760001187566395.0,108531516.0,4837.0
3698,1760001187586729.0,108549256.0,4481.0
3699,1760001187603185.0,108566692.0,4177.0
3700,1760001187619742.0,108583864.0,3926.0
3701,1760001187635997.0,108600724.0,3608.0
3702,1760001187652437.0,108617324.0,3350.0
3703,1760001187668801.0,108633620.0,3048.0
3704,1760001187685216.0,108649616.0,2751.0
3705,1760001187701504.0,108665368.0,2511.0
3706,1760001187717990.0,108680820.0,2205.0
3707,1760001187730209.0,108695992.0,1931.0
3708,1760001187746669.0,108710972.0,1740.0
3709,1760001187762760.0,108725468.0,1261.0
3710,1760001187775359.0,108739656.0,949.0
3711,1760001187787541.0,108753528.0,691.0
3712,1760001187803816.0,108767128.0,421.0
3713,1760001187816225.0,108780560.0,250.0
3714,1760001187828487.0,108794096.0,358.0
3715,1760001187844753.0,108807696.0,421.0
3716,1760001187861298.0,108826132.0,5231.0
3717,1760001187881707.0,108844328.0,4943.0
3718,1760001187898193.0,108862676.0,5089.0
3719,1760001187918840.0,108882088.0,6146.0
3720,1760001187939110.0,108904216.0,8854.0
3721,1760001187963669.0,108927644.0,10137.0
3722,1760001187984136.0,108949892.0,8922.0
3723,1760001188008647.0,108972028.0,8856.0
3724,1760001188021038.0,108986252.0,986.0
3725,1760001188045620.0,109009780.0,10293.0
3726,1760001188069972.0,109032056.0,8949.0
3727,1760001188090610.0,109054244.0,8901.0
3728,1760001188115295.0,109077676.0,10141.0
3729,1760001188135788.0,109101148.0,10140.0
3730,1760001188160319.0,109124728.0,10238.0
3731,1760001188184874.0,109146984.0,8933.0
3732,1760001188205336.0,109169172.0,8902.0
3733,1760001188229816.0,109191412.0,8954.0
3734,1760001188250384.0,109213584.0,8889.0
3735,1760001188270829.0,109235876.0,9010.0
3736,1760001188295444.0,109259380.0,10216.0
3737,1760001188319840.0,109282988.0,10268.0
3738,1760001188344388.0,109306716.0,10393.0
3739,1760001188365400.0,109330292.0,10242.0
3740,1760001188389644.0,109353840.0,10216.0
3741,1760001188414459.0,109377516.0,10343.0
3742,1760001188438868.0,109401192.0,10336.0
3743,1760001188463311.0,109424768.0,10243.0
3744,1760001188483878.0,109448340.0,10241.0
3745,1760001188508416.0,109471816.0,10142.0
3746,1760001188533116.0,109495368.0,10210.0
3747,1760001188557561.0,109519020.0,10311.0
3748,1760001188578044.0,109542576.0,10218.0
3749,1760001188602609.0,109566256.0,10345.0
3750,1760001188627383.0,109589760.0,10168.0
3751,1760001188651533.0,109613364.0,10268.0
3752,1760001188672180.0,109636964.0,10266.0
3753,1760001188696832.0,109660540.0,10242.0
3754,1760001188721404.0,109684116.0,10243.0
3755,1760001188745858.0,109707696.0,10243.0
3756,1760001188770347.0,109731268.0,10241.0
3757,1760001188791110.0,109754924.0,10317.0
3758,1760001188815595.0,109778472.0,10217.0
3759,1760001188840107.0,109802104.0,10294.0
3760,1760001188864578.0,109825704.0,10268.0
3761,1760001188885252.0,109849300.0,10267.0
3762,1760001188909803.0,109872932.0,10293.0
3763,1760001188934542.0,109896636.0,10368.0
3764,1760001188958857.0,109920316.0,10343.0
3765,1760001188979410.0,109943960.0,10312.0
3766,1760001189004134.0,109967540.0,10243.0
3767,1760001189028563.0,109991216.0,10343.0
3768,1760001189052987.0,110014948.0,10393.0
3769,1760001189081628.0,110042232.0,13924.0
3770,1760001189102300.0,110065784.0,10217.0
3771,1760001189126876.0,110089440.0,10318.0
3772,1760001189151367.0,110113144.0,10369.0
3773,1760001189176033.0,110136840.0,10367.0
3774,1760001189196488.0,110159156.0,8984.0
3775,1760001189220992.0,110182788.0,10342.0
3776,1760001189245436.0,110206540.0,10418.0
3777,1760001189266174.0,110230140.0,10268.0
3778,1760001189290768.0,110253740.0,10268.0
3779,1760001189315131.0,110277444.0,10367.0
3780,1760001189339688.0,110301116.0,10341.0
3781,1760001189364342.0,110324844.0,10386.0
3782,1760001189384866.0,110348516.0,10341.0
3783,1760001189409507.0,110372244.0,10393.0
3784,1760001189438158.0,110399540.0,13934.0
3785,1760001189462666.0,110423284.0,10412.0
3786,1760001189483204.0,110446960.0,10342.0
3787,1760001189511858.0,110474276.0,13955.0
3788,1760001189536267.0,110497948.0,10337.0
3789,1760001189560750.0,110521528.0,10243.0
3790,1760001189581627.0,110545256.0,10395.0
3791,1760001189610160.0,110572552.0,13933.0
3792,1760001189634917.0,110596172.0,10286.0
3793,1760001189663353.0,110623456.0,13927.0
3794,1760001189683903.0,110647060.0,10267.0
3795,1760001189708453.0,110670784.0,10391.0
3796,1760001189733165.0,110694232.0,10116.0
3797,1760001189757397.0,110717812.0,10243.0
3798,1760001189782166.0,110745096.0,13925.0
3799,1760001189811011.0,110772380.0,13926.0
3800,1760001189835515.0,110796084.0,10367.0
3801,1760001189859908.0,110819836.0,10419.0
3802,1760001189880460.0,110843436.0,10268.0
3803,1760001189905098.0,110867160.0,10393.0
3804,1760001189933828.0,110894452.0,13929.0
3805,1760001189958267.0,110918100.0,10318.0
3806,1760001189978758.0,110941876.0,10442.0
3807,1760001190003367.0,110965732.0,10519.0
3808,1760001190027917.0,110989408.0,10336.0
3809,1760001190056590.0,111016696.0,13929.0
3810,1760001190077055.0,111040320.0,10294.0
3811,1760001190105747.0,111067608.0,13925.0
3812,1760001190130477.0,111091308.0,10368.0
3813,1760001190158967.0,111118592.0,13924.0
3814,1760001190179494.0,111142144.0,10217.0
3815,1760001190208371.0,111169432.0,13934.0
3816,1760001190232826.0,111192936.0,10167.0
3817,1760001190257275.0,111220224.0,13926.0
3818,1760001190281835.0,111243976.0,10418.0
3819,1760001190306468.0,111267604.0,10293.0
3820,1760001190335126.0,111294888.0,13924.0
3821,1760001190359371.0,111318592.0,10368.0
3822,1760001190384408.0,111345880.0,13928.0
3823,1760001190408853.0,111369584.0,10367.0
3824,1760001190437299.0,111396876.0,13932.0
3825,1760001190458013.0,111420600.0,10388.0
3826,1760001190486664.0,111447884.0,13932.0
3827,1760001190511316.0,111471648.0,10419.0
3828,1760001190539638.0,111498928.0,13925.0
3829,1760001190564442.0,111526208.0,13925.0
3830,1760001190584761.0,111544540.0,5026.0
3831,1760001190601312.0,111562780.0,4975.0
3832,1760001190621628.0,111581036.0,5000.0
3833,1760001190641991.0,111601460.0,7156.0
3834,1760001190658746.0,111619848.0,5126.0
3835,1760001190679311.0,111640112.0,6994.0
3836,1760001190699288.0,111658268.0,4900.0
3837,1760001190716029.0,111678408.0,6871.0
3838,1760001190744725.0,111705648.0,13928.0
3839,1760001190769170.0,111729096.0,10116.0
3840,1760001190793603.0,111752748.0,10316.0
3841,1760001190810377.0,111771196.0,5141.0
3842,1760001190830671.0,111791240.0,6770.0
3843,1760001190851125.0,111811188.0,6676.0
3844,1760001190875698.0,111834620.0,10142.0
3845,1760001190896276.0,111858324.0,10368.0
3846,1760001190920810.0,111881976.0,10316.0
3847,1760001190945409.0,111905628.0,10319.0
3848,1760001190973770.0,111932916.0,13928.0
3849,1760001190994765.0,111956672.0,10420.0
3850,1760001191019098.0,111980352.0,10342.0
3851,1760001191047677.0,112007664.0,13951.0
3852,1760001191076421.0,112034956.0,13928.0
3853,1760001191096863.0,112058684.0,10394.0
3854,1760001191121473.0,112082408.0,10393.0
3855,1760001191146084.0,112106108.0,10367.0
3856,1760001191170500.0,112129688.0,10242.0
3857,1760001191194952.0,112153288.0,10268.0
3858,1760001191219794.0,112180576.0,13928.0
3859,1760001191248373.0,112207864.0,13934.0
3860,1760001191276763.0,112235152.0,13928.0
3861,1760001191301665.0,112262440.0,13928.0
3862,1760001191326157.0,112285952.0,10168.0
3863,1760001191354701.0,112313244.0,13935.0
3864,1760001191375361.0,112336968.0,10387.0
3865,1760001191399968.0,112360504.0,10194.0
3866,1760001191428539.0,112387784.0,13925.0
3867,1760001191453046.0,112411284.0,10168.0
3868,1760001191473819.0,112434736.0,10116.0
3869,1760001191498258.0,112458492.0,10420.0
3870,1760001191526819.0,112485780.0,13928.0
3871,1760001191551307.0,112509636.0,10519.0
3872,1760001191571973.0,112533212.0,10243.0
3873,1760001191596569.0,112556936.0,10393.0
3874,1760001191621145.0,112580644.0,10368.0
3875,1760001191645558.0,112604220.0,10241.0
3876,1760001191666197.0,112627664.0,10116.0
3877,1760001191694859.0,112654956.0,13928.0
3878,1760001191719424.0,112678680.0,10393.0
3879,1760001191743856.0,112702356.0,10342.0
3880,1760001191768275.0,112725956.0,10267.0
3881,1760001191789104.0,112749480.0,10191.0
3882,1760001191813719.0,112773080.0,10267.0
3883,1760001191838152.0,112796780.0,10362.0
3884,1760001191862581.0,112820508.0,10394.0
3885,1760001191887455.0,112847800.0,13931.0
3886,1760001191912007.0,112871532.0,10387.0
3887,1760001191936428.0,112895260.0,10394.0
3888,1760001191964887.0,112922548.0,13931.0
3889,1760001191985662.0,112946252.0,10362.0
