,Computer Time (microseconds),Arduino Time (seconds),pulseTime (microseconds)
0,1760002573174797.0,77271408.0,4801.0
1,1760002573175000.0,77289416.0,4807.0
2,1760002573175277.0,77307428.0,4801.0
3,1760002573175463.0,77325436.0,4802.0
4,1760002573175672.0,77343468.0,4828.0
5,1760002573175973.0,77361476.0,4801.0
6,1760002573176151.0,77379508.0,4834.0
7,1760002573176315.0,77397520.0,4802.0
8,1760002573176478.0,77415556.0,4828.0
9,1760002573176642.0,77433584.0,4828.0
10,1760002573176807.0,77451624.0,4827.0
11,1760002573176969.0,77469660.0,4835.0
12,1760002573177130.0,77487696.0,4828.0
13,1760002573177290.0,77505704.0,4801.0
14,1760002573177451.0,77523712.0,4802.0
15,1760002573177616.0,77541720.0,4801.0
16,1760002573177776.0,77559728.0,4808.0
17,1760002573177938.0,77577740.0,4802.0
18,1760002573178099.0,77595728.0,4776.0
19,1760002573178258.0,77613736.0,4803.0
20,1760002573178421.0,77631720.0,4777.0
21,1760002573178582.0,77649728.0,4808.0
22,1760002573178743.0,77667736.0,4803.0
23,1760002573178903.0,77685748.0,4809.0
24,1760002573179066.0,77703760.0,4802.0
25,1760002573179234.0,77721796.0,4828.0
26,1760002573179400.0,77739804.0,4806.0
27,1760002573179573.0,77757844.0,4828.0
28,1760002573179742.0,77775884.0,4834.0
29,1760002573179908.0,77793912.0,4828.0
30,1760002573180074.0,77811924.0,4802.0
31,1760002573180248.0,77829964.0,4834.0
32,1760002573180432.0,77848000.0,4828.0
33,1760002573180601.0,77866056.0,4853.0
34,1760002573180776.0,77889556.0,10266.0
35,1760002573180947.0,77907688.0,4879.0
36,1760002573181122.0,77925748.0,4854.0
37,1760002573181289.0,77943852.0,4885.0
38,1760002573181460.0,77961904.0,4854.0
39,1760002573181639.0,77979944.0,4828.0
40,1760002573181808.0,77997976.0,4834.0
41,1760002573181981.0,78016016.0,4828.0
42,1760002573182144.0,78034024.0,4802.0
43,1760002573182311.0,78052108.0,4881.0
44,1760002573182479.0,78070144.0,4829.0
45,1760002573182647.0,78088184.0,4834.0
46,1760002573182868.0,78106220.0,4828.0
47,1760002573183046.0,78124256.0,4828.0
48,1760002573183211.0,78142288.0,4834.0
49,1760002573183483.0,78160300.0,4801.0
50,1760002573183651.0,78178368.0,4860.0
51,1760002573183906.0,78196368.0,4802.0
52,1760002573184131.0,78214428.0,4853.0
53,1760002573184311.0,78232436.0,4808.0
54,1760002573184476.0,78250448.0,4801.0
55,1760002573184637.0,78268460.0,4808.0
56,1760002573184805.0,78286440.0,4775.0
57,1760002573184971.0,78304472.0,4828.0
58,1760002573185134.0,78322460.0,4781.0
59,1760002573185302.0,78340468.0,4801.0
60,1760002573185467.0,78358484.0,4807.0
61,1760002573185637.0,78376444.0,4754.0
62,1760002573185805.0,78394432.0,4776.0
63,1760002573185976.0,78412464.0,4827.0
64,1760002573186145.0,78430448.0,4776.0
65,1760002573186329.0,78448436.0,4781.0
66,1760002573186508.0,78466444.0,4801.0
67,1760002573186683.0,78484460.0,4807.0
68,1760002573186853.0,78502420.0,4754.0
69,1760002573187026.0,78520384.0,4757.0
70,1760002573187195.0,78538340.0,4754.0
71,1760002573187362.0,78556328.0,4775.0
72,1760002573187527.0,78574288.0,4753.0
73,1760002573187692.0,78592276.0,4775.0
74,1760002573187946.0,78610212.0,4734.0
75,1760002573188127.0,78628200.0,4776.0
76,1760002573188328.0,78646160.0,4760.0
77,1760002573188525.0,78664120.0,4753.0
78,1760002573188693.0,78682080.0,4759.0
79,1760002573188872.0,78700064.0,4779.0
80,1760002573189045.0,78718024.0,4753.0
81,1760002573189212.0,78736056.0,4828.0
82,1760002573189396.0,78754084.0,4827.0
83,1760002573189623.0,78772044.0,4759.0
84,1760002573189803.0,78790076.0,4827.0
85,1760002573190026.0,78808092.0,4811.0
86,1760002573190292.0,78826048.0,4753.0
87,1760002573190504.0,78844008.0,4753.0
88,1760002573190670.0,78862040.0,4827.0
89,1760002573190832.0,78880096.0,4853.0
90,1760002573191030.0,78898128.0,4833.0
91,1760002573191193.0,78916136.0,4802.0
92,1760002573191357.0,78934168.0,4827.0
93,1760002573191522.0,78952224.0,4853.0
94,1760002573191682.0,78970232.0,4802.0
95,1760002573191843.0,78988312.0,4860.0
96,1760002573192004.0,79006312.0,4802.0
97,1760002573192165.0,79024320.0,4801.0
98,1760002573192329.0,79042356.0,4828.0
99,1760002573192489.0,79060364.0,4801.0
100,1760002573192651.0,79078380.0,4807.0
101,1760002573192812.0,79096364.0,4776.0
102,1760002573192975.0,79114372.0,4802.0
103,1760002573193138.0,79132404.0,4828.0
104,1760002573193301.0,79150388.0,4775.0
105,1760002573193462.0,79168376.0,4782.0
106,1760002573193624.0,79186384.0,4801.0
107,1760002573193803.0,79204404.0,4808.0
108,1760002573194038.0,79222428.0,4828.0
109,1760002573194256.0,79240464.0,4828.0
110,1760002573194427.0,79258448.0,4782.0
111,1760002573194588.0,79276460.0,4802.0
112,1760002573194747.0,79294500.0,4833.0
113,1760002573194911.0,79312504.0,4802.0
114,1760002573195071.0,79330512.0,4802.0
115,1760002573195229.0,79348544.0,4833.0
116,1760002573195389.0,79366556.0,4801.0
117,1760002573195551.0,79384596.0,4834.0
118,1760002573195713.0,79402628.0,4828.0
119,1760002573195881.0,79420664.0,4827.0
120,1760002573196055.0,79438676.0,4808.0
121,1760002573196232.0,79456688.0,4802.0
122,1760002573196407.0,79474704.0,4808.0
123,1760002573196577.0,79492728.0,4827.0
124,1760002573196752.0,79510736.0,4803.0
125,1760002573196923.0,79528748.0,4808.0
126,1760002573197089.0,79546756.0,4802.0
127,1760002573197256.0,79564772.0,4808.0
128,1760002573197423.0,79582760.0,4777.0
129,1760002573197604.0,79600772.0,4802.0
130,1760002573197770.0,79618828.0,4854.0
131,1760002573197937.0,79636868.0,4829.0
132,1760002573198099.0,79654908.0,4834.0
133,1760002573198258.0,79672920.0,4802.0
134,1760002573198423.0,79690928.0,4802.0
135,1760002573198585.0,79708940.0,4803.0
136,1760002573198746.0,79726976.0,4828.0
137,1760002573198908.0,79745016.0,4834.0
138,1760002573199069.0,79763052.0,4827.0
139,1760002573199229.0,79781092.0,4828.0
140,1760002573199394.0,79799128.0,4834.0
141,1760002573199555.0,79817164.0,4827.0
142,1760002573199716.0,79835180.0,4808.0
143,1760002573199878.0,79853164.0,4780.0
144,1760002573200040.0,79871148.0,4779.0
145,1760002573200209.0,79889188.0,4827.0
146,1760002573200377.0,79907176.0,4780.0
147,1760002573200545.0,79925164.0,4785.0
148,1760002573200718.0,79943152.0,4780.0
149,1760002573200886.0,79961148.0,4786.0
150,1760002573201056.0,79979152.0,4802.0
151,1760002573201223.0,79997136.0,4780.0
152,1760002573201389.0,80015124.0,4785.0
153,1760002573201555.0,80033112.0,4779.0
154,1760002573201718.0,80051072.0,4759.0
155,1760002573201883.0,80069080.0,4801.0
156,1760002573202049.0,80087048.0,4760.0
157,1760002573202210.0,80105000.0,4753.0
158,1760002573202372.0,80122960.0,4753.0
159,1760002573202532.0,80140940.0,4780.0
160,1760002573202689.0,80158948.0,4802.0
161,1760002573202853.0,80176932.0,4786.0
162,1760002573203013.0,80194944.0,4801.0
163,1760002573203172.0,80213020.0,4860.0
164,1760002573203333.0,80230972.0,4754.0
165,1760002573203493.0,80248928.0,4753.0
166,1760002573203655.0,80266984.0,4853.0
167,1760002573203817.0,80284972.0,4780.0
168,1760002573203979.0,80302960.0,4785.0
169,1760002573204144.0,80320948.0,4779.0
170,1760002573204309.0,80338964.0,4808.0
171,1760002573204526.0,80356944.0,4779.0
172,1760002573204707.0,80374904.0,4753.0
173,1760002573204875.0,80392912.0,4806.0
174,1760002573205036.0,80410896.0,4779.0
175,1760002573205195.0,80428908.0,4808.0
176,1760002573205354.0,80446892.0,4781.0
177,1760002573205517.0,80464908.0,4808.0
178,1760002573205678.0,80482908.0,4802.0
179,1760002573205838.0,80500872.0,4755.0
180,1760002573205998.0,80518828.0,4755.0
181,1760002573206157.0,80536868.0,4828.0
182,1760002573206320.0,80554880.0,4808.0
183,1760002573206479.0,80572844.0,4755.0
184,1760002573206639.0,80590860.0,4808.0
185,1760002573206800.0,80608860.0,4802.0
186,1760002573206959.0,80626868.0,4801.0
187,1760002573207118.0,80644856.0,4776.0
188,1760002573207281.0,80662868.0,4802.0
189,1760002573207441.0,80680876.0,4808.0
190,1760002573207600.0,80698884.0,4802.0
191,1760002573207761.0,80716872.0,4780.0
192,1760002573207920.0,80734900.0,4828.0
193,1760002573208083.0,80752860.0,4754.0
194,1760002573208244.0,80770840.0,4781.0
195,1760002573208405.0,80788804.0,4754.0
196,1760002573208565.0,80806792.0,4787.0
197,1760002573208726.0,80824752.0,4754.0
198,1760002573208888.0,80842716.0,4759.0
199,1760002573209047.0,80860704.0,4780.0
200,1760002573209207.0,80878716.0,4802.0
201,1760002573209368.0,80896772.0,4852.0
202,1760002573209527.0,80914832.0,4852.0
203,1760002573209687.0,80932820.0,4785.0
204,1760002573209850.0,80950828.0,4802.0
205,1760002573210009.0,80968860.0,4827.0
206,1760002573210168.0,80986936.0,4878.0
207,1760002573210327.0,81004992.0,4853.0
208,1760002573210485.0,81023032.0,4833.0
209,1760002573210647.0,81041064.0,4828.0
210,1760002573210806.0,81059100.0,4827.0
211,1760002573210969.0,81077108.0,4808.0
212,1760002573211129.0,81095092.0,4780.0
213,1760002573211288.0,81113140.0,4834.0
214,1760002573211449.0,81131116.0,4780.0
215,1760002573211610.0,81149128.0,4802.0
216,1760002573211768.0,81167120.0,4785.0
217,1760002573211928.0,81185080.0,4754.0
218,1760002573212087.0,81203064.0,4786.0
219,1760002573212247.0,81221104.0,4827.0
220,1760002573212456.0,81239112.0,4804.0
221,1760002573212630.0,81257168.0,4853.0
222,1760002573212793.0,81275200.0,4827.0
223,1760002573212953.0,81293236.0,4834.0
224,1760002573213113.0,81311200.0,4754.0
225,1760002573213278.0,81329216.0,4807.0
226,1760002573213498.0,81347196.0,4780.0
227,1760002573213668.0,81365160.0,4753.0
228,1760002573213829.0,81383144.0,4780.0
229,1760002573213987.0,81401184.0,4828.0
230,1760002573214151.0,81419196.0,4807.0
231,1760002573214313.0,81437180.0,4780.0
232,1760002573214474.0,81455192.0,4800.0
233,1760002573214643.0,81473224.0,4828.0
234,1760002573214804.0,81491184.0,4753.0
235,1760002573214964.0,81509200.0,4808.0
236,1760002573215128.0,81527160.0,4753.0
237,1760002573215288.0,81545264.0,4886.0
238,1760002573215450.0,81563296.0,4827.0
239,1760002573215611.0,81581280.0,4775.0
240,1760002573215771.0,81599240.0,4760.0
241,1760002573215936.0,81617252.0,4801.0
242,1760002573216096.0,81635236.0,4785.0
243,1760002573216255.0,81653200.0,4754.0
244,1760002573216484.0,81671160.0,4760.0
245,1760002573216683.0,81689120.0,4755.0
246,1760002573216925.0,81707132.0,4801.0
247,1760002573217141.0,81725116.0,4780.0
248,1760002573217315.0,81743156.0,4828.0
249,1760002573217480.0,81761116.0,4760.0
250,1760002573217640.0,81779080.0,4753.0
251,1760002573217805.0,81798384.0,6079.0
252,1760002573217972.0,81816496.0,4912.0
253,1760002573218133.0,81834508.0,4801.0
254,1760002573218299.0,81852516.0,4802.0
255,1760002573218499.0,81870500.0,4781.0
256,1760002573218672.0,81888512.0,4801.0
257,1760002573218876.0,81906524.0,4807.0
258,1760002573219049.0,81924464.0,4728.0
259,1760002573219212.0,81942448.0,4786.0
260,1760002573219377.0,81960408.0,4754.0
261,1760002573219538.0,81978396.0,4786.0
262,1760002573219701.0,81996348.0,4754.0
263,1760002573219862.0,82014284.0,4728.0
264,1760002573220054.0,82032360.0,4879.0
265,1760002573220225.0,82050368.0,4802.0
266,1760002573220389.0,82068332.0,4761.0
267,1760002573220551.0,82086292.0,4754.0
268,1760002573220780.0,82104228.0,4734.0
269,1760002573220958.0,82122164.0,4728.0
270,1760002573221128.0,82140100.0,4734.0
271,1760002573221296.0,82158036.0,4728.0
272,1760002573221464.0,82175972.0,4734.0
273,1760002573221641.0,82193884.0,4702.0
274,1760002573221804.0,82211820.0,4735.0
275,1760002573222044.0,82229732.0,4702.0
276,1760002573222261.0,82247700.0,4760.0
277,1760002573222427.0,82265628.0,4728.0
278,1760002573222593.0,82283584.0,4755.0
279,1760002573222763.0,82301540.0,4754.0
280,1760002573222927.0,82319480.0,4728.0
281,1760002573223100.0,82337532.0,4853.0
282,1760002573223282.0,82355468.0,4728.0
283,1760002573223465.0,82373428.0,4760.0
284,1760002573223627.0,82391412.0,4776.0
285,1760002573223794.0,82409352.0,4733.0
286,1760002573223963.0,82427260.0,4702.0
287,1760002573224130.0,82445304.0,4833.0
288,1760002573224299.0,82463264.0,4754.0
289,1760002573224459.0,82481224.0,4755.0
290,1760002573224626.0,82499156.0,4728.0
291,1760002573224794.0,82517092.0,4727.0
292,1760002573224962.0,82535076.0,4781.0
293,1760002573225142.0,82553036.0,4754.0
294,1760002573225303.0,82570972.0,4734.0
295,1760002573225463.0,82588884.0,4702.0
296,1760002573225625.0,82606840.0,4760.0
297,1760002573225789.0,82624776.0,4728.0
298,1760002573225984.0,82642712.0,4735.0
299,1760002573226241.0,82660672.0,4750.0
300,1760002573226476.0,82678608.0,4734.0
301,1760002573226759.0,82696544.0,4728.0
302,1760002573226928.0,82714480.0,4734.0
303,1760002573227088.0,82732388.0,4702.0
304,1760002573227263.0,82750328.0,4735.0
305,1760002573227424.0,82768264.0,4728.0
306,1760002573227585.0,82786252.0,4781.0
307,1760002573227775.0,82804212.0,4754.0
308,1760002573228107.0,82822176.0,4760.0
309,1760002573228294.0,82840108.0,4729.0
310,1760002573228458.0,82858068.0,4754.0
311,1760002573228643.0,82876072.0,4802.0
312,1760002573228822.0,82894056.0,4780.0
313,1760002573229000.0,82912044.0,4782.0
314,1760002573229182.0,82930004.0,4754.0
315,1760002573229365.0,82947992.0,4781.0
316,1760002573229560.0,82966000.0,4802.0
317,1760002573229742.0,82983968.0,4761.0
318,1760002573229968.0,83001900.0,4728.0
319,1760002573230151.0,83019840.0,4731.0
320,1760002573230314.0,83037796.0,4755.0
321,1760002573230476.0,83055736.0,4728.0
322,1760002573230638.0,83073720.0,4780.0
323,1760002573230802.0,83091656.0,4728.0
324,1760002573230972.0,83109592.0,4734.0
325,1760002573231145.0,83127532.0,4728.0
326,1760002573231315.0,83145464.0,4734.0
327,1760002573231541.0,83163404.0,4728.0
328,1760002573231718.0,83181364.0,4759.0
329,1760002573231886.0,83199300.0,4729.0
330,1760002573232054.0,83217212.0,4707.0
331,1760002573232221.0,83235172.0,4754.0
332,1760002573232396.0,83253104.0,4734.0
333,1760002573232566.0,83271064.0,4755.0
334,1760002573232801.0,83289000.0,4733.0
335,1760002573232988.0,83306932.0,4727.0
336,1760002573233152.0,83324916.0,4785.0
337,1760002573233323.0,83342876.0,4754.0
338,1760002573233496.0,83360816.0,4734.0
339,1760002573233662.0,83378772.0,4753.0
340,1760002573233831.0,83396708.0,4727.0
341,1760002573233995.0,83414760.0,4853.0
342,1760002573234208.0,83432744.0,4776.0
343,1760002573234381.0,83450708.0,4761.0
344,1760002573234545.0,83468668.0,4750.0
345,1760002573234710.0,83486608.0,4734.0
346,1760002573234871.0,83504544.0,4728.0
347,1760002573235031.0,83522480.0,4735.0
348,1760002573235191.0,83540412.0,4727.0
349,1760002573235349.0,83558352.0,4734.0
350,1760002573235509.0,83576264.0,4701.0
351,1760002573235671.0,83594200.0,4734.0
352,1760002573235832.0,83612132.0,4728.0
353,1760002573236059.0,83630096.0,4759.0
354,1760002573236222.0,83648028.0,4728.0
355,1760002573236380.0,83665968.0,4734.0
356,1760002573236618.0,83683872.0,4702.0
357,1760002573236792.0,83701832.0,4753.0
358,1760002573236954.0,83719836.0,4802.0
359,1760002573237116.0,83737820.0,4780.0
360,1760002573237277.0,83755780.0,4759.0
361,1760002573237440.0,83773712.0,4727.0
362,1760002573237600.0,83791672.0,4760.0
363,1760002573237758.0,83809612.0,4727.0
364,1760002573237917.0,83827548.0,4734.0
365,1760002573238077.0,83845508.0,4754.0
366,1760002573238238.0,83863520.0,4807.0
367,1760002573238396.0,83881480.0,4753.0
368,1760002573238557.0,83899444.0,4760.0
369,1760002573238716.0,83917376.0,4729.0
370,1760002573238874.0,83935312.0,4727.0
371,1760002573239037.0,83953364.0,4853.0
372,1760002573239205.0,83971324.0,4753.0
373,1760002573239365.0,83989284.0,4760.0
374,1760002573239532.0,84007244.0,4754.0
375,1760002573239702.0,84025204.0,4760.0
376,1760002573239872.0,84043184.0,4779.0
377,1760002573240043.0,84061144.0,4759.0
378,1760002573240213.0,84079104.0,4755.0
379,1760002573240380.0,84097068.0,4759.0
380,1760002573240541.0,84115044.0,4780.0
381,1760002573240708.0,84133004.0,4753.0
382,1760002573240877.0,84151012.0,4807.0
383,1760002573241050.0,84168972.0,4753.0
384,1760002573241219.0,84186908.0,4734.0
385,1760002573241385.0,84204868.0,4754.0
386,1760002573241548.0,84222828.0,4760.0
387,1760002573241740.0,84240764.0,4728.0
388,1760002573241930.0,84258700.0,4734.0
389,1760002573242097.0,84276660.0,4754.0
390,1760002573242259.0,84294596.0,4734.0
391,1760002573242420.0,84312532.0,4728.0
392,1760002573242583.0,84330468.0,4734.0
393,1760002573242742.0,84348380.0,4702.0
394,1760002573242901.0,84366288.0,4708.0
395,1760002573243066.0,84384248.0,4754.0
396,1760002573243226.0,84402188.0,4734.0
397,1760002573243386.0,84420120.0,4727.0
398,1760002573243546.0,84438104.0,4780.0
399,1760002573243705.0,84456108.0,4806.0
400,1760002573243864.0,84474044.0,4727.0
401,1760002573244043.0,84491980.0,4729.0
402,1760002573244200.0,84509968.0,4781.0
403,1760002573244355.0,84527952.0,4782.0
404,1760002573244509.0,84545912.0,4754.0
405,1760002573244664.0,84563924.0,4807.0
406,1760002573244817.0,84581912.0,4780.0
407,1760002573244987.0,84599872.0,4754.0
408,1760002573245148.0,84617924.0,4854.0
409,1760002573245308.0,84635884.0,4753.0
410,1760002573245468.0,84653868.0,4786.0
411,1760002573245626.0,84671880.0,4802.0
412,1760002573245784.0,84689892.0,4807.0
413,1760002573245946.0,84707880.0,4781.0
414,1760002573246109.0,84725912.0,4828.0
415,1760002573246271.0,84743992.0,4879.0
416,1760002573246433.0,84762000.0,4803.0
417,1760002573246591.0,84779964.0,4759.0
418,1760002573246752.0,84797928.0,4753.0
419,1760002573246911.0,84815896.0,4760.0
420,1760002573247084.0,84833896.0,4802.0
421,1760002573247236.0,84851904.0,4802.0
422,1760002573247391.0,84869940.0,4828.0
423,1760002573247548.0,84887972.0,4829.0
424,1760002573247708.0,84905956.0,4783.0
425,1760002573247867.0,84923916.0,4754.0
426,1760002573248040.0,84941860.0,4734.0
427,1760002573248203.0,84959792.0,4729.0
428,1760002573248370.0,84977728.0,4729.0
429,1760002573248539.0,84995808.0,4880.0
430,1760002573248706.0,85013788.0,4780.0
431,1760002573248926.0,85031748.0,4761.0
432,1760002573249106.0,85049688.0,4728.0
433,1760002573249286.0,85067624.0,4734.0
434,1760002573249449.0,85085560.0,4727.0
435,1760002573249613.0,85103548.0,4781.0
436,1760002573249775.0,85121536.0,4776.0
437,1760002573249939.0,85139544.0,4802.0
438,1760002573250111.0,85157576.0,4829.0
439,1760002573250374.0,85175560.0,4776.0
440,1760002573250550.0,85193548.0,4782.0
441,1760002573250780.0,85211512.0,4754.0
442,1760002573250955.0,85229500.0,4782.0
443,1760002573251118.0,85247508.0,4802.0
444,1760002573251284.0,85265540.0,4828.0
445,1760002573251445.0,85283596.0,4854.0
446,1760002573251606.0,85301556.0,4754.0
447,1760002573251766.0,85319516.0,4761.0
448,1760002573251925.0,85337480.0,4753.0
449,1760002573252090.0,85355496.0,4808.0
450,1760002573252253.0,85373456.0,4755.0
451,1760002573252427.0,85391424.0,4760.0
452,1760002573252593.0,85409376.0,4755.0
453,1760002573252756.0,85427336.0,4754.0
454,1760002573252918.0,85445392.0,4854.0
455,1760002573253078.0,85463400.0,4801.0
456,1760002573253237.0,85481360.0,4761.0
457,1760002573253405.0,85499300.0,4729.0
458,1760002573253567.0,85517236.0,4734.0
459,1760002573253729.0,85535196.0,4755.0
460,1760002573253889.0,85553164.0,4760.0
461,1760002573254049.0,85571116.0,4755.0
462,1760002573254209.0,85589076.0,4755.0
463,1760002573254368.0,85607108.0,4829.0
464,1760002573254530.0,85625092.0,4780.0
465,1760002573254690.0,85643028.0,4734.0
466,1760002573254848.0,85660964.0,4728.0
467,1760002573255014.0,85678900.0,4734.0
468,1760002573255177.0,85696836.0,4729.0
469,1760002573255338.0,85714772.0,4734.0
470,1760002573255502.0,85732708.0,4729.0
471,1760002573255663.0,85750644.0,4735.0
472,1760002573255841.0,85768580.0,4728.0
473,1760002573256007.0,85786520.0,4734.0
474,1760002573256174.0,85804456.0,4727.0
475,1760002573256345.0,85822392.0,4734.0
476,1760002573256514.0,85840348.0,4753.0
477,1760002573256682.0,85858284.0,4735.0
478,1760002573256843.0,85876220.0,4727.0
479,1760002573257142.0,85894164.0,4735.0
480,1760002573257399.0,85912092.0,4728.0
481,1760002573257570.0,85930052.0,4755.0
482,1760002573257732.0,85948008.0,4754.0
483,1760002573257892.0,85965948.0,4728.0
484,1760002573258050.0,85983952.0,4806.0
485,1760002573258211.0,86001912.0,4755.0
486,1760002573258370.0,86019924.0,4807.0
487,1760002573258528.0,86037884.0,4754.0
488,1760002573258688.0,86055852.0,4760.0
489,1760002573258846.0,86073812.0,4755.0
490,1760002573259070.0,86091772.0,4760.0
491,1760002573259230.0,86109732.0,4754.0
492,1760002573259385.0,86127672.0,4734.0
493,1760002573259562.0,86145628.0,4754.0
494,1760002573259735.0,86163560.0,4727.0
495,1760002573259903.0,86181572.0,4807.0
496,1760002573260073.0,86199556.0,4776.0
497,1760002573260231.0,86217488.0,4734.0
498,1760002573260386.0,86235428.0,4729.0
499,1760002573260536.0,86253360.0,4734.0
500,1760002573260689.0,86271296.0,4727.0
501,1760002573260843.0,86289236.0,4734.0
502,1760002573260995.0,86307172.0,4728.0
503,1760002573261147.0,86325108.0,4734.0
504,1760002573261298.0,86343044.0,4729.0
505,1760002573261448.0,86361056.0,4806.0
506,1760002573261639.0,86379040.0,4780.0
507,1760002573261798.0,86397024.0,4776.0
508,1760002573261951.0,86414984.0,4754.0
509,1760002573262101.0,86432920.0,4729.0
510,1760002573262250.0,86450944.0,4828.0
511,1760002573262404.0,86468904.0,4755.0
512,1760002573262553.0,86486836.0,4733.0
513,1760002573262702.0,86504796.0,4754.0
514,1760002573262851.0,86522728.0,4734.0
515,1760002573263000.0,86540668.0,4728.0
516,1760002573263153.0,86558708.0,4834.0
517,1760002573263305.0,86576668.0,4755.0
518,1760002573263456.0,86594628.0,4754.0
519,1760002573263605.0,86612584.0,4755.0
520,1760002573263757.0,86630568.0,4776.0
521,1760002573263916.0,86648508.0,4729.0
522,1760002573264074.0,86666440.0,4729.0
523,1760002573264283.0,86684376.0,4735.0
524,1760002573264446.0,86702284.0,4702.0
525,1760002573264600.0,86720220.0,4736.0
526,1760002573264850.0,86738132.0,4703.0
527,1760002573265045.0,86756068.0,4736.0
528,1760002573265227.0,86774004.0,4729.0
529,1760002573265399.0,86791964.0,4756.0
530,1760002573265551.0,86809928.0,4755.0
531,1760002573265702.0,86827912.0,4782.0
532,1760002573265856.0,86845876.0,4755.0
533,1760002573266007.0,86863860.0,4783.0
534,1760002573266157.0,86881824.0,4755.0
535,1760002573266307.0,86899808.0,4776.0
536,1760002573266458.0,86917860.0,4855.0
537,1760002573266611.0,86935868.0,4802.0
538,1760002573266761.0,86953876.0,4808.0
539,1760002573266912.0,86971860.0,4776.0
540,1760002573267077.0,86989852.0,4787.0
541,1760002573267232.0,87007832.0,4777.0
542,1760002573267388.0,87025820.0,4776.0
543,1760002573267547.0,87043828.0,4803.0
544,1760002573267703.0,87061792.0,4755.0
545,1760002573267859.0,87079728.0,4735.0
546,1760002573268031.0,87097664.0,4729.0
547,1760002573268196.0,87115596.0,4734.0
548,1760002573268361.0,87133556.0,4754.0
549,1760002573268528.0,87151596.0,4834.0
550,1760002573268691.0,87169584.0,4775.0
551,1760002573268856.0,87187572.0,4780.0
552,1760002573269018.0,87205576.0,4806.0
553,1760002573269181.0,87223612.0,4828.0
554,1760002573269341.0,87241572.0,4760.0
555,1760002573269502.0,87259536.0,4754.0
556,1760002573269662.0,87277472.0,4735.0
557,1760002573269827.0,87295408.0,4729.0
558,1760002573269990.0,87313392.0,4782.0
559,1760002573270149.0,87331352.0,4753.0
560,1760002573270309.0,87349312.0,4755.0
561,1760002573270469.0,87367320.0,4803.0
562,1760002573270631.0,87385304.0,4776.0
563,1760002573270790.0,87403264.0,4761.0
564,1760002573270953.0,87421224.0,4755.0
565,1760002573271163.0,87439236.0,4807.0
566,1760002573271340.0,87457224.0,4776.0
567,1760002573271497.0,87475216.0,4782.0
568,1760002573271656.0,87493192.0,4780.0
569,1760002573271815.0,87511176.0,4776.0
570,1760002573271970.0,87529180.0,4802.0
571,1760002573272124.0,87547164.0,4777.0
572,1760002573272280.0,87565176.0,4809.0
573,1760002573272435.0,87583160.0,4777.0
574,1760002573272602.0,87601120.0,4761.0
575,1760002573272766.0,87619104.0,4776.0
576,1760002573272922.0,87637088.0,4777.0
577,1760002573273250.0,87655092.0,4803.0
578,1760002573273419.0,87673056.0,4755.0
579,1760002573273576.0,87691040.0,4782.0
580,1760002573273739.0,87708976.0,4729.0
581,1760002573273896.0,87726936.0,4761.0
582,1760002573274051.0,87744952.0,4803.0
583,1760002573274206.0,87762916.0,4761.0
584,1760002573274407.0,87780924.0,4802.0
585,1760002573274599.0,87798912.0,4781.0
586,1760002573274758.0,87816920.0,4802.0
587,1760002573274916.0,87834932.0,4802.0
588,1760002573275072.0,87852940.0,4808.0
589,1760002573275225.0,87870944.0,4803.0
590,1760002573275383.0,87888960.0,4808.0
591,1760002573275539.0,87906940.0,4781.0
592,1760002573275694.0,87924980.0,4828.0
593,1760002573275857.0,87942992.0,4808.0
594,1760002573276013.0,87961000.0,4803.0
595,1760002573276169.0,87979020.0,4809.0
596,1760002573276327.0,87996980.0,4754.0
597,1760002573276482.0,88014992.0,4802.0
598,1760002573276638.0,88032996.0,4806.0
599,1760002573276794.0,88050956.0,4755.0
600,1760002573276949.0,88068996.0,4834.0
601,1760002573277108.0,88086956.0,4754.0
602,1760002573277264.0,88104916.0,4761.0
603,1760002573277421.0,88122876.0,4754.0
604,1760002573277577.0,88140840.0,4760.0
605,1760002573277733.0,88158796.0,4754.0
606,1760002573277891.0,88176832.0,4827.0
607,1760002573278060.0,88194816.0,4779.0
608,1760002573278211.0,88212776.0,4754.0
609,1760002573278363.0,88230736.0,4760.0
610,1760002573278513.0,88248696.0,4754.0
611,1760002573278665.0,88266768.0,4859.0
612,1760002573278818.0,88284800.0,4828.0
613,1760002573278969.0,88302812.0,4803.0
614,1760002573279130.0,88320820.0,4808.0
615,1760002573279276.0,88338848.0,4828.0
616,1760002573279422.0,88356832.0,4786.0
617,1760002573279571.0,88374840.0,4802.0
618,1760002573279716.0,88392804.0,4755.0
619,1760002573279861.0,88410788.0,4780.0
620,1760002573280007.0,88428848.0,4853.0
621,1760002573280155.0,88446860.0,4808.0
622,1760002573280303.0,88464872.0,4803.0
623,1760002573280450.0,88482884.0,4802.0
624,1760002573280598.0,88500912.0,4829.0
625,1760002573280746.0,88518948.0,4828.0
626,1760002573280895.0,88537008.0,4859.0
627,1760002573281066.0,88554996.0,4780.0
628,1760002573281238.0,88572960.0,4761.0
629,1760002573281436.0,88590912.0,4753.0
630,1760002573281604.0,88608876.0,4754.0
631,1760002573281756.0,88626880.0,4807.0
632,1760002573281950.0,88644888.0,4802.0
633,1760002573282141.0,88662848.0,4760.0
634,1760002573282299.0,88680860.0,4802.0
635,1760002573282515.0,88698796.0,4734.0
636,1760002573282713.0,88716804.0,4801.0
637,1760002573282863.0,88734772.0,4761.0
638,1760002573283013.0,88752828.0,4853.0
639,1760002573283175.0,88770864.0,4828.0
640,1760002573283326.0,88788824.0,4760.0
641,1760002573283475.0,88806784.0,4754.0
642,1760002573283628.0,88830216.0,10191.0
643,1760002573283778.0,88848308.0,4834.0
644,1760002573283927.0,88866264.0,4754.0
645,1760002573284073.0,88884280.0,4809.0
646,1760002573284219.0,88902284.0,4803.0
647,1760002573284365.0,88920268.0,4776.0
648,1760002573284510.0,88938308.0,4835.0
649,1760002573284660.0,88956316.0,4803.0
650,1760002573284846.0,88974300.0,4783.0
651,1760002573285002.0,88992260.0,4756.0
652,1760002573285169.0,89010300.0,4828.0
653,1760002573285320.0,89028280.0,4781.0
654,1760002573285478.0,89055464.0,13922.0
655,1760002573285632.0,89073532.0,4808.0
656,1760002573285783.0,89091516.0,4776.0
657,1760002573285931.0,89109504.0,4782.0
658,1760002573286092.0,89127488.0,4777.0
659,1760002573286239.0,89145448.0,4754.0
660,1760002573286385.0,89163404.0,4754.0
661,1760002573286529.0,89181364.0,4754.0
662,1760002573286674.0,89199324.0,4753.0
663,1760002573286816.0,89217256.0,4727.0
664,1760002573286962.0,89235192.0,4734.0
665,1760002573287107.0,89253152.0,4754.0
666,1760002573287252.0,89271112.0,4760.0
667,1760002573287396.0,89289124.0,4802.0
668,1760002573287539.0,89307084.0,4761.0
669,1760002573287682.0,89325044.0,4754.0
670,1760002573287868.0,89343052.0,4802.0
671,1760002573288027.0,89361060.0,4806.0
672,1760002573288175.0,89379096.0,4828.0
673,1760002573288328.0,89397056.0,4761.0
674,1760002573288473.0,89415016.0,4755.0
675,1760002573288621.0,89433112.0,4885.0
676,1760002573288767.0,89451172.0,4854.0
677,1760002573288921.0,89469208.0,4828.0
678,1760002573289069.0,89487172.0,4761.0
679,1760002573289226.0,89505236.0,4854.0
680,1760002573289380.0,89523272.0,4828.0
681,1760002573289528.0,89541256.0,4781.0
682,1760002573289685.0,89559288.0,4827.0
683,1760002573289838.0,89577276.0,4787.0
684,1760002573290193.0,89595340.0,4854.0
685,1760002573290338.0,89613408.0,4854.0
686,1760002573290503.0,89631388.0,4781.0
687,1760002573290645.0,89649372.0,4779.0
688,1760002573290766.0,89667356.0,4786.0
689,1760002573290889.0,89685344.0,4780.0
690,1760002573291013.0,89703408.0,4860.0
691,1760002573291135.0,89721364.0,4754.0
692,1760002573291292.0,89739348.0,4780.0
693,1760002573291432.0,89757332.0,4780.0
694,1760002573291574.0,89775396.0,4854.0
695,1760002573291716.0,89793456.0,4860.0
696,1760002573291857.0,89811444.0,4781.0
697,1760002573292018.0,89829456.0,4806.0
698,1760002573292164.0,89847440.0,4781.0
699,1760002573292308.0,89865456.0,4806.0
700,1760002573292454.0,89883468.0,4812.0
701,1760002573292604.0,89901452.0,4779.0
702,1760002573292749.0,89919528.0,4860.0
703,1760002573292894.0,89937508.0,4781.0
704,1760002573293039.0,89955572.0,4854.0
705,1760002573293186.0,89973632.0,4860.0
706,1760002573293334.0,89991672.0,4828.0
707,1760002573293479.0,90009688.0,4807.0
708,1760002573293623.0,90027668.0,4780.0
709,1760002573293768.0,90045656.0,4781.0
710,1760002573293912.0,90063640.0,4786.0
711,1760002573294058.0,90081680.0,4828.0
712,1760002573294203.0,90099776.0,4884.0
713,1760002573294348.0,90117784.0,4806.0
714,1760002573294492.0,90135772.0,4781.0
715,1760002573294637.0,90153760.0,4787.0
716,1760002573294784.0,90171748.0,4780.0
717,1760002573294931.0,90189736.0,4786.0
718,1760002573295087.0,90207748.0,4807.0
719,1760002573295228.0,90225760.0,4806.0
720,1760002573295376.0,90243812.0,4854.0
721,1760002573295525.0,90261848.0,4828.0
722,1760002573295673.0,90279860.0,4813.0
723,1760002573295820.0,90297896.0,4828.0
724,1760002573295966.0,90315956.0,4855.0
725,1760002573296112.0,90333944.0,4780.0
726,1760002573296257.0,90351932.0,4781.0
727,1760002573296406.0,90369968.0,4834.0
728,1760002573296552.0,90387984.0,4807.0
729,1760002573296695.0,90406044.0,4854.0
730,1760002573296840.0,90424076.0,4828.0
731,1760002573296984.0,90442064.0,4780.0
732,1760002573297131.0,90460052.0,4787.0
733,1760002573297277.0,90478040.0,4781.0
734,1760002573297422.0,90496036.0,4787.0
735,1760002573297571.0,90514016.0,4781.0
736,1760002573297722.0,90532052.0,4828.0
737,1760002573297873.0,90550068.0,4813.0
738,1760002573298029.0,90568104.0,4828.0
739,1760002573298182.0,90586124.0,4813.0
740,1760002573298340.0,90604132.0,4806.0
741,1760002573298505.0,90622120.0,4780.0
742,1760002573298699.0,90640184.0,4854.0
743,1760002573298862.0,90658172.0,4780.0
744,1760002573299025.0,90676212.0,4834.0
745,1760002573299174.0,90694200.0,4781.0
746,1760002573299341.0,90712264.0,4854.0
747,1760002573299555.0,90730300.0,4835.0
748,1760002573299730.0,90748288.0,4780.0
749,1760002573299882.0,90766392.0,4886.0
750,1760002573300053.0,90784424.0,4828.0
751,1760002573300206.0,90802412.0,4780.0
752,1760002573300353.0,90820372.0,4761.0
753,1760002573300501.0,90838332.0,4754.0
754,1760002573300648.0,90856396.0,4860.0
755,1760002573300794.0,90874460.0,4854.0
756,1760002573300940.0,90892500.0,4828.0
757,1760002573301086.0,90910516.0,4813.0
758,1760002573301235.0,90928580.0,4855.0
759,1760002573301381.0,90946572.0,4787.0
760,1760002573301528.0,90964628.0,4854.0
761,1760002573301680.0,90982612.0,4780.0
762,1760002573301828.0,91000652.0,4834.0
763,1760002573301979.0,91018612.0,4755.0
764,1760002573302131.0,91036712.0,4885.0
765,1760002573302279.0,91054692.0,4780.0
766,1760002573302432.0,91072732.0,4832.0
767,1760002573302580.0,91090820.0,4887.0
768,1760002573302726.0,91108904.0,4880.0
769,1760002573302877.0,91127048.0,4933.0
770,1760002573303030.0,91154232.0,13929.0
771,1760002573303179.0,91172344.0,4855.0
772,1760002573303327.0,91190408.0,4855.0
773,1760002573303473.0,91208468.0,4854.0
774,1760002573303625.0,91226532.0,4855.0
775,1760002573303772.0,91244600.0,4861.0
776,1760002573303918.0,91262712.0,4908.0
777,1760002573304089.0,91289872.0,13901.0
778,1760002573304241.0,91307964.0,4835.0
779,1760002573304391.0,91326028.0,4855.0
780,1760002573304606.0,91344120.0,4881.0
781,1760002573304773.0,91362184.0,4861.0
782,1760002573304927.0,91380248.0,4855.0
783,1760002573305096.0,91398256.0,4803.0
784,1760002573305253.0,91416264.0,4803.0
785,1760002573305416.0,91434300.0,4828.0
786,1760002573305573.0,91452368.0,4861.0
787,1760002573305733.0,91470460.0,4882.0
788,1760002573305901.0,91488548.0,4882.0
789,1760002573306064.0,91506640.0,4887.0
790,1760002573306231.0,91533828.0,13924.0
791,1760002573306522.0,91551848.0,4756.0
792,1760002573306683.0,91569804.0,4756.0
793,1760002573306841.0,91587896.0,4880.0
794,1760002573306997.0,91605908.0,4809.0
795,1760002573307154.0,91623920.0,4803.0
796,1760002573307310.0,91641956.0,4827.0
797,1760002573307465.0,91659940.0,4781.0
798,1760002573307620.0,91678008.0,4855.0
799,1760002573307821.0,91696044.0,4836.0
800,1760002573307989.0,91714056.0,4803.0
801,1760002573308151.0,91732068.0,4803.0
802,1760002573308306.0,91750072.0,4803.0
803,1760002573308468.0,91768080.0,4802.0
804,1760002573308622.0,91786116.0,4834.0
805,1760002573308744.0,91804076.0,4756.0
806,1760002573308886.0,91822124.0,4835.0
807,1760002573309042.0,91840128.0,4804.0
808,1760002573309197.0,91858132.0,4803.0
809,1760002573309355.0,91876120.0,4787.0
810,1760002573309512.0,91894128.0,4803.0
811,1760002573309666.0,91912116.0,4786.0
812,1760002573309825.0,91930104.0,4781.0
813,1760002573309979.0,91948168.0,4854.0
814,1760002573310134.0,91966196.0,4828.0
815,1760002573310290.0,91984156.0,4754.0
816,1760002573310444.0,92002224.0,4860.0
817,1760002573310603.0,92020212.0,4780.0
818,1760002573310759.0,92038228.0,4806.0
819,1760002573310914.0,92056208.0,4780.0
820,1760002573311071.0,92074224.0,4806.0
821,1760002573311226.0,92092260.0,4835.0
822,1760002573311382.0,92110248.0,4781.0
823,1760002573311537.0,92128292.0,4835.0
824,1760002573311691.0,92146320.0,4828.0
825,1760002573311846.0,92164356.0,4828.0
826,1760002573312000.0,92182392.0,4834.0
827,1760002573312166.0,92200428.0,4828.0
828,1760002573312317.0,92218464.0,4828.0
829,1760002573312468.0,92236516.0,4854.0
830,1760002573312618.0,92254580.0,4854.0
831,1760002573312767.0,92272640.0,4861.0
832,1760002573312916.0,92290624.0,4781.0
833,1760002573313071.0,92308688.0,4855.0
834,1760002573313221.0,92326752.0,4861.0
835,1760002573313370.0,92344784.0,4828.0
836,1760002573313576.0,92362780.0,4787.0
837,1760002573313741.0,92380808.0,4829.0
838,1760002573313906.0,92398844.0,4829.0
839,1760002573314086.0,92416852.0,4808.0
840,1760002573314254.0,92434808.0,4755.0
841,1760002573314423.0,92452884.0,4861.0
842,1760002573314661.0,92470940.0,4855.0
843,1760002573314937.0,92489000.0,4854.0
844,1760002573315121.0,92506988.0,4787.0
845,1760002573315362.0,92525048.0,4854.0
846,1760002573315613.0,92543040.0,4785.0
847,1760002573315907.0,92561072.0,4828.0
848,1760002573316177.0,92579132.0,4854.0
849,1760002573316364.0,92597120.0,4786.0
850,1760002573316524.0,92615184.0,4854.0
851,1760002573316688.0,92633248.0,4854.0
852,1760002573316849.0,92651224.0,4780.0
853,1760002573317025.0,92669288.0,4854.0
854,1760002573317195.0,92687300.0,4813.0
855,1760002573317366.0,92705392.0,4880.0
856,1760002573317532.0,92723452.0,4854.0
857,1760002573317700.0,92741440.0,4787.0
858,1760002573317864.0,92759528.0,4879.0
859,1760002573318038.0,92777616.0,4880.0
860,1760002573318206.0,92795596.0,4780.0
861,1760002573318375.0,92813608.0,4806.0
862,1760002573318536.0,92831668.0,4860.0
863,1760002573318700.0,92849708.0,4828.0
864,1760002573318879.0,92867744.0,4828.0
865,1760002573319046.0,92885724.0,4780.0
866,1760002573319226.0,92903708.0,4780.0
867,1760002573319392.0,92921744.0,4834.0
868,1760002573319554.0,92939780.0,4828.0
869,1760002573319720.0,92957844.0,4855.0
870,1760002573319886.0,92975900.0,4854.0
871,1760002573320049.0,92993936.0,4829.0
872,1760002573320206.0,93012008.0,4860.0
873,1760002573320329.0,93030032.0,4828.0
874,1760002573320450.0,93048048.0,4806.0
875,1760002573320575.0,93066084.0,4834.0
876,1760002573320706.0,93084148.0,4855.0
877,1760002573320859.0,93102212.0,4855.0
878,1760002573321020.0,93120192.0,4781.0
879,1760002573321192.0,93138280.0,4880.0
880,1760002573321362.0,93161708.0,10191.0
881,1760002573321524.0,93179800.0,4835.0
882,1760002573321688.0,93197868.0,4855.0
883,1760002573321851.0,93215928.0,4855.0
884,1760002573322035.0,93234020.0,4881.0
885,1760002573322210.0,93252108.0,4880.0
886,1760002573322378.0,93270196.0,4880.0
887,1760002573322557.0,93288332.0,4932.0
888,1760002573322737.0,93311732.0,10166.0
889,1760002573322902.0,93329820.0,4828.0
890,1760002573323335.0,93347884.0,4859.0
891,1760002573323468.0,93365896.0,4807.0
892,1760002573323590.0,93383956.0,4854.0
893,1760002573323718.0,93407384.0,10189.0
894,1760002573323885.0,93425476.0,4834.0
895,1760002573324053.0,93448880.0,10165.0
896,1760002573324215.0,93466948.0,4807.0
897,1760002573324412.0,93484960.0,4812.0
898,1760002573324588.0,93508312.0,10116.0
899,1760002573324752.0,93526404.0,4828.0
900,1760002573324916.0,93544424.0,4813.0
901,1760002573325075.0,93562440.0,4806.0
902,1760002573325235.0,93580528.0,4881.0
903,1760002573325399.0,93603928.0,10165.0
904,1760002573325559.0,93621992.0,4807.0
905,1760002573325719.0,93640056.0,4855.0
906,1760002573325881.0,93658076.0,4813.0
907,1760002573326038.0,93676188.0,4906.0
908,1760002573326202.0,93699612.0,10190.0
909,1760002573326363.0,93717728.0,4855.0
910,1760002573326521.0,93735748.0,4813.0
911,1760002573326681.0,93753812.0,4855.0
912,1760002573326839.0,93771900.0,4881.0
913,1760002573326996.0,93790012.0,4906.0
914,1760002573327153.0,93808100.0,4881.0
915,1760002573327311.0,93826184.0,4880.0
916,1760002573327470.0,93844268.0,4880.0
917,1760002573327627.0,93862356.0,4880.0
918,1760002573327787.0,93880380.0,4813.0
919,1760002573327947.0,93898436.0,4854.0
920,1760002573328104.0,93916548.0,4906.0
921,1760002573328263.0,93934568.0,4813.0
922,1760002573328423.0,93952632.0,4855.0
923,1760002573328581.0,93970720.0,4881.0
924,1760002573328740.0,93988812.0,4886.0
925,1760002573328899.0,94006924.0,4906.0
926,1760002573329057.0,94025012.0,4880.0
927,1760002573329218.0,94043124.0,4912.0
928,1760002573329378.0,94061216.0,4881.0
929,1760002573329535.0,94079280.0,4855.0
930,1760002573329696.0,94097372.0,4887.0
931,1760002573329855.0,94115460.0,4880.0
932,1760002573330016.0,94133548.0,4880.0
933,1760002573330180.0,94151636.0,4887.0
934,1760002573330344.0,94169704.0,4854.0
935,1760002573330510.0,94187792.0,4880.0
936,1760002573330673.0,94205852.0,4860.0
937,1760002573330838.0,94223944.0,4880.0
938,1760002573331013.0,94242032.0,4881.0
939,1760002573331180.0,94260096.0,4860.0
940,1760002573331345.0,94278184.0,4880.0
941,1760002573331510.0,94296196.0,4806.0
942,1760002573331686.0,94314180.0,4780.0
943,1760002573332103.0,94332212.0,4828.0
944,1760002573332373.0,94350304.0,4885.0
945,1760002573332582.0,94368368.0,4854.0
946,1760002573332809.0,94386404.0,4829.0
947,1760002573332985.0,94404440.0,4835.0
948,1760002573333168.0,94422428.0,4781.0
949,1760002573333332.0,94440516.0,4880.0
950,1760002573333493.0,94458524.0,4807.0
951,1760002573333655.0,94476612.0,4880.0
952,1760002573333817.0,94494672.0,4860.0
953,1760002573333982.0,94512708.0,4828.0
954,1760002573334145.0,94530744.0,4828.0
955,1760002573334308.0,94548760.0,4806.0
956,1760002573334522.0,94566844.0,4879.0
957,1760002573334702.0,94584904.0,4854.0
958,1760002573334868.0,94602888.0,4781.0
959,1760002573335030.0,94620952.0,4855.0
960,1760002573335191.0,94639012.0,4859.0
961,1760002573335351.0,94657076.0,4854.0
962,1760002573335512.0,94675164.0,4880.0
963,1760002573335674.0,94693224.0,4860.0
964,1760002573335836.0,94711288.0,4855.0
965,1760002573335995.0,94729380.0,4881.0
966,1760002573336156.0,94747520.0,4932.0
967,1760002573336314.0,94765608.0,4880.0
968,1760002573336474.0,94783620.0,4805.0
969,1760002573336637.0,94801600.0,4780.0
970,1760002573336796.0,94819660.0,4854.0
971,1760002573336955.0,94837720.0,4860.0
972,1760002573337115.0,94855780.0,4854.0
973,1760002573337280.0,94873792.0,4806.0
974,1760002573337475.0,94891852.0,4854.0
975,1760002573337650.0,94909912.0,4854.0
976,1760002573337867.0,94927976.0,4854.0
977,1760002573338039.0,94946032.0,4854.0
978,1760002573338199.0,94964076.0,4832.0
979,1760002573338358.0,94982216.0,4931.0
980,1760002573338520.0,95000300.0,4879.0
981,1760002573338679.0,95018284.0,4780.0
982,1760002573338837.0,95036376.0,4886.0
983,1760002573339002.0,95059780.0,10165.0
984,1760002573339172.0,95077848.0,4806.0
985,1760002573339337.0,95095908.0,4853.0
986,1760002573339504.0,95113940.0,4828.0
987,1760002573339671.0,95132000.0,4854.0
988,1760002573339833.0,95150064.0,4860.0
989,1760002573340196.0,95168132.0,4855.0
990,1760002573340371.0,95186220.0,4880.0
991,1760002573340534.0,95204280.0,4859.0
992,1760002573340695.0,95222268.0,4780.0
993,1760002573340854.0,95240256.0,4781.0
994,1760002573341016.0,95258284.0,4832.0
995,1760002573341175.0,95276296.0,4806.0
996,1760002573341337.0,95294308.0,4812.0
997,1760002573341496.0,95312320.0,4806.0
998,1760002573341653.0,95330316.0,4787.0
999,1760002573341811.0,95348324.0,4806.0
1000,1760002573341969.0,95366336.0,4806.0
1001,1760002573342130.0,95384400.0,4858.0
1002,1760002573342290.0,95402460.0,4854.0
1003,1760002573342448.0,95420480.0,4811.0
1004,1760002573342605.0,95438460.0,4781.0
1005,1760002573342768.0,95456444.0,4780.0
1006,1760002573342932.0,95474484.0,4828.0
1007,1760002573343093.0,95492496.0,4806.0
1008,1760002573343254.0,95510512.0,4813.0
1009,1760002573343414.0,95528576.0,4854.0
1010,1760002573343572.0,95546560.0,4780.0
1011,1760002573343733.0,95564552.0,4785.0
1012,1760002573343896.0,95582568.0,4806.0
1013,1760002573344056.0,95600588.0,4813.0
1014,1760002573344218.0,95618652.0,4854.0
1015,1760002573344377.0,95636712.0,4854.0
1016,1760002573344542.0,95654780.0,4860.0
1017,1760002573344709.0,95672796.0,4807.0
1018,1760002573344870.0,95690816.0,4811.0
1019,1760002573345032.0,95708820.0,4807.0
1020,1760002573345194.0,95726804.0,4781.0
1021,1760002573345356.0,95744796.0,4786.0
1022,1760002573345519.0,95762808.0,4806.0
1023,1760002573345681.0,95780912.0,4886.0
1024,1760002573345843.0,95798916.0,4807.0
1025,1760002573346005.0,95816932.0,4806.0
1026,1760002573346167.0,95834976.0,4839.0
1027,1760002573346331.0,95853040.0,4854.0
1028,1760002573346494.0,95871036.0,4787.0
1029,1760002573346655.0,95889016.0,4779.0
1030,1760002573346817.0,95907004.0,4781.0
1031,1760002573346979.0,95925064.0,4854.0
1032,1760002573347142.0,95943080.0,4806.0
1033,1760002573347312.0,95961124.0,4834.0
1034,1760002573347480.0,95979132.0,4807.0
1035,1760002573347650.0,95997196.0,4855.0
1036,1760002573347818.0,96015236.0,4835.0
1037,1760002573347989.0,96033224.0,4780.0
1038,1760002573348225.0,96051216.0,4786.0
1039,1760002573348439.0,96069168.0,4754.0
1040,1760002573348604.0,96087152.0,4780.0
1041,1760002573348822.0,96105136.0,4781.0
1042,1760002573349222.0,96123128.0,4781.0
1043,1760002573349470.0,96141116.0,4787.0
1044,1760002573349705.0,96159100.0,4780.0
1045,1760002573349946.0,96177204.0,4887.0
1046,1760002573350117.0,96195188.0,4781.0
1047,1760002573350279.0,96213228.0,4828.0
1048,1760002573350445.0,96231212.0,4786.0
1049,1760002573350610.0,96249200.0,4779.0
1050,1760002573350773.0,96267188.0,4786.0
1051,1760002573350935.0,96285176.0,4781.0
1052,1760002573351098.0,96303212.0,4828.0
1053,1760002573351263.0,96321220.0,4806.0
1054,1760002573351436.0,96339208.0,4779.0
1055,1760002573351603.0,96357196.0,4786.0
1056,1760002573351768.0,96375212.0,4807.0
1057,1760002573351933.0,96393232.0,4812.0
1058,1760002573352095.0,96411288.0,4854.0
1059,1760002573352261.0,96429276.0,4780.0
1060,1760002573352506.0,96447264.0,4786.0
1061,1760002573352675.0,96465252.0,4781.0
1062,1760002573352845.0,96483240.0,4786.0
1063,1760002573353010.0,96501228.0,4781.0
1064,1760002573353180.0,96519220.0,4787.0
1065,1760002573353346.0,96537280.0,4855.0
1066,1760002573353512.0,96555368.0,4879.0
1067,1760002573353674.0,96573404.0,4834.0
1068,1760002573353837.0,96591440.0,4829.0
1069,1760002573354013.0,96609504.0,4854.0
1070,1760002573354174.0,96627568.0,4861.0
1071,1760002573354335.0,96645632.0,4854.0
1072,1760002573354570.0,96663644.0,4806.0
1073,1760002573354743.0,96681628.0,4780.0
1074,1760002573354907.0,96699616.0,4780.0
1075,1760002573355080.0,96717600.0,4786.0
1076,1760002573355242.0,96735560.0,4755.0
1077,1760002573355402.0,96753652.0,4886.0
1078,1760002573355564.0,96771664.0,4807.0
1079,1760002573355724.0,96789728.0,4855.0
1080,1760002573355900.0,96807792.0,4860.0
1081,1760002573356064.0,96825780.0,4780.0
1082,1760002573356233.0,96843840.0,4854.0
1083,1760002573356590.0,96861824.0,4780.0
1084,1760002573356815.0,96879784.0,4755.0
1085,1760002573356990.0,96897772.0,4780.0
1086,1760002573357151.0,96915832.0,4854.0
1087,1760002573357310.0,96933936.0,4886.0
1088,1760002573357468.0,96952048.0,4907.0
1089,1760002573357626.0,96970160.0,4906.0
1090,1760002573357862.0,96988304.0,4932.0
1091,1760002573358106.0,97006312.0,4806.0
1092,1760002573358278.0,97024296.0,4779.0
1093,1760002573358446.0,97042288.0,4786.0
1094,1760002573358606.0,97060300.0,4806.0
1095,1760002573358765.0,97078364.0,4853.0
1096,1760002573358930.0,97096348.0,4780.0
1097,1760002573359090.0,97114360.0,4806.0
1098,1760002573359249.0,97132452.0,4886.0
1099,1760002573359409.0,97150464.0,4806.0
1100,1760002573359569.0,97168504.0,4828.0
1101,1760002573359738.0,97186488.0,4781.0
1102,1760002573359899.0,97204448.0,4754.0
1103,1760002573360059.0,97222408.0,4760.0
1104,1760002573360218.0,97240368.0,4754.0
1105,1760002573360379.0,97258328.0,4760.0
1106,1760002573360539.0,97276320.0,4780.0
1107,1760002573360743.0,97294344.0,4812.0
1108,1760002573360914.0,97312296.0,4755.0
1109,1760002573361078.0,97330280.0,4780.0
1110,1760002573361242.0,97348288.0,4804.0
1111,1760002573361405.0,97366272.0,4778.0
1112,1760002573361569.0,97384236.0,4760.0
1113,1760002573361731.0,97402200.0,4754.0
1114,1760002573361893.0,97420164.0,4760.0
1115,1760002573362055.0,97438124.0,4755.0
1116,1760002573362216.0,97456116.0,4786.0
1117,1760002573362381.0,97474076.0,4755.0
1118,1760002573362541.0,97492116.0,4828.0
1119,1760002573362702.0,97510120.0,4807.0
1120,1760002573362867.0,97528184.0,4855.0
1121,1760002573363027.0,97546308.0,4905.0
1122,1760002573363190.0,97564288.0,4781.0
1123,1760002573363356.0,97582304.0,4806.0
1124,1760002573363520.0,97600264.0,4760.0
1125,1760002573363683.0,97618224.0,4754.0
1126,1760002573363848.0,97636216.0,4787.0
1127,1760002573364020.0,97654232.0,4805.0
1128,1760002573364288.0,97672224.0,4786.0
1129,1760002573364524.0,97690180.0,4754.0
1130,1760002573364696.0,97708144.0,4754.0
1131,1760002573364974.0,97726128.0,4780.0
1132,1760002573365228.0,97744140.0,4803.0
1133,1760002573365456.0,97762100.0,4760.0
1134,1760002573365786.0,97780064.0,4755.0
1135,1760002573366037.0,97798024.0,4760.0
1136,1760002573366248.0,97815988.0,4755.0
1137,1760002573366414.0,97834032.0,4834.0
1138,1760002573366584.0,97851992.0,4755.0
1139,1760002573366745.0,97869980.0,4780.0
1140,1760002573366909.0,97887964.0,4780.0
1141,1760002573367072.0,97906000.0,4828.0
1142,1760002573367232.0,97923988.0,4786.0
1143,1760002573367397.0,97941980.0,4780.0
1144,1760002573367561.0,97960040.0,4853.0
1145,1760002573367724.0,97978024.0,4781.0
1146,1760002573367889.0,97995984.0,4755.0
1147,1760002573368053.0,98013948.0,4760.0
1148,1760002573368216.0,98031912.0,4754.0
1149,1760002573368382.0,98049952.0,4834.0
1150,1760002573368545.0,98067912.0,4755.0
1151,1760002573368703.0,98085952.0,4829.0
1152,1760002573368863.0,98103912.0,4756.0
1153,1760002573369023.0,98121952.0,4828.0
1154,1760002573369186.0,98139912.0,4760.0
1155,1760002573369347.0,98157876.0,4755.0
1156,1760002573369507.0,98175916.0,4834.0
1157,1760002573369666.0,98193980.0,4854.0
1158,1760002573369826.0,98211972.0,4780.0
1159,1760002573369988.0,98229928.0,4754.0
1160,1760002573370147.0,98247920.0,4781.0
1161,1760002573370307.0,98265884.0,4761.0
1162,1760002573370467.0,98283820.0,4728.0
1163,1760002573370626.0,98301756.0,4734.0
1164,1760002573370787.0,98319748.0,4780.0
1165,1760002573370950.0,98337848.0,4887.0
1166,1760002573371110.0,98355904.0,4854.0
1167,1760002573371284.0,98373840.0,4728.0
1168,1760002573371446.0,98391800.0,4759.0
1169,1760002573371605.0,98409708.0,4704.0
1170,1760002573371772.0,98427644.0,4735.0
1171,1760002573371939.0,98445580.0,4729.0
1172,1760002573372102.0,98463516.0,4735.0
1173,1760002573372266.0,98481456.0,4728.0
1174,1760002573372428.0,98499392.0,4734.0
1175,1760002573372607.0,98517328.0,4729.0
1176,1760002573372780.0,98535292.0,4759.0
1177,1760002573373094.0,98553252.0,4755.0
1178,1760002573373284.0,98571272.0,4808.0
1179,1760002573373448.0,98589224.0,4756.0
1180,1760002573373610.0,98607236.0,4803.0
1181,1760002573373775.0,98625196.0,4756.0
1182,1760002573373936.0,98643132.0,4728.0
1183,1760002573374095.0,98661096.0,4754.0
1184,1760002573374254.0,98679056.0,4754.0
1185,1760002573375111.0,98697048.0,4787.0
1186,1760002573375289.0,98715008.0,4755.0
1187,1760002573375452.0,98733104.0,4884.0
1188,1760002573375598.0,98751060.0,4754.0
1189,1760002573375719.0,98769024.0,4755.0
1190,1760002573375838.0,98787008.0,4782.0
1191,1760002573376002.0,98804968.0,4755.0
1192,1760002573376156.0,98822932.0,4761.0
1193,1760002573376311.0,98840896.0,4755.0
1194,1760002573376466.0,98858908.0,4808.0
1195,1760002573376620.0,98876872.0,4755.0
1196,1760002573376775.0,98894808.0,4735.0
1197,1760002573376934.0,98912772.0,4755.0
1198,1760002573377128.0,98930712.0,4735.0
1199,1760002573377289.0,98948696.0,4781.0
1200,1760002573377448.0,98966736.0,4828.0
1201,1760002573377609.0,98984724.0,4786.0
1202,1760002573377771.0,99002684.0,4755.0
1203,1760002573377929.0,99020644.0,4760.0
1204,1760002573378087.0,99038660.0,4806.0
1205,1760002573378246.0,99056724.0,4854.0
1206,1760002573378405.0,99074708.0,4780.0
1207,1760002573378566.0,99092668.0,4755.0
1208,1760002573378724.0,99110732.0,4854.0
1209,1760002573378882.0,99128748.0,4807.0
1210,1760002573379039.0,99146708.0,4760.0
1211,1760002573379198.0,99164668.0,4754.0
1212,1760002573379357.0,99182636.0,4761.0
1213,1760002573379519.0,99200692.0,4853.0
1214,1760002573379677.0,99218680.0,4781.0
1215,1760002573379836.0,99236644.0,4760.0
1216,1760002573379994.0,99254632.0,4780.0
1217,1760002573380153.0,99272592.0,4760.0
1218,1760002573380315.0,99290552.0,4753.0
1219,1760002573380473.0,99308516.0,4761.0
1220,1760002573380632.0,99326480.0,4755.0
1221,1760002573380790.0,99344444.0,4760.0
1222,1760002573380952.0,99362400.0,4754.0
1223,1760002573381120.0,99380360.0,4754.0
1224,1760002573381285.0,99398320.0,4755.0
1225,1760002573381450.0,99416308.0,4779.0
1226,1760002573381626.0,99434372.0,4860.0
1227,1760002573381889.0,99452364.0,4781.0
1228,1760002573382134.0,99470324.0,4761.0
1229,1760002573382322.0,99488364.0,4828.0
1230,1760002573382652.0,99506352.0,4781.0
1231,1760002573382872.0,99524388.0,4828.0
1232,1760002573383065.0,99542352.0,4754.0
1233,1760002573383368.0,99560416.0,4859.0
1234,1760002573383596.0,99578376.0,4754.0
1235,1760002573383770.0,99596368.0,4780.0
1236,1760002573383933.0,99614324.0,4755.0
1237,1760002573384096.0,99632288.0,4754.0
1238,1760002573384254.0,99650264.0,4780.0
1239,1760002573384423.0,99668252.0,4779.0
1240,1760002573384586.0,99686292.0,4834.0
1241,1760002573384748.0,99704284.0,4780.0
1242,1760002573384912.0,99722372.0,4880.0
1243,1760002573385073.0,99740328.0,4754.0
1244,1760002573385242.0,99758288.0,4754.0
1245,1760002573385409.0,99776280.0,4786.0
1246,1760002573385572.0,99794292.0,4806.0
1247,1760002573385734.0,99812396.0,4886.0
1248,1760002573385895.0,99830480.0,4880.0
1249,1760002573386057.0,99848520.0,4832.0
1250,1760002573386224.0,99866504.0,4786.0
1251,1760002573386384.0,99884464.0,4753.0
1252,1760002573386545.0,99902452.0,4787.0
1253,1760002573386709.0,99920516.0,4854.0
1254,1760002573386871.0,99938476.0,4755.0
1255,1760002573387040.0,99956436.0,4752.0
1256,1760002573387202.0,99974396.0,4754.0
1257,1760002573387363.0,99992332.0,4734.0
1258,1760002573387530.0,100010320.0,4780.0
1259,1760002573387695.0,100028396.0,4813.0
1260,1760002573387958.0,100046560.0,4906.0
1261,1760002573388139.0,100064728.0,4906.0
1262,1760002573388308.0,100082892.0,4906.0
1263,1760002573388476.0,100100964.0,4813.0
1264,1760002573388644.0,100119080.0,4854.0
1265,1760002573388876.0,100137148.0,4807.0
1266,1760002573389056.0,100155240.0,4839.0
1267,1760002573389236.0,100173308.0,4807.0
1268,1760002573389413.0,100191476.0,4907.0
1269,1760002573389722.0,100209548.0,4812.0
1270,1760002573389919.0,100227640.0,4832.0
1271,1760002573390088.0,100245780.0,4880.0
1272,1760002573390254.0,100263956.0,4912.0
1273,1760002573390420.0,100282088.0,4880.0
1274,1760002573390587.0,100300152.0,4807.0
1275,1760002573390757.0,100318296.0,4880.0
1276,1760002573390923.0,100336360.0,4806.0
1277,1760002573391143.0,100354500.0,4879.0
1278,1760002573391320.0,100372612.0,4854.0
1279,1760002573391487.0,100390684.0,4807.0
1280,1760002573391657.0,100408796.0,4854.0
1281,1760002573391822.0,100426912.0,4854.0
1282,1760002573391988.0,100444980.0,4811.0
1283,1760002573392152.0,100463044.0,4805.0
1284,1760002573392318.0,100481088.0,4786.0
1285,1760002573392525.0,100499092.0,4754.0
1286,1760002573392701.0,100517132.0,4780.0
1287,1760002573392867.0,100535196.0,4812.0
1288,1760002573393030.0,100553388.0,4931.0
1289,1760002573393191.0,100571484.0,4832.0
1290,1760002573393358.0,100589652.0,4906.0
1291,1760002573393556.0,100607736.0,4831.0
1292,1760002573393679.0,100625828.0,4832.0
1293,1760002573393802.0,100643996.0,4906.0
1294,1760002573393923.0,100662136.0,4886.0
1295,1760002573394046.0,100680304.0,4906.0
1296,1760002573394277.0,100698444.0,4879.0
1297,1760002573394413.0,100716596.0,4886.0
1298,1760002573394593.0,100734656.0,4807.0
1299,1760002573394753.0,100752824.0,4905.0
1300,1760002573394917.0,100770984.0,4905.0
1301,1760002573395098.0,100789052.0,4812.0
1302,1760002573395263.0,100807216.0,4905.0
1303,1760002573395431.0,100825280.0,4805.0
1304,1760002573395597.0,100843420.0,4886.0
1305,1760002573395763.0,100861508.0,4831.0
1306,1760002573395931.0,100879676.0,4905.0
1307,1760002573396100.0,100897752.0,4812.0
1308,1760002573396266.0,100915868.0,4858.0
1309,1760002573396433.0,100933984.0,4858.0
1310,1760002573396598.0,100952176.0,4931.0
1311,1760002573396768.0,100970344.0,4906.0
1312,1760002573396945.0,100997588.0,13927.0
1313,1760002573397120.0,101015728.0,4832.0
1314,1760002573397292.0,101033916.0,4937.0
1315,1760002573397476.0,101052136.0,4957.0
1316,1760002573397693.0,101070256.0,4858.0
1317,1760002573397970.0,101088400.0,4880.0
1318,1760002573398155.0,101112056.0,10364.0
1319,1760002573398325.0,101130144.0,4786.0
1320,1760002573398491.0,101148336.0,4931.0
1321,1760002573398730.0,101175580.0,13927.0
1322,1760002573398963.0,101193696.0,4812.0
1323,1760002573399260.0,101211760.0,4805.0
1324,1760002573399536.0,101235288.0,10242.0
1325,1760002573399790.0,101253400.0,4805.0
1326,1760002573399975.0,101271568.0,4912.0
1327,1760002573400152.0,101295192.0,10335.0
1328,1760002573400321.0,101313276.0,4779.0
1329,1760002573400495.0,101340520.0,13926.0
1330,1760002573400662.0,101358732.0,4906.0
1331,1760002573400834.0,101376828.0,4836.0
1332,1760002573401007.0,101404068.0,13927.0
1333,1760002573401181.0,101431360.0,13929.0
1334,1760002573401351.0,101449500.0,4832.0
1335,1760002573401527.0,101476740.0,13928.0
1336,1760002573401699.0,101494876.0,4831.0
1337,1760002573401866.0,101512960.0,4832.0
1338,1760002573402033.0,101531028.0,4806.0
1339,1760002573402198.0,101549104.0,4812.0
1340,1760002573402364.0,101567192.0,4832.0
1341,1760002573402530.0,101585264.0,4806.0
1342,1760002573402696.0,101603360.0,4837.0
1343,1760002573402861.0,101621448.0,4832.0
1344,1760002573403028.0,101639540.0,4831.0
1345,1760002573403193.0,101657664.0,4863.0
1346,1760002573403366.0,101681340.0,10388.0
1347,1760002573403534.0,101699424.0,4786.0
1348,1760002573403699.0,101717484.0,4805.0
1349,1760002573403864.0,101735656.0,4906.0
1350,1760002573404034.0,101762896.0,13933.0
1351,1760002573404201.0,101781104.0,4905.0
1352,1760002573404368.0,101799200.0,4832.0
1353,1760002573404599.0,101817316.0,4864.0
1354,1760002573404780.0,101835412.0,4833.0
1355,1760002573404956.0,101853480.0,4806.0
1356,1760002573405124.0,101871596.0,4865.0
1357,1760002573405298.0,101889688.0,4831.0
1358,1760002573405466.0,101907776.0,4831.0
1359,1760002573405634.0,101925852.0,4812.0
1360,1760002573405801.0,101943920.0,4806.0
1361,1760002573405979.0,101961988.0,4806.0
1362,1760002573406159.0,101980080.0,4837.0
1363,1760002573406478.0,101998176.0,4832.0
1364,1760002573406676.0,102016264.0,4832.0
1365,1760002573406847.0,102034360.0,4838.0
1366,1760002573407014.0,102052456.0,4832.0
1367,1760002573407185.0,102070620.0,4906.0
1368,1760002573407352.0,102088688.0,4812.0
1369,1760002573407523.0,102115928.0,13924.0
1370,1760002573407732.0,102134164.0,4932.0
1371,1760002573407911.0,102152240.0,4813.0
1372,1760002573408087.0,102170376.0,4880.0
1373,1760002573408254.0,102188440.0,4805.0
1374,1760002573408422.0,102206512.0,4812.0
1375,1760002573408587.0,102224648.0,4880.0
1376,1760002573408754.0,102242716.0,4806.0
1377,1760002573408923.0,102260860.0,4880.0
1378,1760002573409095.0,102278924.0,4806.0
1379,1760002573409262.0,102297040.0,4854.0
1380,1760002573409429.0,102315208.0,4905.0
1381,1760002573409597.0,102333272.0,4811.0
1382,1760002573409765.0,102351316.0,4780.0
1383,1760002573409933.0,102369484.0,4906.0
1384,1760002573410101.0,102387552.0,4812.0
1385,1760002573410267.0,102405692.0,4880.0
1386,1760002573410434.0,102423732.0,4780.0
1387,1760002573410600.0,102441772.0,4787.0
1388,1760002573410770.0,102459780.0,4754.0
1389,1760002573410935.0,102477816.0,4785.0
1390,1760002573411164.0,102495856.0,4779.0
1391,1760002573411336.0,102513892.0,4778.0
1392,1760002573411528.0,102531932.0,4785.0
1393,1760002573411703.0,102549972.0,4779.0
1394,1760002573411867.0,102568008.0,4779.0
1395,1760002573412046.0,102586088.0,4831.0
1396,1760002573412228.0,102604152.0,4806.0
1397,1760002573412400.0,102622272.0,4856.0
1398,1760002573412584.0,102640300.0,4780.0
1399,1760002573412757.0,102658344.0,4779.0
1400,1760002573412929.0,102676384.0,4785.0
1401,1760002573413106.0,102694392.0,4753.0
1402,1760002573413417.0,102712404.0,4753.0
1403,1760002573413611.0,102730440.0,4780.0
1404,1760002573413782.0,102748456.0,4755.0
1405,1760002573414028.0,102766468.0,4760.0
1406,1760002573414243.0,102784480.0,4753.0
1407,1760002573414480.0,102802496.0,4757.0
1408,1760002573414658.0,102820504.0,4753.0
1409,1760002573414823.0,102838516.0,4753.0
1410,1760002573414994.0,102856532.0,4760.0
1411,1760002573415161.0,102874548.0,4753.0
1412,1760002573415331.0,102892564.0,4760.0
1413,1760002573415504.0,102910576.0,4754.0
1414,1760002573415677.0,102928612.0,4780.0
1415,1760002573415847.0,102946652.0,4785.0
1416,1760002573416033.0,102964696.0,4780.0
1417,1760002573416204.0,102982736.0,4780.0
1418,1760002573416390.0,103000772.0,4780.0
1419,1760002573416562.0,103018784.0,4754.0
1420,1760002573416738.0,103036796.0,4760.0
1421,1760002573416911.0,103054868.0,4806.0
1422,1760002573417084.0,103072932.0,4805.0
1423,1760002573417258.0,103090972.0,4787.0
1424,1760002573417429.0,103109064.0,4828.0
1425,1760002573417597.0,103127104.0,4781.0
1426,1760002573417767.0,103145112.0,4755.0
1427,1760002573417934.0,103163184.0,4807.0
1428,1760002573418107.0,103181296.0,4860.0
1429,1760002573418277.0,103199364.0,4806.0
1430,1760002573418448.0,103217432.0,4805.0
1431,1760002573418617.0,103235472.0,4786.0
1432,1760002573418785.0,103253512.0,4780.0
1433,1760002573418955.0,103271548.0,4780.0
1434,1760002573419123.0,103289564.0,4754.0
1435,1760002573419291.0,103307576.0,4754.0
1436,1760002573419460.0,103325616.0,4786.0
1437,1760002573419626.0,103343656.0,4780.0
1438,1760002573419798.0,103361724.0,4805.0
1439,1760002573419964.0,103379760.0,4786.0
1440,1760002573420131.0,103397804.0,4780.0
1441,1760002573420298.0,103415848.0,4786.0
1442,1760002573420466.0,103433880.0,4780.0
1443,1760002573420636.0,103451948.0,4805.0
1444,1760002573420806.0,103470012.0,4811.0
1445,1760002573420973.0,103488048.0,4779.0
1446,1760002573421243.0,103506088.0,4780.0
1447,1760002573421428.0,103524128.0,4786.0
1448,1760002573421601.0,103542164.0,4780.0
1449,1760002573421771.0,103560260.0,4832.0
1450,1760002573421938.0,103578320.0,4807.0
1451,1760002573422104.0,103596388.0,4806.0
1452,1760002573422271.0,103614428.0,4787.0
1453,1760002573422440.0,103632468.0,4781.0
1454,1760002573422608.0,103650556.0,4829.0
1455,1760002573422774.0,103668644.0,4835.0
1456,1760002573422941.0,103686708.0,4807.0
1457,1760002573423107.0,103704772.0,4806.0
1458,1760002573423273.0,103722844.0,4812.0
1459,1760002573423444.0,103740956.0,4854.0
1460,1760002573423617.0,103759100.0,4881.0
1461,1760002573423784.0,103777216.0,4861.0
1462,1760002573423952.0,103795256.0,4781.0
1463,1760002573424119.0,103813324.0,4806.0
1464,1760002573424289.0,103831388.0,4813.0
1465,1760002573424457.0,103849460.0,4807.0
1466,1760002573424626.0,103867528.0,4807.0
1467,1760002573424797.0,103885592.0,4806.0
1468,1760002573424967.0,103903656.0,4806.0
1469,1760002573425139.0,103921800.0,4880.0
1470,1760002573425310.0,103939920.0,4857.0
1471,1760002573425478.0,103957984.0,4806.0
1472,1760002573425646.0,103976020.0,4780.0
1473,1760002573425815.0,103994084.0,4807.0
1474,1760002573425988.0,104012152.0,4806.0
1475,1760002573426155.0,104030224.0,4811.0
1476,1760002573426326.0,104048284.0,4806.0
1477,1760002573426494.0,104066376.0,4831.0
1478,1760002573426664.0,104084444.0,4813.0
1479,1760002573426835.0,104102512.0,4806.0
1480,1760002573427004.0,104120552.0,4780.0
1481,1760002573427172.0,104138592.0,4786.0
1482,1760002573427342.0,104156656.0,4806.0
1483,1760002573427509.0,104174720.0,4806.0
1484,1760002573427681.0,104192784.0,4806.0
1485,1760002573427849.0,104210848.0,4805.0
1486,1760002573428018.0,104228920.0,4811.0
1487,1760002573428186.0,104246976.0,4807.0
1488,1760002573428355.0,104265040.0,4806.0
1489,1760002573428527.0,104283140.0,4838.0
1490,1760002573428699.0,104301200.0,4806.0
1491,1760002573428870.0,104319264.0,4804.0
1492,1760002573429042.0,104337332.0,4811.0
1493,1760002573429210.0,104355472.0,4879.0
1494,1760002573429380.0,104373536.0,4806.0
1495,1760002573429556.0,104391576.0,4787.0
1496,1760002573429728.0,104409644.0,4805.0
1497,1760002573429892.0,104427708.0,4805.0
1498,1760002573430060.0,104445776.0,4813.0
1499,1760002573430226.0,104463812.0,4780.0
1500,1760002573430400.0,104481908.0,4833.0
1501,1760002573430574.0,104500052.0,4880.0
1502,1760002573430746.0,104518192.0,4880.0
1503,1760002573430924.0,104536260.0,4806.0
1504,1760002573431105.0,104554324.0,4812.0
1505,1760002573431411.0,104572388.0,4806.0
1506,1760002573431605.0,104590532.0,4879.0
1507,1760002573431855.0,104608596.0,4812.0
1508,1760002573432188.0,104626660.0,4805.0
1509,1760002573432474.0,104644724.0,4806.0
1510,1760002573432655.0,104662788.0,4806.0
1511,1760002573432841.0,104680852.0,4806.0
1512,1760002573433019.0,104698924.0,4811.0
1513,1760002573433192.0,104717008.0,4831.0
1514,1760002573433371.0,104735076.0,4806.0
1515,1760002573433553.0,104753176.0,4838.0
1516,1760002573433728.0,104771308.0,4880.0
1517,1760002573433901.0,104789452.0,4880.0
1518,1760002573434074.0,104807596.0,4880.0
1519,1760002573434255.0,104825736.0,4886.0
1520,1760002573434436.0,104843800.0,4807.0
1521,1760002573434605.0,104861916.0,4854.0
1522,1760002573434773.0,104880028.0,4860.0
1523,1760002573434939.0,104898064.0,4780.0
1524,1760002573435108.0,104916128.0,4805.0
1525,1760002573435287.0,104934196.0,4813.0
1526,1760002573435460.0,104952336.0,4880.0
1527,1760002573435624.0,104970476.0,4881.0
1528,1760002573435790.0,104988616.0,4886.0
1529,1760002573435955.0,105006680.0,4806.0
1530,1760002573436125.0,105024716.0,4779.0
1531,1760002573436291.0,105042752.0,4786.0
1532,1760002573436459.0,105060788.0,4780.0
1533,1760002573436624.0,105078812.0,4760.0
1534,1760002573436790.0,105096816.0,4754.0
1535,1760002573436958.0,105114832.0,4754.0
1536,1760002573437123.0,105132844.0,4759.0
1537,1760002573437289.0,105150880.0,4779.0
1538,1760002573437462.0,105168892.0,4761.0
1539,1760002573437628.0,105186928.0,4780.0
1540,1760002573437813.0,105204964.0,4780.0
1541,1760002573437980.0,105222976.0,4760.0
1542,1760002573438146.0,105241012.0,4780.0
1543,1760002573438311.0,105259036.0,4760.0
1544,1760002573438476.0,105277044.0,4753.0
1545,1760002573438645.0,105295056.0,4754.0
1546,1760002573438811.0,105313068.0,4760.0
1547,1760002573438976.0,105331084.0,4754.0
1548,1760002573439141.0,105349096.0,4760.0
1549,1760002573439307.0,105367108.0,4754.0
1550,1760002573439477.0,105385120.0,4754.0
1551,1760002573439642.0,105403132.0,4760.0
1552,1760002573439814.0,105421168.0,4779.0
1553,1760002573439978.0,105439208.0,4787.0
1554,1760002573440144.0,105457276.0,4806.0
1555,1760002573440312.0,105475340.0,4806.0
1556,1760002573440479.0,105493404.0,4812.0
1557,1760002573440643.0,105511468.0,4805.0
1558,1760002573440808.0,105529504.0,4779.0
1559,1760002573440973.0,105547548.0,4786.0
1560,1760002573441140.0,105565588.0,4779.0
1561,1760002573441311.0,105583600.0,4759.0
1562,1760002573441477.0,105601644.0,4780.0
1563,1760002573441643.0,105619680.0,4779.0
1564,1760002573441810.0,105637716.0,4785.0
1565,1760002573441974.0,105655752.0,4779.0
1566,1760002573442143.0,105673776.0,4760.0
1567,1760002573442308.0,105691784.0,4754.0
1568,1760002573442473.0,105709796.0,4754.0
1569,1760002573442638.0,105727808.0,4760.0
1570,1760002573442803.0,105745844.0,4779.0
1571,1760002573442971.0,105763888.0,4786.0
1572,1760002573443137.0,105781916.0,4780.0
1573,1760002573443302.0,105799952.0,4779.0
1574,1760002573443468.0,105817996.0,4785.0
1575,1760002573443634.0,105836012.0,4754.0
1576,1760002573443804.0,105854024.0,4753.0
1577,1760002573443971.0,105872084.0,4806.0
1578,1760002573444138.0,105890096.0,4754.0
1579,1760002573444304.0,105908108.0,4760.0
1580,1760002573444471.0,105926144.0,4780.0
1581,1760002573444640.0,105944188.0,4780.0
1582,1760002573444808.0,105962228.0,4779.0
1583,1760002573444974.0,105980264.0,4780.0
1584,1760002573445142.0,105998308.0,4786.0
1585,1760002573445317.0,106016372.0,4805.0
1586,1760002573445490.0,106034412.0,4780.0
1587,1760002573445655.0,106052448.0,4785.0
1588,1760002573445823.0,106070488.0,4780.0
1589,1760002573445988.0,106088556.0,4806.0
1590,1760002573446154.0,106106592.0,4781.0
1591,1760002573446322.0,106124604.0,4754.0
1592,1760002573446488.0,106142704.0,4837.0
1593,1760002573446663.0,106160772.0,4806.0
1594,1760002573446840.0,106178836.0,4806.0
1595,1760002573447012.0,106196872.0,4785.0
1596,1760002573447186.0,106214908.0,4780.0
1597,1760002573447362.0,106232976.0,4806.0
1598,1760002573447607.0,106251088.0,4857.0
1599,1760002573447816.0,106269152.0,4806.0
1600,1760002573447988.0,106287216.0,4805.0
1601,1760002573448156.0,106305280.0,4806.0
1602,1760002573448328.0,106323316.0,4779.0
1603,1760002573448494.0,106341352.0,4786.0
1604,1760002573448661.0,106359420.0,4805.0
1605,1760002573448827.0,106377512.0,4832.0
1606,1760002573448994.0,106395556.0,4786.0
1607,1760002573449166.0,106413672.0,4854.0
1608,1760002573449331.0,106431764.0,4832.0
1609,1760002573449498.0,106449776.0,4761.0
1610,1760002573449670.0,106467844.0,4806.0
1611,1760002573449843.0,106485908.0,4805.0
1612,1760002573450018.0,106503920.0,4760.0
1613,1760002573450191.0,106521960.0,4780.0
1614,1760002573450361.0,106540020.0,4812.0
1615,1760002573450529.0,106558060.0,4780.0
1616,1760002573450699.0,106576124.0,4805.0
1617,1760002573450872.0,106594136.0,4760.0
1618,1760002573451042.0,106612248.0,4854.0
1619,1760002573451209.0,106630312.0,4806.0
1620,1760002573451381.0,106648376.0,4812.0
1621,1760002573451551.0,106666416.0,4780.0
1622,1760002573451725.0,106684556.0,4880.0
1623,1760002573451901.0,106708164.0,10313.0
1624,1760002573452071.0,106726248.0,4786.0
1625,1760002573452236.0,106744388.0,4880.0
1626,1760002573452403.0,106762528.0,4880.0
1627,1760002573452572.0,106780700.0,4912.0
1628,1760002573452739.0,106798760.0,4806.0
1629,1760002573452904.0,106816824.0,4806.0
1630,1760002573453069.0,106834912.0,4834.0
1631,1760002573453235.0,106853024.0,4854.0
1632,1760002573453407.0,106871160.0,4879.0
1633,1760002573453579.0,106894616.0,10168.0
1634,1760002573453752.0,106912732.0,4811.0
1635,1760002573453919.0,106930840.0,4854.0
1636,1760002573454087.0,106948976.0,4879.0
1637,1760002573454257.0,106967112.0,4879.0
1638,1760002573454426.0,106985224.0,4854.0
1639,1760002573454598.0,107008780.0,10268.0
1640,1760002573454767.0,107026916.0,4833.0
1641,1760002573454931.0,107045080.0,4906.0
1642,1760002573455106.0,107068608.0,10241.0
1643,1760002573455275.0,107086720.0,4812.0
1644,1760002573455441.0,107104836.0,4854.0
1645,1760002573455606.0,107122976.0,4880.0
1646,1760002573455772.0,107141116.0,4886.0
1647,1760002573455940.0,107159232.0,4854.0
1648,1760002573456110.0,107177372.0,4880.0
1649,1760002573456278.0,107195536.0,4906.0
1650,1760002573456443.0,107213676.0,4885.0
1651,1760002573456610.0,107231740.0,4806.0
1652,1760002573456777.0,107249876.0,4880.0
1653,1760002573456948.0,107268020.0,4886.0
1654,1760002573457114.0,107286160.0,4881.0
1655,1760002573457289.0,107309688.0,10242.0
1656,1760002573457458.0,107327776.0,4780.0
1657,1760002573457629.0,107345864.0,4837.0
1658,1760002573457802.0,107364060.0,4932.0
1659,1760002573457974.0,107391296.0,13924.0
1660,1760002573458145.0,107409464.0,4860.0
1661,1760002573458310.0,107428136.0,5414.0
1662,1760002573458478.0,107446224.0,4837.0
1663,1760002573458650.0,107464728.0,5236.0
1664,1760002573458819.0,107482916.0,4932.0
1665,1760002573458992.0,107506420.0,10216.0
1666,1760002573459162.0,107524536.0,4807.0
1667,1760002573459334.0,107548064.0,10243.0
1668,1760002573459507.0,107566196.0,4832.0
1669,1760002573459674.0,107584388.0,4932.0
1670,1760002573459851.0,107607992.0,10316.0
1671,1760002573460019.0,107626104.0,4806.0
1672,1760002573460185.0,107644168.0,4806.0
1673,1760002573460360.0,107671412.0,13935.0
1674,1760002573460528.0,107689544.0,4832.0
1675,1760002573460699.0,107713100.0,10268.0
1676,1760002573460868.0,107731236.0,4832.0
1677,1760002573461032.0,107749952.0,5460.0
1678,1760002573461201.0,107768068.0,4858.0
1679,1760002573461369.0,107786188.0,4865.0
1680,1760002573461538.0,107804356.0,4906.0
1681,1760002573461702.0,107823000.0,5383.0
1682,1760002573461867.0,107841192.0,4932.0
1683,1760002573462047.0,107859924.0,5472.0
1684,1760002573462209.0,107877988.0,4807.0
1685,1760002573462368.0,107896696.0,5451.0
1686,1760002573462528.0,107914884.0,4931.0
1687,1760002573462694.0,107938444.0,10269.0
1688,1760002573462857.0,107956552.0,4806.0
1689,1760002573463019.0,107974800.0,4984.0
1690,1760002573463181.0,107993496.0,5436.0
1691,1760002573463339.0,108011572.0,4812.0
1692,1760002573463499.0,108030236.0,5402.0
1693,1760002573463660.0,108048376.0,4886.0
1694,1760002573463830.0,108075640.0,13950.0
1695,1760002573463993.0,108093828.0,4880.0
1696,1760002573464165.0,108117360.0,10243.0
1697,1760002573464331.0,108135452.0,4786.0
1698,1760002573464497.0,108153516.0,4807.0
1699,1760002573464665.0,108171656.0,4880.0
1700,1760002573464832.0,108189796.0,4881.0
1701,1760002573464997.0,108207856.0,4806.0
1702,1760002573465234.0,108225896.0,4780.0
1703,1760002573465410.0,108243932.0,4786.0
1704,1760002573465579.0,108262076.0,4880.0
1705,1760002573465741.0,108280140.0,4806.0
1706,1760002573465903.0,108298236.0,4838.0
1707,1760002573466065.0,108316376.0,4881.0
1708,1760002573466226.0,108334440.0,4806.0
1709,1760002573466392.0,108352480.0,4786.0
1710,1760002573466554.0,108370524.0,4781.0
1711,1760002573466718.0,108388560.0,4780.0
1712,1760002573466881.0,108406680.0,4861.0
1713,1760002573467064.0,108424848.0,4907.0
1714,1760002573467256.0,108442968.0,4859.0
1715,1760002573467426.0,108461040.0,4812.0
1716,1760002573467595.0,108479104.0,4807.0
1717,1760002573467765.0,108497244.0,4879.0
1718,1760002573467936.0,108515372.0,4865.0
1719,1760002573468107.0,108533460.0,4831.0
1720,1760002573468275.0,108551552.0,4832.0
1721,1760002573468444.0,108570416.0,5608.0
1722,1760002573468610.0,108588480.0,4806.0
1723,1760002573468779.0,108606648.0,4907.0
1724,1760002573468956.0,108630176.0,10242.0
1725,1760002573469131.0,108648264.0,4787.0
1726,1760002573469298.0,108666432.0,4906.0
1727,1760002573469470.0,108684496.0,4806.0
1728,1760002573469639.0,108702532.0,4786.0
1729,1760002573469812.0,108720604.0,4806.0
1730,1760002573469979.0,108738744.0,4880.0
1731,1760002573470147.0,108756908.0,4912.0
1732,1760002573470315.0,108775104.0,4932.0
1733,1760002573470491.0,108802340.0,13924.0
1734,1760002573470661.0,108820456.0,4813.0
1735,1760002573470832.0,108838492.0,4780.0
1736,1760002573471000.0,108856532.0,4780.0
1737,1760002573471166.0,108874624.0,4838.0
1738,1760002573471334.0,108892788.0,4906.0
1739,1760002573471508.0,108916320.0,10243.0
1740,1760002573471681.0,108934400.0,4779.0
1741,1760002573471850.0,108952468.0,4812.0
1742,1760002573472019.0,108970536.0,4807.0
1743,1760002573472184.0,108988572.0,4780.0
1744,1760002573472353.0,109006644.0,4813.0
1745,1760002573472524.0,109024708.0,4806.0
1746,1760002573472690.0,109042752.0,4786.0
1747,1760002573472858.0,109060812.0,4806.0
1748,1760002573473025.0,109078876.0,4806.0
1749,1760002573473192.0,109096944.0,4813.0
1750,1760002573473364.0,109115008.0,4806.0
1751,1760002573473531.0,109133072.0,4806.0
1752,1760002573473699.0,109151108.0,4786.0
1753,1760002573473866.0,109169252.0,4881.0
1754,1760002573474045.0,109187416.0,4907.0
1755,1760002573474210.0,109205488.0,4813.0
1756,1760002573474373.0,109223552.0,4805.0
1757,1760002573474534.0,109241616.0,4807.0
1758,1760002573474695.0,109259680.0,4813.0
1759,1760002573474859.0,109277748.0,4806.0
1760,1760002573475024.0,109295816.0,4807.0
1761,1760002573475189.0,109313912.0,4838.0
1762,1760002573475352.0,109331980.0,4806.0
1763,1760002573475510.0,109350044.0,4807.0
1764,1760002573475669.0,109368108.0,4812.0
1765,1760002573475831.0,109386200.0,4832.0
1766,1760002573475993.0,109404296.0,4832.0
1767,1760002573476153.0,109422460.0,4906.0
1768,1760002573476318.0,109445964.0,10217.0
1769,1760002573476480.0,109464080.0,4807.0
1770,1760002573476639.0,109482244.0,4906.0
1771,1760002573476810.0,109509488.0,13935.0
1772,1760002573476972.0,109527596.0,4806.0
1773,1760002573477142.0,109545684.0,4831.0
1774,1760002573477304.0,109572924.0,13934.0
1775,1760002573477460.0,109591036.0,4807.0
1776,1760002573477617.0,109609156.0,4855.0
1777,1760002573477772.0,109627276.0,4865.0
1778,1760002573477927.0,109645344.0,4807.0
1779,1760002573478082.0,109663436.0,4832.0
1780,1760002573478237.0,109681508.0,4812.0
1781,1760002573478399.0,109699576.0,4806.0
1782,1760002573478554.0,109717668.0,4832.0
1783,1760002573478710.0,109735736.0,4811.0
1784,1760002573478865.0,109753772.0,4779.0
1785,1760002573479021.0,109771844.0,4807.0
1786,1760002573479182.0,109789880.0,4780.0
1787,1760002573479340.0,109807892.0,4754.0
1788,1760002573479497.0,109826036.0,4885.0
1789,1760002573479659.0,109844128.0,4832.0
1790,1760002573479817.0,109862164.0,4780.0
1791,1760002573479976.0,109880208.0,4787.0
1792,1760002573480131.0,109898348.0,4879.0
1793,1760002573480286.0,109916412.0,4806.0
1794,1760002573480444.0,109934476.0,4812.0
1795,1760002573480607.0,109952540.0,4805.0
1796,1760002573480774.0,109970604.0,4807.0
1797,1760002573480936.0,109988748.0,4886.0
1798,1760002573481102.0,110006836.0,4832.0
1799,1760002573481323.0,110024932.0,4832.0
1800,1760002573481505.0,110043072.0,4886.0
1801,1760002573481665.0,110061136.0,4805.0
1802,1760002573481835.0,110079224.0,4833.0
1803,1760002573481996.0,110097320.0,4838.0
1804,1760002573482152.0,110115384.0,4806.0
1805,1760002573482311.0,110133524.0,4881.0
1806,1760002573482470.0,110151588.0,4812.0
1807,1760002573482634.0,110169732.0,4880.0
1808,1760002573482792.0,110187872.0,4881.0
1809,1760002573482958.0,110211380.0,10218.0
1810,1760002573483118.0,110229460.0,4786.0
1811,1760002573483278.0,110247628.0,4906.0
1812,1760002573483445.0,110265724.0,4832.0
1813,1760002573483650.0,110283824.0,4839.0
1814,1760002573483819.0,110301884.0,4806.0
1815,1760002573483978.0,110320028.0,4880.0
1816,1760002573484137.0,110338120.0,4832.0
1817,1760002573484299.0,110356148.0,4780.0
1818,1760002573484457.0,110374316.0,4905.0
1819,1760002573484613.0,110392388.0,4806.0
1820,1760002573484770.0,110410444.0,4805.0
1821,1760002573484934.0,110437684.0,13928.0
1822,1760002573485127.0,110455828.0,4838.0
1823,1760002573485289.0,110473888.0,4806.0
1824,1760002573485451.0,110491952.0,4806.0
1825,1760002573485610.0,110510048.0,4838.0
1826,1760002573485769.0,110528140.0,4831.0
1827,1760002573485936.0,110546308.0,4906.0
1828,1760002573486116.0,110564408.0,4838.0
1829,1760002573486282.0,110582496.0,4832.0
1830,1760002573486449.0,110600588.0,4833.0
1831,1760002573486615.0,110618684.0,4839.0
1832,1760002573486786.0,110636796.0,4859.0
1833,1760002573486951.0,110654892.0,4832.0
1834,1760002573487128.0,110672984.0,4832.0
1835,1760002573487288.0,110691144.0,4906.0
1836,1760002573487447.0,110709240.0,4832.0
1837,1760002573487611.0,110727356.0,4859.0
1838,1760002573487772.0,110745444.0,4838.0
1839,1760002573487933.0,110763564.0,4857.0
1840,1760002573488105.0,110781752.0,4932.0
1841,1760002573488261.0,110799820.0,4812.0
1842,1760002573488418.0,110817988.0,4907.0
1843,1760002573488576.0,110836084.0,4832.0
1844,1760002573488732.0,110854180.0,4838.0
1845,1760002573488886.0,110872296.0,4859.0
1846,1760002573489063.0,110890384.0,4832.0
1847,1760002573489230.0,110908504.0,4858.0
1848,1760002573489396.0,110926592.0,4832.0
1849,1760002573489556.0,110944680.0,4832.0
1850,1760002573489717.0,110962768.0,4831.0
1851,1760002573489883.0,110980832.0,4807.0
1852,1760002573490046.0,110998968.0,4880.0
1853,1760002573490208.0,111017064.0,4834.0
1854,1760002573490369.0,111035096.0,4779.0
1855,1760002573490529.0,111053216.0,4857.0
1856,1760002573490692.0,111071308.0,4832.0
1857,1760002573490852.0,111089368.0,4805.0
1858,1760002573491032.0,111107404.0,4780.0
1859,1760002573491200.0,111125480.0,4813.0
1860,1760002573491372.0,111143624.0,4880.0
1861,1760002573491544.0,111167304.0,10394.0
1862,1760002573491712.0,111185388.0,4780.0
1863,1760002573491880.0,111203560.0,4906.0
1864,1760002573492046.0,111221752.0,4938.0
1865,1760002573492216.0,111239868.0,4858.0
1866,1760002573492385.0,111257984.0,4855.0
1867,1760002573492555.0,111276128.0,4881.0
1868,1760002573492730.0,111294188.0,4805.0
1869,1760002573492897.0,111312300.0,4854.0
1870,1760002573493063.0,111330492.0,4932.0
1871,1760002573493227.0,111348588.0,4840.0
1872,1760002573493393.0,111366684.0,4833.0
1873,1760002573493566.0,111393924.0,13927.0
1874,1760002573493733.0,111412036.0,4812.0
1875,1760002573493897.0,111430096.0,4806.0
1876,1760002573494069.0,111453776.0,10394.0
1877,1760002573494236.0,111471840.0,4754.0
1878,1760002573494411.0,111495424.0,10294.0
1879,1760002573494577.0,111513504.0,4786.0
1880,1760002573494749.0,111537196.0,10395.0
1881,1760002573494917.0,111555252.0,4755.0
1882,1760002573495095.0,111573424.0,4907.0
1883,1760002573495257.0,111591496.0,4807.0
1884,1760002573495418.0,111609632.0,4880.0
1885,1760002573495578.0,111627772.0,4881.0
1886,1760002573495738.0,111645892.0,4858.0
1887,1760002573495897.0,111664056.0,4913.0
1888,1760002573496061.0,111682152.0,4833.0
1889,1760002573496221.0,111700288.0,4880.0
1890,1760002573496380.0,111718340.0,4786.0
1891,1760002573496541.0,111736508.0,4906.0
1892,1760002573496706.0,111760040.0,10243.0
1893,1760002573496872.0,111778152.0,4807.0
1894,1760002573497042.0,111796296.0,4885.0
1895,1760002573497228.0,111814484.0,4933.0
1896,1760002573497400.0,111832648.0,4906.0
1897,1760002573497574.0,111850788.0,4880.0
1898,1760002573497759.0,111874372.0,10294.0
1899,1760002573498005.0,111892460.0,4786.0
1900,1760002573498189.0,111910632.0,4907.0
1901,1760002573498359.0,111928748.0,4858.0
1902,1760002573498527.0,111946912.0,4906.0
1903,1760002573498698.0,111965008.0,4838.0
1904,1760002573498869.0,111983172.0,4907.0
1905,1760002573499039.0,112001312.0,4880.0
1906,1760002573499209.0,112019352.0,4786.0
1907,1760002573499379.0,112037388.0,4780.0
1908,1760002573499551.0,112055584.0,4931.0
1909,1760002573499731.0,112079168.0,10295.0
1910,1760002573499906.0,112097248.0,4786.0
1911,1760002573500081.0,112115420.0,4907.0
1912,1760002573500260.0,112133560.0,4880.0
1913,1760002573500437.0,112151676.0,4857.0
1914,1760002573500628.0,112169772.0,4832.0
1915,1760002573500810.0,112197012.0,13928.0
1916,1760002573500983.0,112215148.0,4831.0
1917,1760002573501160.0,112238732.0,10289.0
1918,1760002573501334.0,112256816.0,4786.0
1919,1760002573501507.0,112274956.0,4880.0
1920,1760002573501684.0,112298488.0,10243.0
1921,1760002573501856.0,112316596.0,4807.0
1922,1760002573502024.0,112334740.0,4887.0
1923,1760002573502201.0,112358272.0,10244.0
1924,1760002573502373.0,112376360.0,4780.0
1925,1760002573502541.0,112394504.0,4881.0
1926,1760002573502716.0,112418036.0,10242.0
1927,1760002573502887.0,112436144.0,4813.0
1928,1760002573503060.0,112459624.0,10194.0
1929,1760002573503232.0,112477736.0,4806.0
1930,1760002573503404.0,112501344.0,10319.0
1931,1760002573503573.0,112519428.0,4780.0
1932,1760002573503747.0,112546668.0,13932.0
1933,1760002573503915.0,112564804.0,4833.0
1934,1760002573504116.0,112588412.0,10320.0
1935,1760002573504288.0,112606496.0,4779.0
1936,1760002573504464.0,112633740.0,13933.0
1937,1760002573504632.0,112651880.0,4833.0
1938,1760002573504797.0,112670072.0,4932.0
1939,1760002573504968.0,112688172.0,4838.0
1940,1760002573505135.0,112706284.0,4859.0
1941,1760002573505307.0,112724376.0,4832.0
1942,1760002573505534.0,112742568.0,4932.0
1943,1760002573505719.0,112766148.0,10294.0
1944,1760002573505905.0,112784236.0,4786.0
1945,1760002573506072.0,112802428.0,4933.0
1946,1760002573506245.0,112829672.0,13929.0
1947,1760002573506414.0,112847808.0,4839.0
1948,1760002573506580.0,112865900.0,4833.0
1949,1760002573506756.0,112889508.0,10320.0
1950,1760002573506925.0,112907588.0,4780.0
1951,1760002573507090.0,112925688.0,4838.0
1952,1760002573507256.0,112943784.0,4832.0
1953,1760002573507421.0,112961904.0,4859.0
1954,1760002573507590.0,112980004.0,4839.0
1955,1760002573507760.0,113003560.0,10269.0
1956,1760002573507933.0,113021664.0,4807.0
1957,1760002573508101.0,113039784.0,4858.0
1958,1760002573508268.0,113057880.0,4832.0
1959,1760002573508438.0,113075936.0,4806.0
1960,1760002573508606.0,113094000.0,4806.0
1961,1760002573508770.0,113112192.0,4932.0
1962,1760002573508935.0,113130436.0,4984.0
1963,1760002573509100.0,113148500.0,4806.0
1964,1760002573509269.0,113166696.0,4932.0
1965,1760002573509440.0,113193936.0,13935.0
1966,1760002573509609.0,113212072.0,4833.0
1967,1760002573509780.0,113230192.0,4857.0
1968,1760002573509947.0,113248316.0,4864.0
1969,1760002573510170.0,113266404.0,4832.0
1970,1760002573510343.0,113284544.0,4880.0
1971,1760002573510514.0,113308052.0,10219.0
1972,1760002573510681.0,113326164.0,4805.0
1973,1760002573510847.0,113344228.0,4807.0
1974,1760002573511016.0,113362420.0,4932.0
1975,1760002573511183.0,113380512.0,4833.0
1976,1760002573511351.0,113398608.0,4838.0
1977,1760002573511518.0,113416728.0,4858.0
1978,1760002573511684.0,113434820.0,4833.0
1979,1760002573511854.0,113452960.0,4886.0
1980,1760002573512050.0,113471124.0,4906.0
1981,1760002573512230.0,113489220.0,4832.0
1982,1760002573512389.0,113507372.0,4886.0
1983,1760002573512549.0,113525560.0,4932.0
1984,1760002573512712.0,113543776.0,4959.0
1985,1760002573512874.0,113561844.0,4806.0
1986,1760002573513035.0,113579908.0,4811.0
1987,1760002573513195.0,113598024.0,4857.0
1988,1760002573513355.0,113616112.0,4832.0
1989,1760002573513515.0,113634208.0,4839.0
1990,1760002573513679.0,113652348.0,4880.0
1991,1760002573513843.0,113670468.0,4857.0
1992,1760002573514022.0,113688564.0,4839.0
1993,1760002573514193.0,113706656.0,4833.0
1994,1760002573514421.0,113724796.0,4880.0
1995,1760002573514726.0,113742896.0,4838.0
1996,1760002573514904.0,113760984.0,4831.0
1997,1760002573515067.0,113779076.0,4832.0
1998,1760002573515230.0,113797172.0,4838.0
1999,1760002573515392.0,113815260.0,4832.0
2000,1760002573515558.0,113833424.0,4906.0
2001,1760002573515719.0,113851540.0,4858.0
2002,1760002573515883.0,113869608.0,4812.0
2003,1760002573516044.0,113887672.0,4806.0
2004,1760002573516207.0,113905868.0,4932.0
2005,1760002573516372.0,113923936.0,4812.0
2006,1760002573516535.0,113942032.0,4832.0
2007,1760002573516699.0,113960124.0,4832.0
2008,1760002573516863.0,113978216.0,4839.0
2009,1760002573517027.0,113996280.0,4806.0
2010,1760002573517194.0,114014368.0,4831.0
2011,1760002573517357.0,114032488.0,4864.0
2012,1760002573517521.0,114050556.0,4806.0
2013,1760002573517684.0,114068648.0,4832.0
2014,1760002573517848.0,114086740.0,4837.0
2015,1760002573518011.0,114104804.0,4806.0
2016,1760002573518196.0,114122940.0,4880.0
2017,1760002573518371.0,114141036.0,4839.0
2018,1760002573518541.0,114159132.0,4832.0
2019,1760002573518706.0,114177220.0,4832.0
2020,1760002573518878.0,114195316.0,4838.0
2021,1760002573519044.0,114213404.0,4832.0
2022,1760002573519209.0,114231500.0,4833.0
2023,1760002573519373.0,114249568.0,4813.0
2024,1760002573519539.0,114267660.0,4832.0
2025,1760002573519709.0,114285756.0,4833.0
2026,1760002573519881.0,114303876.0,4861.0
2027,1760002573520046.0,114321972.0,4833.0
2028,1760002573520217.0,114340060.0,4832.0
2029,1760002573520383.0,114358156.0,4838.0
2030,1760002573520554.0,114376224.0,4806.0
2031,1760002573520721.0,114394368.0,4880.0
2032,1760002573520888.0,114412440.0,4813.0
2033,1760002573521054.0,114430576.0,4880.0
2034,1760002573521226.0,114454112.0,10244.0
2035,1760002573521402.0,114472196.0,4781.0
2036,1760002573521572.0,114490340.0,4886.0
2037,1760002573521767.0,114508432.0,4833.0
2038,1760002573521973.0,114526504.0,4806.0
2039,1760002573522145.0,114544596.0,4839.0
2040,1760002573522317.0,114562664.0,4806.0
2041,1760002573522485.0,114580760.0,4832.0
2042,1760002573522652.0,114598876.0,4865.0
2043,1760002573522818.0,114616968.0,4832.0
2044,1760002573522983.0,114635060.0,4831.0
2045,1760002573523154.0,114653152.0,4838.0
2046,1760002573523319.0,114671272.0,4855.0
2047,1760002573523486.0,114689412.0,4879.0
2048,1760002573523656.0,114707552.0,4881.0
2049,1760002573523824.0,114725632.0,4829.0
2050,1760002573523992.0,114743824.0,4932.0
2051,1760002573524163.0,114761892.0,4806.0
2052,1760002573524330.0,114779956.0,4813.0
2053,1760002573524498.0,114798052.0,4832.0
2054,1760002573524665.0,114816140.0,4832.0
2055,1760002573524833.0,114834280.0,4881.0
2056,1760002573525007.0,114857784.0,10216.0
2057,1760002573525177.0,114875892.0,4806.0
2058,1760002573525346.0,114893988.0,4832.0
2059,1760002573525514.0,114912080.0,4839.0
2060,1760002573525680.0,114930148.0,4807.0
2061,1760002573525851.0,114948216.0,4806.0
2062,1760002573526017.0,114966304.0,4832.0
2063,1760002573526184.0,114984372.0,4806.0
2064,1760002573526350.0,115002468.0,4832.0
2065,1760002573526517.0,115020628.0,4906.0
2066,1760002573526686.0,115038696.0,4806.0
2067,1760002573526853.0,115056764.0,4806.0
2068,1760002573527020.0,115074832.0,4805.0
2069,1760002573527188.0,115092928.0,4833.0
2070,1760002573527354.0,115111016.0,4832.0
2071,1760002573527525.0,115129208.0,4932.0
2072,1760002573527691.0,115147396.0,4932.0
2073,1760002573527857.0,115165492.0,4833.0
2074,1760002573528035.0,115183556.0,4812.0
2075,1760002573528196.0,115201624.0,4806.0
2076,1760002573528361.0,115219812.0,4931.0
2077,1760002573528523.0,115237980.0,4907.0
2078,1760002573528684.0,115256140.0,4906.0
2079,1760002573528851.0,115279668.0,10242.0
2080,1760002573529027.0,115297756.0,4780.0
2081,1760002573529192.0,115321336.0,10294.0
2082,1760002573529348.0,115339420.0,4780.0
2083,1760002573529503.0,115357512.0,4837.0
2084,1760002573529667.0,115381068.0,10268.0
2085,1760002573529837.0,115399172.0,4805.0
2086,1760002573530075.0,115417264.0,4831.0
2087,1760002573530246.0,115435332.0,4812.0
2088,1760002573530406.0,115453424.0,4832.0
2089,1760002573530568.0,115471496.0,4806.0
2090,1760002573530727.0,115489560.0,4806.0
2091,1760002573530951.0,115507656.0,4832.0
2092,1760002573531135.0,115525720.0,4805.0
2093,1760002573531298.0,115543852.0,4879.0
2094,1760002573531464.0,115567408.0,10269.0
2095,1760002573531634.0,115585516.0,4806.0
2096,1760002573531822.0,115603680.0,4906.0
2097,1760002573531992.0,115627236.0,10267.0
2098,1760002573532155.0,115645344.0,4812.0
2099,1760002573532320.0,115668924.0,10293.0
2100,1760002573532483.0,115687032.0,4805.0
2101,1760002573532649.0,115705124.0,4833.0
2102,1760002573532811.0,115723192.0,4811.0
2103,1760002573532973.0,115741280.0,4831.0
2104,1760002573533138.0,115759396.0,4857.0
2105,1760002573533301.0,115777484.0,4838.0
2106,1760002573533502.0,115804724.0,13928.0
2107,1760002573533701.0,115822836.0,4806.0
2108,1760002573533865.0,115840928.0,4839.0
2109,1760002573534028.0,115858992.0,4805.0
2110,1760002573534187.0,115877108.0,4858.0
2111,1760002573534352.0,115895172.0,4814.0
2112,1760002573534511.0,115913216.0,4781.0
2113,1760002573534671.0,115931284.0,4806.0
2114,1760002573534832.0,115949356.0,4813.0
2115,1760002573534995.0,115967424.0,4807.0
2116,1760002573535174.0,115985488.0,4806.0
2117,1760002573535347.0,116009044.0,10264.0
2118,1760002573535515.0,116027128.0,4780.0
2119,1760002573535680.0,116045192.0,4806.0
2120,1760002573535852.0,116068852.0,10369.0
2121,1760002573536021.0,116086908.0,4753.0
2122,1760002573536195.0,116114148.0,13925.0
2123,1760002573536363.0,116132284.0,4828.0
2124,1760002573536533.0,116155840.0,10270.0
2125,1760002573536701.0,116173928.0,4781.0
2126,1760002573536870.0,116192060.0,4880.0
2127,1760002573537047.0,116219300.0,13924.0
2128,1760002573537216.0,116237412.0,4806.0
2129,1760002573537388.0,116260988.0,10287.0
2130,1760002573537556.0,116279076.0,4786.0
2131,1760002573537722.0,116297144.0,4806.0
2132,1760002573537893.0,116315212.0,4805.0
2133,1760002573538068.0,116338764.0,10262.0
2134,1760002573538239.0,116356872.0,4806.0
2135,1760002573538415.0,116380404.0,10243.0
2136,1760002573538586.0,116398512.0,4804.0
2137,1760002573538764.0,116422044.0,10244.0
2138,1760002573538933.0,116440152.0,4805.0
2139,1760002573539097.0,116458280.0,4879.0
2140,1760002573539271.0,116485524.0,13926.0
2141,1760002573539437.0,116503632.0,4806.0
2142,1760002573539614.0,116527184.0,10262.0
2143,1760002573539783.0,116545272.0,4780.0
2144,1760002573539955.0,116568776.0,10218.0
2145,1760002573540134.0,116586884.0,4805.0
2146,1760002573540301.0,116610464.0,10294.0
2147,1760002573540469.0,116628572.0,4805.0
2148,1760002573540636.0,116646704.0,4879.0
2149,1760002573540809.0,116673948.0,13927.0
2150,1760002573540974.0,116692056.0,4806.0
2151,1760002573541162.0,116715568.0,10220.0
2152,1760002573541390.0,116733672.0,4805.0
2153,1760002573541611.0,116751768.0,4832.0
2154,1760002573541808.0,116769860.0,4833.0
2155,1760002573541983.0,116793312.0,10168.0
2156,1760002573542151.0,116811400.0,4781.0
2157,1760002573542320.0,116829496.0,4832.0
2158,1760002573542486.0,116847588.0,4838.0
2159,1760002573542664.0,116871140.0,10267.0
2160,1760002573542831.0,116889228.0,4780.0
2161,1760002573543016.0,116912808.0,10294.0
2162,1760002573543180.0,116930896.0,4780.0
2163,1760002573543340.0,116948968.0,4813.0
2164,1760002573543499.0,116967060.0,4832.0
2165,1760002573543666.0,116990640.0,10293.0
2166,1760002573543827.0,117008724.0,4779.0
2167,1760002573543988.0,117026828.0,4838.0
2168,1760002573544146.0,117045012.0,4932.0
2169,1760002573544304.0,117063080.0,4806.0
2170,1760002573544463.0,117081176.0,4832.0
2171,1760002573544622.0,117099312.0,4883.0
2172,1760002573544783.0,117117404.0,4832.0
2173,1760002573544942.0,117135496.0,4832.0
2174,1760002573545110.0,117153564.0,4806.0
2175,1760002573545263.0,117171660.0,4832.0
2176,1760002573545416.0,117189752.0,4832.0
2177,1760002573545570.0,117207868.0,4858.0
2178,1760002573545724.0,117225936.0,4807.0
2179,1760002573545876.0,117244032.0,4832.0
2180,1760002573546030.0,117262148.0,4858.0
2181,1760002573546185.0,117280312.0,4906.0
2182,1760002573546349.0,117303844.0,10242.0
2183,1760002573546505.0,117321952.0,4807.0
2184,1760002573546664.0,117340144.0,4938.0
2185,1760002573546830.0,117358212.0,4806.0
2186,1760002573546991.0,117376304.0,4832.0
2187,1760002573547174.0,117394396.0,4838.0
2188,1760002573547344.0,117412492.0,4833.0
2189,1760002573547512.0,117430628.0,4880.0
2190,1760002573547678.0,117448732.0,4838.0
2191,1760002573547927.0,117466792.0,4806.0
2192,1760002573548150.0,117484932.0,4880.0
2193,1760002573548373.0,117503076.0,4880.0
2194,1760002573548802.0,117526560.0,10195.0
2195,1760002573549112.0,117544636.0,4779.0
2196,1760002573549344.0,117568096.0,10168.0
2197,1760002573549561.0,117586204.0,4806.0
2198,1760002573549795.0,117604300.0,4837.0
2199,1760002573549971.0,117622488.0,4932.0
2200,1760002573550164.0,117640556.0,4806.0
2201,1760002573550332.0,117658656.0,4838.0
2202,1760002573550503.0,117676744.0,4832.0
2203,1760002573550671.0,117694836.0,4832.0
2204,1760002573550839.0,117713028.0,4931.0
2205,1760002573551007.0,117731196.0,4905.0
2206,1760002573551175.0,117749264.0,4805.0
2207,1760002573551344.0,117767408.0,4880.0
2208,1760002573551518.0,117785596.0,4938.0
2209,1760002573551696.0,117809160.0,10268.0
2210,1760002573551866.0,117827240.0,4780.0
2211,1760002573552050.0,117845432.0,4931.0
2212,1760002573552217.0,117863624.0,4933.0
2213,1760002573552378.0,117881716.0,4840.0
2214,1760002573552541.0,117899812.0,4833.0
2215,1760002573552701.0,117917956.0,4880.0
2216,1760002573552863.0,117936072.0,4860.0
2217,1760002573553025.0,117954216.0,4880.0
2218,1760002573553187.0,117972360.0,4880.0
2219,1760002573553347.0,117990476.0,4854.0
2220,1760002573553509.0,118008504.0,4779.0
2221,1760002573553679.0,118031984.0,10194.0
2222,1760002573553844.0,118050072.0,4781.0
2223,1760002573554012.0,118073576.0,10217.0
2224,1760002573554175.0,118091688.0,4812.0
2225,1760002573554343.0,118115144.0,10167.0
2226,1760002573554510.0,118133252.0,4805.0
2227,1760002573554698.0,118156756.0,10217.0
2228,1760002573554866.0,118174868.0,4807.0
2229,1760002573555034.0,118198400.0,10244.0
2230,1760002573555198.0,118216484.0,4787.0
2231,1760002573555366.0,118243728.0,13929.0
2232,1760002573555535.0,118261916.0,4880.0
2233,1760002573555706.0,118285472.0,10268.0
2234,1760002573555888.0,118303584.0,4813.0
2235,1760002573556235.0,118327140.0,10269.0
2236,1760002573556442.0,118345248.0,4805.0
2237,1760002573556620.0,118363384.0,4880.0
2238,1760002573556786.0,118381528.0,4886.0
2239,1760002573556948.0,118399672.0,4880.0
2240,1760002573557197.0,118417816.0,4881.0
2241,1760002573557444.0,118435984.0,4906.0
2242,1760002573557627.0,118454096.0,4857.0
2243,1760002573557800.0,118472208.0,4854.0
2244,1760002573557968.0,118490320.0,4854.0
2245,1760002573558133.0,118508484.0,4912.0
2246,1760002573558301.0,118526628.0,4880.0
2247,1760002573558470.0,118544740.0,4854.0
2248,1760002573558640.0,118562776.0,4786.0
2249,1760002573558805.0,118580920.0,4880.0
2250,1760002573558987.0,118599060.0,4880.0
2251,1760002573559148.0,118617200.0,4879.0
2252,1760002573559310.0,118635316.0,4853.0
2253,1760002573559475.0,118653432.0,4854.0
2254,1760002573559637.0,118671544.0,4854.0
2255,1760002573559798.0,118689632.0,4835.0
2256,1760002573559958.0,118707644.0,4755.0
2257,1760002573560119.0,118725760.0,4854.0
2258,1760002573560285.0,118743876.0,4854.0
2259,1760002573560446.0,118761996.0,4854.0
2260,1760002573560608.0,118780032.0,4780.0
2261,1760002573560768.0,118798176.0,4879.0
2262,1760002573560931.0,118816292.0,4854.0
2263,1760002573561095.0,118834380.0,4828.0
2264,1760002573561257.0,118852392.0,4761.0
2265,1760002573561419.0,118870532.0,4879.0
2266,1760002573561588.0,118897776.0,13924.0
2267,1760002573561753.0,118915884.0,4811.0
2268,1760002573561915.0,118933972.0,4831.0
2269,1760002573562078.0,118952192.0,4957.0
2270,1760002573562240.0,118970332.0,4885.0
2271,1760002573562406.0,118988424.0,4832.0
2272,1760002573562572.0,119006588.0,4905.0
2273,1760002573562788.0,119024756.0,4906.0
2274,1760002573562966.0,119052000.0,13927.0
2275,1760002573563130.0,119070108.0,4806.0
2276,1760002573563298.0,119097356.0,13933.0
2277,1760002573563462.0,119115460.0,4805.0
2278,1760002573563636.0,119133496.0,4779.0
2279,1760002573563842.0,119151672.0,4911.0
2280,1760002573564057.0,119178908.0,13927.0
2281,1760002573564236.0,119197020.0,4806.0
2282,1760002573564425.0,119215212.0,4932.0
2283,1760002573564721.0,119242456.0,13926.0
2284,1760002573565059.0,119260564.0,4805.0
2285,1760002573565244.0,119278608.0,4786.0
2286,1760002573565415.0,119296768.0,4906.0
2287,1760002573565588.0,119314804.0,4779.0
2288,1760002573565783.0,119332876.0,4811.0
2289,1760002573565958.0,119351012.0,4879.0
2290,1760002573566143.0,119378256.0,13928.0
2291,1760002573566318.0,119396404.0,4838.0
2292,1760002573566496.0,119423640.0,13926.0
2293,1760002573566683.0,119441752.0,4806.0
2294,1760002573566861.0,119469000.0,13933.0
2295,1760002573567031.0,119487112.0,4805.0
2296,1760002573567199.0,119505280.0,4905.0
2297,1760002573567368.0,119523352.0,4812.0
2298,1760002573567542.0,119541484.0,4879.0
2299,1760002573567710.0,119559628.0,4879.0
2300,1760002573567877.0,119577768.0,4880.0
2301,1760002573568008.0,119595912.0,4885.0
2302,1760002573568137.0,119614004.0,4831.0
2303,1760002573568291.0,119632172.0,4905.0
2304,1760002573568454.0,119650260.0,4835.0
2305,1760002573568622.0,119668352.0,4828.0
2306,1760002573568787.0,119686364.0,4754.0
2307,1760002573568950.0,119704376.0,4760.0
2308,1760002573569112.0,119722492.0,4854.0
2309,1760002573569303.0,119740608.0,4854.0
2310,1760002573569471.0,119758696.0,4834.0
2311,1760002573569639.0,119776712.0,4755.0
2312,1760002573569806.0,119794856.0,4879.0
2313,1760002573569975.0,119812920.0,4812.0
2314,1760002573570145.0,119830956.0,4779.0
2315,1760002573570316.0,119849100.0,4879.0
2316,1760002573570490.0,119867136.0,4780.0
2317,1760002573570666.0,119885152.0,4753.0
2318,1760002573570843.0,119903164.0,4760.0
2319,1760002573571019.0,119921308.0,4880.0
2320,1760002573571257.0,119939452.0,4879.0
2321,1760002573571438.0,119957568.0,4855.0
2322,1760002573571607.0,119975576.0,4753.0
2323,1760002573571776.0,119993592.0,4754.0
2324,1760002573571948.0,120011708.0,4860.0
2325,1760002573572117.0,120029776.0,4805.0
2326,1760002573572277.0,120047864.0,4827.0
2327,1760002573572460.0,120065876.0,4760.0
2328,1760002573572629.0,120083968.0,4828.0
2329,1760002573572803.0,120101980.0,4754.0
2330,1760002573572976.0,120119992.0,4754.0
2331,1760002573573153.0,120138112.0,4855.0
2332,1760002573573323.0,120156124.0,4760.0
2333,1760002573573495.0,120174240.0,4853.0
2334,1760002573573673.0,120192252.0,4754.0
2335,1760002573573847.0,120210368.0,4860.0
2336,1760002573574017.0,120228460.0,4828.0
2337,1760002573574187.0,120246472.0,4754.0
2338,1760002573574358.0,120264592.0,4860.0
2339,1760002573574533.0,120282708.0,4854.0
2340,1760002573574702.0,120300720.0,4755.0
2341,1760002573574875.0,120318812.0,4834.0
2342,1760002573575046.0,120336928.0,4854.0
2343,1760002573575216.0,120354940.0,4755.0
2344,1760002573575388.0,120372956.0,4754.0
2345,1760002573575558.0,120391044.0,4827.0
2346,1760002573575729.0,120409060.0,4760.0
2347,1760002573575901.0,120427076.0,4754.0
2348,1760002573576071.0,120445092.0,4753.0
2349,1760002573576244.0,120463184.0,4834.0
2350,1760002573576415.0,120481196.0,4754.0
2351,1760002573576589.0,120499312.0,4853.0
2352,1760002573576759.0,120517404.0,4828.0
2353,1760002573576931.0,120535416.0,4753.0
2354,1760002573577106.0,120553456.0,4786.0
2355,1760002573577278.0,120571472.0,4753.0
2356,1760002573577446.0,120589616.0,4880.0
2357,1760002573577617.0,120607628.0,4760.0
2358,1760002573577789.0,120625640.0,4754.0
2359,1760002573577963.0,120643684.0,4780.0
2360,1760002573578134.0,120661716.0,4780.0
2361,1760002573578303.0,120679752.0,4780.0
2362,1760002573578473.0,120697952.0,4932.0
2363,1760002573578642.0,120715956.0,4753.0
2364,1760002573578817.0,120733972.0,4754.0
2365,1760002573578998.0,120751984.0,4760.0
2366,1760002573579171.0,120770100.0,4854.0
2367,1760002573579341.0,120788144.0,4779.0
2368,1760002573579512.0,120806288.0,4886.0
2369,1760002573579687.0,120824300.0,4754.0
2370,1760002573579856.0,120842392.0,4828.0
2371,1760002573580025.0,120860404.0,4761.0
2372,1760002573580194.0,120878472.0,4805.0
2373,1760002573580367.0,120896484.0,4760.0
2374,1760002573580549.0,120914496.0,4753.0
2375,1760002573580730.0,120932532.0,4779.0
2376,1760002573580906.0,120950648.0,4859.0
2377,1760002573581083.0,120968692.0,4780.0
2378,1760002573581261.0,120986704.0,4754.0
2379,1760002573581519.0,121004712.0,4754.0
2380,1760002573581733.0,121022832.0,4854.0
2381,1760002573581912.0,121040844.0,4760.0
2382,1760002573582302.0,121058856.0,4754.0
2383,1760002573582490.0,121076972.0,4853.0
2384,1760002573582669.0,121094984.0,4760.0
2385,1760002573582839.0,121113052.0,4806.0
2386,1760002573583110.0,121131196.0,4880.0
2387,1760002573583403.0,121149336.0,4886.0
2388,1760002573583580.0,121167480.0,4879.0
2389,1760002573583756.0,121185516.0,4779.0
2390,1760002573583966.0,121203556.0,4786.0
2391,1760002573584198.0,121221700.0,4879.0
2392,1760002573584498.0,121239736.0,4779.0
2393,1760002573584742.0,121257752.0,4759.0
2394,1760002573584981.0,121275764.0,4753.0
2395,1760002573585158.0,121293776.0,4759.0
2396,1760002573585318.0,121311812.0,4779.0
2397,1760002573585530.0,121329904.0,4831.0
2398,1760002573585707.0,121348044.0,4886.0
2399,1760002573585904.0,121366212.0,4905.0
2400,1760002573586148.0,121384276.0,4806.0
2401,1760002573586335.0,121402428.0,4887.0
2402,1760002573586519.0,121429664.0,13925.0
2403,1760002573586798.0,121447796.0,4828.0
2404,1760002573587013.0,121465936.0,4879.0
2405,1760002573587268.0,121483968.0,4779.0
2406,1760002573587511.0,121511212.0,13927.0
2407,1760002573587766.0,121529324.0,4811.0
2408,1760002573587976.0,121547464.0,4879.0
2409,1760002573588157.0,121565580.0,4854.0
2410,1760002573588379.0,121592824.0,13931.0
2411,1760002573588602.0,121610912.0,4781.0
2412,1760002573588841.0,121629052.0,4879.0
2413,1760002573589071.0,121647192.0,4879.0
2414,1760002573589256.0,121665228.0,4779.0
2415,1760002573589436.0,121683272.0,4780.0
2416,1760002573589623.0,121710516.0,13934.0
2417,1760002573589798.0,121728628.0,4806.0
2418,1760002573589972.0,121746796.0,4906.0
2419,1760002573590158.0,121774040.0,13932.0
2420,1760002573590343.0,121792148.0,4805.0
2421,1760002573590521.0,121810212.0,4805.0
2422,1760002573590741.0,121837480.0,13956.0
2423,1760002573590978.0,121855568.0,4780.0
2424,1760002573591276.0,121873760.0,4931.0
2425,1760002573591611.0,121901004.0,13934.0
2426,1760002573591994.0,121919116.0,4806.0
2427,1760002573592206.0,121946384.0,13950.0
2428,1760002573592390.0,121964584.0,4885.0
2429,1760002573592571.0,121982692.0,4854.0
2430,1760002573592747.0,122000832.0,4879.0
2431,1760002573592919.0,122018880.0,4785.0
2432,1760002573593104.0,122036912.0,4776.0
2433,1760002573593270.0,122054896.0,4728.0
2434,1760002573593439.0,122072884.0,4734.0
2435,1760002573593605.0,122090900.0,4754.0
2436,1760002573593773.0,122108916.0,4758.0
2437,1760002573593940.0,122126904.0,4727.0
2438,1760002573594108.0,122144892.0,4727.0
2439,1760002573594320.0,122162884.0,4728.0
2440,1760002573594490.0,122180900.0,4754.0
2441,1760002573594662.0,122208144.0,13931.0
2442,1760002573594831.0,122226300.0,4854.0
2443,1760002573595002.0,122253544.0,13925.0
2444,1760002573595174.0,122271708.0,4860.0
2445,1760002573595397.0,122289876.0,4906.0
2446,1760002573595533.0,122308012.0,4880.0
2447,1760002573595660.0,122326156.0,4879.0
2448,1760002573595826.0,122344296.0,4882.0
2449,1760002573596085.0,122371540.0,13927.0
2450,1760002573596272.0,122389676.0,4832.0
2451,1760002573596446.0,122407848.0,4912.0
2452,1760002573596616.0,122425960.0,4854.0
2453,1760002573596785.0,122444020.0,4803.0
2454,1760002573596962.0,122462036.0,4761.0
2455,1760002573597141.0,122489280.0,13925.0
2456,1760002573597313.0,122507468.0,4879.0
2457,1760002573597557.0,122534708.0,13930.0
2458,1760002573597749.0,122552868.0,4854.0
2459,1760002573597932.0,122580112.0,13926.0
2460,1760002573598114.0,122598276.0,4860.0
2461,1760002573598291.0,122616388.0,4853.0
2462,1760002573598562.0,122634428.0,4781.0
2463,1760002573598793.0,122652540.0,4861.0
2464,1760002573599003.0,122679780.0,13924.0
2465,1760002573599181.0,122697940.0,4854.0
2466,1760002573599354.0,122716056.0,4860.0
2467,1760002573599528.0,122734224.0,4906.0
2468,1760002573599715.0,122752340.0,4853.0
2469,1760002573599896.0,122770492.0,4886.0
2470,1760002573600070.0,122788628.0,4881.0
2471,1760002573600247.0,122806768.0,4880.0
2472,1760002573600425.0,122824856.0,4829.0
2473,1760002573600605.0,122842968.0,4860.0
2474,1760002573600786.0,122861088.0,4855.0
2475,1760002573600972.0,122888332.0,13925.0
2476,1760002573601155.0,122906488.0,4862.0
2477,1760002573601336.0,122924628.0,4879.0
2478,1760002573601514.0,122942640.0,4754.0
2479,1760002573601692.0,122960652.0,4761.0
2480,1760002573601872.0,122978768.0,4853.0
2481,1760002573602050.0,122996784.0,4760.0
2482,1760002573602230.0,123014792.0,4754.0
2483,1760002573602409.0,123032832.0,4779.0
2484,1760002573602588.0,123050848.0,4760.0
2485,1760002573602765.0,123068888.0,4780.0
2486,1760002573602943.0,123087032.0,4879.0
2487,1760002573603125.0,123105144.0,4859.0
2488,1760002573603371.0,123123152.0,4752.0
2489,1760002573603560.0,123141172.0,4760.0
2490,1760002573603741.0,123159180.0,4754.0
2491,1760002573603915.0,123177320.0,4878.0
2492,1760002573604091.0,123195444.0,4860.0
2493,1760002573604265.0,123213504.0,4805.0
2494,1760002573604443.0,123231512.0,4753.0
2495,1760002573604673.0,123249628.0,4859.0
2496,1760002573604854.0,123267668.0,4780.0
2497,1760002573605040.0,123285812.0,4880.0
2498,1760002573605208.0,123303848.0,4785.0
2499,1760002573605373.0,123321988.0,4879.0
2500,1760002573605544.0,123340056.0,4805.0
2501,1760002573605711.0,123358068.0,4760.0
2502,1760002573605877.0,123376184.0,4854.0
2503,1760002573606043.0,123394324.0,4879.0
2504,1760002573606208.0,123412468.0,4886.0
2505,1760002573606379.0,123430608.0,4879.0
2506,1760002573606549.0,123448672.0,4807.0
2507,1760002573606716.0,123466708.0,4786.0
2508,1760002573606893.0,123493952.0,13927.0
2509,1760002573607063.0,123512088.0,4832.0
2510,1760002573607241.0,123539332.0,13933.0
2511,1760002573607410.0,123557472.0,4833.0
2512,1760002573607578.0,123575636.0,4906.0
2513,1760002573607746.0,123593836.0,4932.0
2514,1760002573607921.0,123621072.0,13924.0
2515,1760002573608093.0,123639256.0,4880.0
2516,1760002573608270.0,123666504.0,13929.0
2517,1760002573608439.0,123684612.0,4806.0
2518,1760002573608612.0,123711856.0,13928.0
2519,1760002573608781.0,123729992.0,4833.0
2520,1760002573608952.0,123748000.0,4754.0
2521,1760002573609121.0,123766012.0,4754.0
2522,1760002573609296.0,123793260.0,13935.0
2523,1760002573609467.0,123811396.0,4832.0
2524,1760002573609641.0,123838636.0,13928.0
2525,1760002573609813.0,123856748.0,4813.0
2526,1760002573609989.0,123883988.0,13924.0
2527,1760002573610159.0,123902176.0,4880.0
2528,1760002573610334.0,123929420.0,13934.0
2529,1760002573610506.0,123947560.0,4832.0
2530,1760002573610688.0,123974804.0,13928.0
2531,1760002573610860.0,123992940.0,4837.0
2532,1760002573611030.0,124011136.0,4932.0
2533,1760002573611207.0,124038376.0,13927.0
2534,1760002573611384.0,124056516.0,4838.0
2535,1760002573611556.0,124074652.0,4880.0
2536,1760002573611761.0,124101896.0,13928.0
2537,1760002573611937.0,124120008.0,4811.0
2538,1760002573612105.0,124138020.0,4754.0
2539,1760002573612281.0,124165264.0,13927.0
2540,1760002573612463.0,124183372.0,4812.0
2541,1760002573612675.0,124201540.0,4906.0
2542,1760002573612879.0,124228784.0,13927.0
2543,1760002573613051.0,124246896.0,4811.0
2544,1760002573613277.0,124274136.0,13927.0
2545,1760002573613465.0,124292320.0,4879.0
2546,1760002573613640.0,124319564.0,13934.0
2547,1760002573613810.0,124337748.0,4880.0
2548,1760002573613976.0,124355916.0,4905.0
2549,1760002573614151.0,124374048.0,4863.0
2550,1760002573614332.0,124401280.0,13926.0
2551,1760002573614516.0,124419464.0,4879.0
2552,1760002573614686.0,124437576.0,4854.0
2553,1760002573614859.0,124455608.0,4780.0
2554,1760002573615039.0,124482848.0,13926.0
2555,1760002573615319.0,124501020.0,4861.0
2556,1760002573615501.0,124519104.0,4828.0
2557,1760002573615670.0,124537192.0,4828.0
2558,1760002573615835.0,124555228.0,4786.0
2559,1760002573616008.0,124582472.0,13926.0
2560,1760002573616183.0,124600652.0,4880.0
2561,1760002573616355.0,124618828.0,4906.0
2562,1760002573616524.0,124636836.0,4754.0
2563,1760002573616695.0,124655004.0,4905.0
2564,1760002573616871.0,124682252.0,13930.0
2565,1760002573617046.0,124700408.0,4854.0
2566,1760002573617217.0,124718492.0,4828.0
2567,1760002573617395.0,124745744.0,13935.0
2568,1760002573617568.0,124763896.0,4854.0
2569,1760002573617745.0,124791136.0,13924.0
2570,1760002573617923.0,124809296.0,4854.0
2571,1760002573618091.0,124827304.0,4754.0
2572,1760002573618268.0,124854548.0,13926.0
2573,1760002573618438.0,124872664.0,4812.0
2574,1760002573618607.0,124890800.0,4879.0
2575,1760002573618788.0,124918044.0,13928.0
2576,1760002573618961.0,124936164.0,4813.0
2577,1760002573619133.0,124963404.0,13928.0
2578,1760002573619302.0,124981516.0,4806.0
2579,1760002573619477.0,125008764.0,13935.0
2580,1760002573619654.0,125026900.0,4832.0
2581,1760002573619832.0,125054144.0,13928.0
2582,1760002573620005.0,125072280.0,4838.0
2583,1760002573620178.0,125099516.0,13924.0
2584,1760002573620352.0,125117724.0,4905.0
2585,1760002573620529.0,125144968.0,13935.0
2586,1760002573620704.0,125163084.0,4806.0
2587,1760002573620896.0,125190324.0,13927.0
2588,1760002573621071.0,125208464.0,4838.0
2589,1760002573621241.0,125235704.0,13928.0
2590,1760002573621412.0,125253864.0,4854.0
2591,1760002573621582.0,125272004.0,4886.0
2592,1760002573621756.0,125299244.0,13925.0
2593,1760002573621924.0,125317352.0,4806.0
2594,1760002573622098.0,125344592.0,13929.0
2595,1760002573622266.0,125362732.0,4832.0
2596,1760002573622441.0,125389976.0,13927.0
2597,1760002573622608.0,125408088.0,4812.0
2598,1760002573622785.0,125435328.0,13923.0
2599,1760002573622954.0,125453440.0,4806.0
2600,1760002573623127.0,125471576.0,4880.0
2601,1760002573623304.0,125498824.0,13928.0
2602,1760002573623476.0,125516932.0,4806.0
2603,1760002573623644.0,125534996.0,4806.0
2604,1760002573623816.0,125562240.0,13927.0
2605,1760002573623984.0,125580380.0,4832.0
2606,1760002573624158.0,125598388.0,4754.0
2607,1760002573624331.0,125625628.0,13924.0
2608,1760002573624498.0,125643744.0,4811.0
2609,1760002573624671.0,125670988.0,13927.0
2610,1760002573624839.0,125689100.0,4805.0
2611,1760002573625018.0,125716340.0,13929.0
2612,1760002573625188.0,125734452.0,4806.0
2613,1760002573625360.0,125761692.0,13924.0
2614,1760002573625529.0,125779804.0,4813.0
2615,1760002573625704.0,125807044.0,13924.0
2616,1760002573625877.0,125825156.0,4805.0
2617,1760002573626050.0,125848712.0,10262.0
2618,1760002573626217.0,125866820.0,4812.0
2619,1760002573626388.0,125894064.0,13928.0
2620,1760002573626559.0,125912224.0,4853.0
2621,1760002573626735.0,125939468.0,13933.0
2622,1760002573626904.0,125957580.0,4806.0
2623,1760002573627077.0,125984828.0,13933.0
2624,1760002573627246.0,126002932.0,4805.0
2625,1760002573627412.0,126021068.0,4879.0
2626,1760002573627589.0,126048316.0,13932.0
2627,1760002573627760.0,126066420.0,4806.0
2628,1760002573627983.0,126084480.0,4804.0
2629,1760002573628166.0,126102516.0,4786.0
2630,1760002573628339.0,126129760.0,13926.0
2631,1760002573628511.0,126147896.0,4831.0
2632,1760002573628682.0,126175140.0,13934.0
2633,1760002573628847.0,126193276.0,4831.0
2634,1760002573629016.0,126220520.0,13925.0
2635,1760002573629190.0,126238628.0,4812.0
2636,1760002573629364.0,126265868.0,13924.0
2637,1760002573629532.0,126284028.0,4854.0
2638,1760002573629702.0,126311272.0,13933.0
2639,1760002573629871.0,126329460.0,4880.0
2640,1760002573630047.0,126356700.0,13926.0
2641,1760002573630229.0,126374856.0,4860.0
2642,1760002573630408.0,126398392.0,10244.0
2643,1760002573630586.0,126416504.0,4806.0
2644,1760002573630768.0,126434616.0,4855.0
2645,1760002573631085.0,126461860.0,13931.0
2646,1760002573631275.0,126480024.0,4854.0
2647,1760002573631451.0,126507260.0,13924.0
2648,1760002573631628.0,126525372.0,4811.0
2649,1760002573631827.0,126543536.0,4906.0
2650,1760002573632042.0,126561732.0,4932.0
2651,1760002573632228.0,126588976.0,13933.0
2652,1760002573632402.0,126607080.0,4806.0
2653,1760002573632574.0,126625168.0,4831.0
2654,1760002573632752.0,126652412.0,13933.0
2655,1760002573632924.0,126670524.0,4805.0
2656,1760002573633112.0,126688664.0,4879.0
2657,1760002573633285.0,126706776.0,4854.0
2658,1760002573633454.0,126724840.0,4806.0
2659,1760002573633627.0,126742904.0,4806.0
2660,1760002573633799.0,126761068.0,4906.0
2661,1760002573633974.0,126779232.0,4906.0
2662,1760002573634150.0,126806472.0,13923.0
2663,1760002573634330.0,126824632.0,4854.0
2664,1760002573634511.0,126851872.0,13929.0
2665,1760002573634684.0,126869988.0,4806.0
2666,1760002573634860.0,126888048.0,4805.0
2667,1760002573635037.0,126906216.0,4906.0
2668,1760002573635216.0,126933460.0,13928.0
2669,1760002573635391.0,126951620.0,4854.0
2670,1760002573635569.0,126975204.0,10293.0
2671,1760002573635746.0,126993292.0,4786.0
2672,1760002573635919.0,127011328.0,4780.0
2673,1760002573636118.0,127029368.0,4780.0
2674,1760002573636295.0,127047512.0,4880.0
2675,1760002573636465.0,127065680.0,4906.0
2676,1760002573636647.0,127092920.0,13925.0
2677,1760002573636822.0,127111060.0,4838.0
2678,1760002573636994.0,127129224.0,4906.0
2679,1760002573637167.0,127147420.0,4932.0
2680,1760002573637353.0,127174660.0,13930.0
2681,1760002573637541.0,127192820.0,4854.0
2682,1760002573637709.0,127210988.0,4906.0
2683,1760002573637883.0,127229156.0,4906.0
2684,1760002573638058.0,127256392.0,13930.0
2685,1760002573638227.0,127274504.0,4805.0
2686,1760002573638397.0,127292568.0,4806.0
2687,1760002573638565.0,127310680.0,4859.0
2688,1760002573638732.0,127328792.0,4854.0
2689,1760002573638899.0,127346860.0,4807.0
2690,1760002573639067.0,127365004.0,4886.0
2691,1760002573639237.0,127383140.0,4880.0
2692,1760002573639406.0,127401284.0,4880.0
2693,1760002573639581.0,127428532.0,13935.0
2694,1760002573639752.0,127446644.0,4805.0
2695,1760002573639921.0,127464708.0,4807.0
2696,1760002573640092.0,127482852.0,4886.0
2697,1760002573640263.0,127501048.0,4932.0
2698,1760002573640439.0,127528284.0,13924.0
2699,1760002573640613.0,127546404.0,4813.0
2700,1760002573640781.0,127564540.0,4881.0
2701,1760002573640958.0,127591776.0,13924.0
2702,1760002573641134.0,127609896.0,4812.0
2703,1760002573641303.0,127628008.0,4854.0
2704,1760002573641472.0,127646096.0,4832.0
2705,1760002573641640.0,127664240.0,4881.0
2706,1760002573641808.0,127682408.0,4906.0
2707,1760002573641979.0,127700504.0,4832.0
2708,1760002573642147.0,127718640.0,4879.0
2709,1760002573642313.0,127736708.0,4812.0
2710,1760002573642483.0,127754852.0,4880.0
2711,1760002573642651.0,127773020.0,4905.0
2712,1760002573642830.0,127800260.0,13930.0
2713,1760002573643001.0,127818376.0,4807.0
2714,1760002573643169.0,127836516.0,4880.0
2715,1760002573643339.0,127854708.0,4931.0
2716,1760002573643511.0,127872880.0,4906.0
2717,1760002573643702.0,127900120.0,13928.0
2718,1760002573643924.0,127918232.0,4806.0
2719,1760002573644111.0,127936328.0,4837.0
2720,1760002573644330.0,127963568.0,13927.0
2721,1760002573644508.0,127981680.0,4806.0
2722,1760002573644683.0,127999776.0,4832.0
2723,1760002573644851.0,128017968.0,4932.0
2724,1760002573645020.0,128036104.0,4879.0
2725,1760002573645252.0,128054168.0,4811.0
2726,1760002573645431.0,128072228.0,4805.0
2727,1760002573645606.0,128090288.0,4806.0
2728,1760002573645774.0,128108380.0,4838.0
2729,1760002573645942.0,128126520.0,4880.0
2730,1760002573646115.0,128153764.0,13929.0
2731,1760002573646283.0,128171872.0,4812.0
2732,1760002573646454.0,128189936.0,4805.0
2733,1760002573646625.0,128208028.0,4832.0
2734,1760002573646790.0,128226088.0,4812.0
2735,1760002573646957.0,128244148.0,4805.0
2736,1760002573647123.0,128262212.0,4806.0
2737,1760002573647293.0,128280264.0,4805.0
2738,1760002573647466.0,128307508.0,13927.0
2739,1760002573647638.0,128325616.0,4812.0
2740,1760002573647816.0,128349148.0,10241.0
2741,1760002573647992.0,128367256.0,4805.0
2742,1760002573648172.0,128385316.0,4805.0
2743,1760002573648353.0,128403464.0,4885.0
2744,1760002573648614.0,128421544.0,4831.0
2745,1760002573648898.0,128439636.0,4831.0
2746,1760002573649086.0,128457712.0,4812.0
2747,1760002573649462.0,128484956.0,13928.0
2748,1760002573649656.0,128503064.0,4805.0
2749,1760002573649919.0,128521156.0,4838.0
2750,1760002573650133.0,128539244.0,4831.0
2751,1760002573650314.0,128557308.0,4805.0
2752,1760002573650541.0,128575400.0,4838.0
2753,1760002573650720.0,128593464.0,4806.0
2754,1760002573650889.0,128611560.0,4832.0
2755,1760002573651056.0,128629624.0,4812.0
2756,1760002573651224.0,128647688.0,4806.0
2757,1760002573651395.0,128665752.0,4806.0
2758,1760002573651569.0,128683816.0,4810.0
2759,1760002573651741.0,128701880.0,4805.0
2760,1760002573651910.0,128719944.0,4805.0
2761,1760002573652083.0,128738004.0,4805.0
2762,1760002573652275.0,128756044.0,4780.0
2763,1760002573652451.0,128774140.0,4838.0
2764,1760002573652625.0,128792176.0,4780.0
2765,1760002573652795.0,128810344.0,4906.0
2766,1760002573652968.0,128828408.0,4813.0
2767,1760002573653151.0,128846472.0,4806.0
2768,1760002573653328.0,128864512.0,4780.0
2769,1760002573653545.0,128882524.0,4759.0
2770,1760002573653745.0,128900564.0,4780.0
2771,1760002573653914.0,128918600.0,4780.0
2772,1760002573654087.0,128936656.0,4805.0
2773,1760002573654255.0,128954724.0,4806.0
2774,1760002573654423.0,128972792.0,4811.0
2775,1760002573654590.0,128990828.0,4780.0
2776,1760002573654758.0,129008924.0,4832.0
2777,1760002573654926.0,129026988.0,4812.0
2778,1760002573655097.0,129045028.0,4779.0
2779,1760002573655267.0,129063068.0,4780.0
2780,1760002573655439.0,129081108.0,4786.0
2781,1760002573655609.0,129099144.0,4780.0
2782,1760002573655784.0,129117192.0,4786.0
2783,1760002573655975.0,129135252.0,4806.0
2784,1760002573656411.0,129153288.0,4780.0
2785,1760002573656591.0,129171404.0,4860.0
2786,1760002573656763.0,129189472.0,4806.0
2787,1760002573656989.0,129207508.0,4780.0
2788,1760002573657169.0,129225524.0,4760.0
2789,1760002573657339.0,129243560.0,4779.0
2790,1760002573657507.0,129261604.0,4785.0
2791,1760002573657707.0,129279664.0,4805.0
2792,1760002573657903.0,129297808.0,4880.0
2793,1760002573658072.0,129315904.0,4836.0
2794,1760002573658239.0,129334012.0,4854.0
2795,1760002573658407.0,129352052.0,4781.0
2796,1760002573658573.0,129370172.0,4860.0
2797,1760002573658743.0,129388308.0,4880.0
2798,1760002573658912.0,129406348.0,4781.0
2799,1760002573659077.0,129424420.0,4813.0
2800,1760002573659328.0,129442552.0,4880.0
2801,1760002573659498.0,129460692.0,4879.0
2802,1760002573659672.0,129478712.0,4760.0
2803,1760002573659842.0,129496796.0,4828.0
2804,1760002573660012.0,129514912.0,4854.0
2805,1760002573660182.0,129532956.0,4786.0
2806,1760002573660358.0,129551096.0,4880.0
2807,1760002573660540.0,129569132.0,4780.0
2808,1760002573660715.0,129587208.0,4812.0
2809,1760002573660887.0,129605236.0,4780.0
2810,1760002573661058.0,129623248.0,4754.0
2811,1760002573661226.0,129641260.0,4760.0
2812,1760002573661413.0,129659272.0,4754.0
2813,1760002573661584.0,129677320.0,4786.0
2814,1760002573661839.0,129695356.0,4781.0
2815,1760002573662017.0,129713392.0,4779.0
2816,1760002573662185.0,129731460.0,4812.0
2817,1760002573662356.0,129749528.0,4806.0
2818,1760002573662523.0,129767668.0,4880.0
2819,1760002573662688.0,129785764.0,4838.0
2820,1760002573662854.0,129803804.0,4780.0
2821,1760002573663019.0,129821868.0,4806.0
2822,1760002573663189.0,129840012.0,4886.0
2823,1760002573663405.0,129858128.0,4854.0
2824,1760002573663578.0,129876216.0,4829.0
2825,1760002573663745.0,129894256.0,4787.0
2826,1760002573663914.0,129912324.0,4805.0
2827,1760002573664082.0,129930360.0,4779.0
2828,1760002573664256.0,129948428.0,4807.0
2829,1760002573664531.0,129966492.0,4805.0
2830,1760002573664781.0,129984536.0,4785.0
2831,1760002573664960.0,130002596.0,4806.0
2832,1760002573665130.0,130020692.0,4832.0
2833,1760002573665303.0,130038792.0,4838.0
2834,1760002573665476.0,130056876.0,4831.0
2835,1760002573665711.0,130074912.0,4779.0
2836,1760002573665970.0,130092980.0,4812.0
2837,1760002573666251.0,130111016.0,4779.0
2838,1760002573666617.0,130129084.0,4806.0
2839,1760002573666923.0,130147180.0,4838.0
2840,1760002573667107.0,130165276.0,4833.0
2841,1760002573667291.0,130183440.0,4906.0
2842,1760002573667470.0,130201584.0,4887.0
2843,1760002573667672.0,130219728.0,4880.0
2844,1760002573667856.0,130246972.0,13925.0
2845,1760002573668026.0,130265080.0,4813.0
2846,1760002573668195.0,130283224.0,4880.0
2847,1760002573668375.0,130301360.0,4880.0
2848,1760002573668797.0,130319476.0,4854.0
2849,1760002573668974.0,130337588.0,4855.0
2850,1760002573669161.0,130355732.0,4880.0
2851,1760002573669332.0,130373900.0,4907.0
2852,1760002573669506.0,130392044.0,4886.0
2853,1760002573669686.0,130410180.0,4880.0
2854,1760002573669854.0,130428296.0,4854.0
2855,1760002573670022.0,130446440.0,4881.0
2856,1760002573670187.0,130464504.0,4806.0
2857,1760002573670352.0,130482568.0,4806.0
2858,1760002573670517.0,130500712.0,4880.0
2859,1760002573670682.0,130518820.0,4854.0
2860,1760002573670846.0,130536964.0,4880.0
2861,1760002573671014.0,130555032.0,4805.0
2862,1760002573671181.0,130573176.0,4886.0
2863,1760002573671348.0,130591344.0,4907.0
2864,1760002573671513.0,130609484.0,4880.0
2865,1760002573671678.0,130627632.0,4886.0
2866,1760002573671843.0,130645740.0,4854.0
2867,1760002573672009.0,130663836.0,4832.0
2868,1760002573672179.0,130681976.0,4880.0
2869,1760002573672355.0,130709216.0,13925.0
2870,1760002573672536.0,130727304.0,4781.0
2871,1760002573672707.0,130745448.0,4880.0
2872,1760002573672886.0,130763508.0,4806.0
2873,1760002573673060.0,130781604.0,4832.0
2874,1760002573673241.0,130808848.0,13930.0
2875,1760002573673419.0,130826952.0,4807.0
2876,1760002573673594.0,130845120.0,4906.0
2877,1760002573673774.0,130863256.0,4880.0
2878,1760002573673948.0,130881424.0,4912.0
2879,1760002573674188.0,130908668.0,13927.0
2880,1760002573674691.0,130926780.0,4806.0
2881,1760002573674915.0,130944924.0,4887.0
2882,1760002573675117.0,130963068.0,4881.0
2883,1760002573675297.0,130990312.0,13923.0
2884,1760002573675471.0,131008428.0,4812.0
2885,1760002573675652.0,131026492.0,4806.0
2886,1760002573675823.0,131044632.0,4880.0
2887,1760002573675996.0,131062808.0,4912.0
2888,1760002573676175.0,131090064.0,13949.0
2889,1760002573676348.0,131108148.0,4780.0
2890,1760002573676524.0,131126292.0,4886.0
2891,1760002573676695.0,131144452.0,4906.0
2892,1760002573676920.0,131162516.0,4805.0
2893,1760002573677106.0,131180628.0,4854.0
2894,1760002573677283.0,131198664.0,4780.0
2895,1760002573677457.0,131216704.0,4781.0
2896,1760002573677630.0,131234800.0,4838.0
2897,1760002573677811.0,131252912.0,4855.0
2898,1760002573677988.0,131270976.0,4807.0
2899,1760002573678178.0,131289128.0,4886.0
2900,1760002573678353.0,131307232.0,4854.0
2901,1760002573678526.0,131325268.0,4780.0
2902,1760002573678703.0,131343396.0,4860.0
2903,1760002573678877.0,131361504.0,4854.0
2904,1760002573679060.0,131379540.0,4780.0
2905,1760002573679228.0,131397692.0,4886.0
2906,1760002573679395.0,131415768.0,4828.0
2907,1760002573679564.0,131433780.0,4754.0
2908,1760002573679731.0,131451928.0,4886.0
2909,1760002573679897.0,131470032.0,4854.0
2910,1760002573680079.0,131488148.0,4854.0
2911,1760002573680253.0,131506260.0,4854.0
2912,1760002573680447.0,131524268.0,4754.0
2913,1760002573680623.0,131542308.0,4779.0
2914,1760002573680800.0,131560372.0,4812.0
2915,1760002573680977.0,131578512.0,4880.0
2916,1760002573681156.0,131596652.0,4880.0
2917,1760002573681344.0,131614744.0,4835.0
2918,1760002573681544.0,131632748.0,4754.0
2919,1760002573681849.0,131650836.0,4828.0
2920,1760002573682037.0,131668928.0,4838.0
2921,1760002573682297.0,131687068.0,4881.0
2922,1760002573682549.0,131705208.0,4880.0
2923,1760002573682952.0,131723276.0,4812.0
2924,1760002573683344.0,131741412.0,4880.0
2925,1760002573683684.0,131759552.0,4881.0
2926,1760002573683869.0,131777720.0,4906.0
2927,1760002573684096.0,131795884.0,4911.0
2928,1760002573684292.0,131814020.0,4880.0
2929,1760002573684556.0,131832136.0,4854.0
2930,1760002573684748.0,131850236.0,4839.0
2931,1760002573684923.0,131868380.0,4880.0
2932,1760002573685201.0,131891836.0,10167.0
2933,1760002573685388.0,131909972.0,4832.0
2934,1760002573685561.0,131928076.0,4839.0
2935,1760002573685734.0,131946236.0,4906.0
2936,1760002573685916.0,131973480.0,13927.0
2937,1760002573686145.0,131991636.0,4854.0
2938,1760002573686363.0,132009672.0,4780.0
2939,1760002573686539.0,132027736.0,4806.0
2940,1760002573686706.0,132045888.0,4886.0
2941,1760002573686871.0,132063992.0,4854.0
2942,1760002573687040.0,132082056.0,4805.0
2943,1760002573687206.0,132100128.0,4812.0
2944,1760002573687369.0,132118188.0,4806.0
2945,1760002573687533.0,132136324.0,4880.0
2946,1760002573687697.0,132154488.0,4905.0
2947,1760002573687922.0,132172652.0,4906.0
2948,1760002573688096.0,132190788.0,4880.0
2949,1760002573688262.0,132208900.0,4854.0
2950,1760002573688428.0,132226964.0,4812.0
2951,1760002573688594.0,132245104.0,4880.0
2952,1760002573688762.0,132263244.0,4880.0
2953,1760002573688927.0,132281316.0,4812.0
2954,1760002573689092.0,132299484.0,4905.0
2955,1760002573689273.0,132323088.0,10319.0
2956,1760002573689456.0,132341200.0,4806.0
2957,1760002573689629.0,132359264.0,4807.0
2958,1760002573689803.0,132377324.0,4805.0
2959,1760002573689977.0,132395388.0,4806.0
2960,1760002573690153.0,132413460.0,4811.0
2961,1760002573690326.0,132431492.0,4781.0
2962,1760002573690505.0,132449584.0,4832.0
2963,1760002573690681.0,132467648.0,4812.0
2964,1760002573691018.0,132485760.0,4854.0
2965,1760002573691303.0,132503796.0,4780.0
2966,1760002573691522.0,132521940.0,4885.0
2967,1760002573691698.0,132540032.0,4832.0
2968,1760002573691871.0,132558144.0,4854.0
2969,1760002573692038.0,132576216.0,4813.0
2970,1760002573692204.0,132594356.0,4880.0
2971,1760002573692367.0,132612492.0,4879.0
2972,1760002573692531.0,132630536.0,4785.0
2973,1760002573692701.0,132648592.0,4806.0
2974,1760002573692866.0,132666656.0,4806.0
2975,1760002573693031.0,132684768.0,4859.0
2976,1760002573693196.0,132702880.0,4854.0
2977,1760002573693361.0,132720948.0,4806.0
2978,1760002573693534.0,132739096.0,4886.0
2979,1760002573693705.0,132757152.0,4806.0
2980,1760002573693876.0,132775292.0,4880.0
2981,1760002573694045.0,132793432.0,4880.0
2982,1760002573694262.0,132811468.0,4780.0
2983,1760002573694445.0,132829532.0,4806.0
2984,1760002573694616.0,132847680.0,4886.0
2985,1760002573694783.0,132865736.0,4806.0
2986,1760002573694950.0,132883876.0,4880.0
2987,1760002573695115.0,132902016.0,4880.0
2988,1760002573695283.0,132920052.0,4779.0
2989,1760002573695449.0,132938088.0,4780.0
2990,1760002573695615.0,132956232.0,4880.0
2991,1760002573695841.0,132974260.0,4780.0
2992,1760002573696014.0,132992428.0,4906.0
2993,1760002573696192.0,133019676.0,13931.0
2994,1760002573696361.0,133037856.0,4880.0
2995,1760002573696528.0,133055980.0,4859.0
2996,1760002573696694.0,133074168.0,4932.0
2997,1760002573696861.0,133092368.0,4938.0
2998,1760002573697035.0,133115924.0,10267.0
2999,1760002573697206.0,133134008.0,4780.0
3000,1760002573697372.0,133152148.0,4880.0
3001,1760002573697569.0,133179384.0,13929.0
3002,1760002573697740.0,133197520.0,4833.0
3003,1760002573697914.0,133215636.0,4858.0
3004,1760002573698094.0,133242872.0,13930.0
3005,1760002573698270.0,133261028.0,4854.0
3006,1760002573698446.0,133279140.0,4855.0
3007,1760002573698706.0,133297308.0,4906.0
3008,1760002573698922.0,133324544.0,13930.0
3009,1760002573699267.0,133342704.0,4854.0
3010,1760002573699476.0,133360816.0,4855.0
3011,1760002573699745.0,133378928.0,4860.0
3012,1760002573700138.0,133397016.0,4828.0
3013,1760002573700467.0,133415156.0,4880.0
3014,1760002573700692.0,133433220.0,4812.0
3015,1760002573700928.0,133451256.0,4780.0
3016,1760002573701361.0,133469296.0,4780.0
3017,1760002573701635.0,133487332.0,4780.0
3018,1760002573701815.0,133505428.0,4832.0
3019,1760002573701984.0,133523564.0,4880.0
3020,1760002573702150.0,133541628.0,4806.0
3021,1760002573702341.0,133559668.0,4781.0
3022,1760002573702510.0,133577804.0,4880.0
3023,1760002573702682.0,133595840.0,4779.0
3024,1760002573702848.0,133613952.0,4854.0
3025,1760002573703015.0,133632116.0,4905.0
3026,1760002573703183.0,133650156.0,4781.0
3027,1760002573703353.0,133668192.0,4780.0
3028,1760002573703525.0,133686292.0,4835.0
3029,1760002573703694.0,133704296.0,4754.0
3030,1760002573703860.0,133722332.0,4780.0
3031,1760002573704028.0,133740504.0,4913.0
3032,1760002573704194.0,133758672.0,4907.0
3033,1760002573704374.0,133782204.0,10243.0
3034,1760002573704590.0,133800360.0,4854.0
3035,1760002573704789.0,133818500.0,4880.0
3036,1760002573704966.0,133845740.0,13925.0
3037,1760002573705153.0,133873024.0,13924.0
3038,1760002573705336.0,133891236.0,4906.0
3039,1760002573705514.0,133909404.0,4912.0
3040,1760002573705693.0,133927524.0,4858.0
3041,1760002573705868.0,133945668.0,4880.0
3042,1760002573706052.0,133963740.0,4812.0
3043,1760002573706239.0,133981752.0,4754.0
3044,1760002573706422.0,133999788.0,4780.0
3045,1760002573706609.0,134027032.0,13932.0
3046,1760002573706793.0,134045216.0,4880.0
3047,1760002573706975.0,134063380.0,4905.0
3048,1760002573707159.0,134081444.0,4812.0
3049,1760002573707336.0,134099532.0,4829.0
3050,1760002573707533.0,134117572.0,4780.0
3051,1760002573707927.0,134135744.0,4913.0
3052,1760002573708156.0,134162980.0,13924.0
3053,1760002573708343.0,134181092.0,4805.0
3054,1760002573708516.0,134204548.0,10168.0
3055,1760002573708683.0,134222660.0,4812.0
3056,1760002573708851.0,134240800.0,4880.0
3057,1760002573709023.0,134268040.0,13926.0
3058,1760002573709195.0,134286148.0,4812.0
3059,1760002573709365.0,134304212.0,4806.0
3060,1760002573709538.0,134331456.0,13928.0
3061,1760002573709706.0,134349568.0,4806.0
3062,1760002573709873.0,134367580.0,4754.0
3063,1760002573710044.0,134385748.0,4906.0
3064,1760002573710216.0,134403808.0,4805.0
3065,1760002573710391.0,134421844.0,4779.0
3066,1760002573710562.0,134440016.0,4906.0
3067,1760002573710729.0,134458072.0,4806.0
3068,1760002573710915.0,134476108.0,4780.0
3069,1760002573711083.0,134494264.0,4885.0
3070,1760002573711251.0,134512368.0,4854.0
3071,1760002573711419.0,134530480.0,4854.0
3072,1760002573711586.0,134548528.0,4786.0
3073,1760002573711757.0,134566636.0,4853.0
3074,1760002573711925.0,134584700.0,4806.0
3075,1760002573712092.0,134602712.0,4760.0
3076,1760002573712258.0,134620748.0,4779.0
3077,1760002573712423.0,134638888.0,4879.0
3078,1760002573712597.0,134666132.0,13933.0
3079,1760002573712765.0,134684244.0,4807.0
3080,1760002573712931.0,134702308.0,4805.0
3081,1760002573713099.0,134720372.0,4812.0
3082,1760002573713265.0,134738432.0,4806.0
3083,1760002573713432.0,134756496.0,4806.0
3084,1760002573713601.0,134774560.0,4808.0
3085,1760002573713778.0,134797992.0,10142.0
3086,1760002573713952.0,134816080.0,4780.0
3087,1760002573714122.0,134834252.0,4906.0
3088,1760002573714295.0,134852388.0,4879.0
3089,1760002573714525.0,134870528.0,4880.0
3090,1760002573714713.0,134888640.0,4854.0
3091,1760002573714931.0,134906752.0,4859.0
3092,1760002573715108.0,134924896.0,4880.0
3093,1760002573715282.0,134943036.0,4879.0
3094,1760002573715500.0,134961148.0,4860.0
3095,1760002573715743.0,134979292.0,4880.0
3096,1760002573715939.0,134997480.0,4931.0
3097,1760002573716117.0,135024748.0,13949.0
3098,1760002573716293.0,135042856.0,4811.0
3099,1760002573716461.0,135060920.0,4805.0
3100,1760002573716629.0,135079036.0,4854.0
3101,1760002573716801.0,135102696.0,10362.0
3102,1760002573716971.0,135120808.0,4812.0
3103,1760002573717143.0,135138848.0,4780.0
3104,1760002573717312.0,135156884.0,4780.0
3105,1760002573717480.0,135174896.0,4759.0
3106,1760002573717650.0,135192912.0,4754.0
3107,1760002573717820.0,135211072.0,4889.0
3108,1760002573717999.0,135234576.0,10219.0
3109,1760002573718169.0,135252656.0,4780.0
3110,1760002573718338.0,135270668.0,4754.0
3111,1760002573718508.0,135288680.0,4759.0
3112,1760002573718676.0,135306692.0,4753.0
3113,1760002573718849.0,135324712.0,4760.0
3114,1760002573719016.0,135342720.0,4753.0
3115,1760002573719183.0,135360732.0,4754.0
3116,1760002573719350.0,135378720.0,4734.0
3117,1760002573719520.0,135396732.0,4753.0
3118,1760002573719692.0,135414744.0,4759.0
3119,1760002573719861.0,135432756.0,4754.0
3120,1760002573720028.0,135450768.0,4753.0
3121,1760002573720199.0,135468804.0,4780.0
3122,1760002573720364.0,135486844.0,4780.0
3123,1760002573720533.0,135505016.0,4907.0
3124,1760002573720705.0,135528548.0,10237.0
3125,1760002573720875.0,135546664.0,4813.0
3126,1760002573721039.0,135564776.0,4854.0
3127,1760002573721280.0,135588412.0,10342.0
3128,1760002573721466.0,135606520.0,4807.0
3129,1760002573721636.0,135624632.0,4860.0
3130,1760002573721810.0,135648140.0,10217.0
3131,1760002573721978.0,135666252.0,4807.0
3132,1760002573722145.0,135684420.0,4905.0
3133,1760002573722319.0,135711664.0,13933.0
3134,1760002573722493.0,135729776.0,4806.0
3135,1760002573722666.0,135747888.0,4854.0
3136,1760002573722842.0,135765900.0,4760.0
3137,1760002573723016.0,135784044.0,4880.0
3138,1760002573723200.0,135807576.0,10242.0
3139,1760002573723379.0,135825684.0,4807.0
3140,1760002573723552.0,135843748.0,4811.0
3141,1760002573723729.0,135861788.0,4781.0
3142,1760002573723905.0,135879872.0,4827.0
3143,1760002573724074.0,135897936.0,4811.0
3144,1760002573724492.0,135916000.0,4806.0
3145,1760002573724671.0,135934036.0,4780.0
3146,1760002573724859.0,135952076.0,4780.0
3147,1760002573725040.0,135970112.0,4780.0
3148,1760002573725207.0,135988268.0,4887.0
3149,1760002573725379.0,136011696.0,10143.0
3150,1760002573725548.0,136029804.0,4806.0
3151,1760002573725713.0,136047944.0,4880.0
3152,1760002573725881.0,136066072.0,4864.0
3153,1760002573726048.0,136084256.0,4932.0
3154,1760002573726220.0,136107892.0,10341.0
3155,1760002573726388.0,136126000.0,4807.0
3156,1760002573726553.0,136144092.0,4832.0
3157,1760002573726747.0,136162188.0,4838.0
3158,1760002573726943.0,136180352.0,4905.0
3159,1760002573727113.0,136198516.0,4906.0
3160,1760002573727287.0,136222072.0,10267.0
3161,1760002573727457.0,136240188.0,4813.0
3162,1760002573727629.0,136258324.0,4880.0
3163,1760002573727805.0,136281856.0,10241.0
3164,1760002573727974.0,136299968.0,4807.0
3165,1760002573728142.0,136318108.0,4880.0
3166,1760002573728315.0,136341616.0,10218.0
3167,1760002573728485.0,136359724.0,4813.0
3168,1760002573728661.0,136383204.0,10193.0
3169,1760002573728832.0,136401316.0,4806.0
3170,1760002573728999.0,136419452.0,4880.0
3171,1760002573729168.0,136437588.0,4879.0
3172,1760002573729334.0,136455784.0,4932.0
3173,1760002573729511.0,136483024.0,13925.0
3174,1760002573729682.0,136501180.0,4860.0
3175,1760002573729856.0,136524716.0,10243.0
3176,1760002573730026.0,136542824.0,4807.0
3177,1760002573730195.0,136560960.0,4880.0
3178,1760002573730368.0,136579156.0,4933.0
3179,1760002573730543.0,136602668.0,10217.0
3180,1760002573730712.0,136620776.0,4806.0
3181,1760002573730885.0,136638944.0,4906.0
3182,1760002573731068.0,136662496.0,10266.0
3183,1760002573731244.0,136680608.0,4806.0
3184,1760002573731422.0,136704140.0,10242.0
3185,1760002573731607.0,136722252.0,4812.0
3186,1760002573731795.0,136740416.0,4905.0
3187,1760002573732027.0,136763944.0,10242.0
3188,1760002573732204.0,136782056.0,4806.0
3189,1760002573732430.0,136800252.0,4938.0
3190,1760002573732762.0,136823784.0,10242.0
3191,1760002573733018.0,136841868.0,4780.0
3192,1760002573733367.0,136859980.0,4854.0
3193,1760002573733746.0,136878152.0,4905.0
3194,1760002573734084.0,136896260.0,4853.0
3195,1760002573734299.0,136914400.0,4879.0
3196,1760002573734489.0,136938056.0,10368.0
3197,1760002573734736.0,136956140.0,4780.0
3198,1760002573735018.0,136983384.0,13933.0
3199,1760002573735254.0,137001516.0,4831.0
3200,1760002573735438.0,137025124.0,10318.0
3201,1760002573735609.0,137043208.0,4780.0
3202,1760002573735776.0,137061344.0,4885.0
3203,1760002573735954.0,137084960.0,10317.0
3204,1760002573736123.0,137103016.0,4755.0
3205,1760002573736296.0,137130260.0,13925.0
3206,1760002573736465.0,137148352.0,4787.0
3207,1760002573736640.0,137175588.0,13924.0
3208,1760002573736815.0,137193700.0,4805.0
3209,1760002573736982.0,137211872.0,4913.0
3210,1760002573737147.0,137230016.0,4881.0
3211,1760002573737318.0,137257256.0,13924.0
3212,1760002573737491.0,137275344.0,4786.0
3213,1760002573737740.0,137302588.0,13924.0
3214,1760002573737962.0,137320772.0,4880.0
3215,1760002573738142.0,137338944.0,4908.0
3216,1760002573738317.0,137362476.0,10242.0
3217,1760002573738488.0,137380580.0,4806.0
3218,1760002573738663.0,137407824.0,13928.0
3219,1760002573738832.0,137425912.0,4786.0
3220,1760002573739000.0,137444080.0,4906.0
3221,1760002573739174.0,137471324.0,13928.0
3222,1760002573739359.0,137489440.0,4812.0
3223,1760002573739536.0,137507604.0,4906.0
3224,1760002573739721.0,137531260.0,10368.0
3225,1760002573739898.0,137549348.0,4780.0
3226,1760002573740076.0,137567544.0,4932.0
3227,1760002573740254.0,137585640.0,4839.0
3228,1760002573740430.0,137603784.0,4883.0
3229,1760002573740613.0,137631028.0,13927.0
3230,1760002573740828.0,137649168.0,4838.0
3231,1760002573741290.0,137672720.0,10267.0
3232,1760002573741575.0,137690824.0,4805.0
3233,1760002573741757.0,137714380.0,10268.0
3234,1760002573741927.0,137732468.0,4780.0
3235,1760002573742093.0,137750504.0,4786.0
3236,1760002573742260.0,137768616.0,4853.0
3237,1760002573742452.0,137786784.0,4906.0
3238,1760002573742621.0,137804948.0,4906.0
3239,1760002573742793.0,137828452.0,10216.0
3240,1760002573742963.0,137846540.0,4787.0
3241,1760002573743190.0,137869972.0,10141.0
3242,1760002573743375.0,137888104.0,4831.0
3243,1760002573743545.0,137906240.0,4880.0
3244,1760002573743714.0,137924272.0,4780.0
3245,1760002573743880.0,137942464.0,4930.0
3246,1760002573744053.0,137966024.0,10268.0
3247,1760002573744224.0,137984132.0,4806.0
3248,1760002573744393.0,138002300.0,4906.0
3249,1760002573744572.0,138025832.0,10242.0
3250,1760002573744739.0,138043940.0,4807.0
3251,1760002573744907.0,138062080.0,4879.0
3252,1760002573745073.0,138080192.0,4860.0
3253,1760002573745245.0,138098308.0,4854.0
3254,1760002573745412.0,138116476.0,4905.0
3255,1760002573745587.0,138143716.0,13929.0
3256,1760002573745755.0,138161924.0,4906.0
3257,1760002573745928.0,138185428.0,10217.0
3258,1760002573746101.0,138203540.0,4807.0
3259,1760002573746269.0,138221680.0,4879.0
3260,1760002573746443.0,138245188.0,10209.0
3261,1760002573746611.0,138263320.0,4832.0
3262,1760002573746777.0,138281512.0,4931.0
3263,1760002573746955.0,138305096.0,10294.0
3264,1760002573747125.0,138323204.0,4806.0
3265,1760002573747299.0,138346732.0,10243.0
3266,1760002573747468.0,138364848.0,4813.0
3267,1760002573747642.0,138383040.0,4932.0
3268,1760002573747826.0,138406572.0,10242.0
3269,1760002573748001.0,138424680.0,4807.0
3270,1760002573748174.0,138442848.0,4906.0
3271,1760002573748355.0,138460984.0,4880.0
3272,1760002573748537.0,138484464.0,10191.0
3273,1760002573748783.0,138502580.0,4806.0
3274,1760002573748964.0,138520744.0,4906.0
3275,1760002573749175.0,138538912.0,4911.0
3276,1760002573749381.0,138562392.0,10192.0
3277,1760002573749644.0,138580480.0,4779.0
3278,1760002573750062.0,138604012.0,10243.0
3279,1760002573750412.0,138622096.0,4780.0
3280,1760002573750648.0,138645500.0,10121.0
3281,1760002573750898.0,138663612.0,4806.0
3282,1760002573751150.0,138687092.0,10192.0
3283,1760002573751525.0,138705208.0,4807.0
3284,1760002573751711.0,138723352.0,4885.0
3285,1760002573751880.0,138741488.0,4880.0
3286,1760002573752047.0,138759624.0,4880.0
3287,1760002573752214.0,138777768.0,4880.0
3288,1760002573752383.0,138795904.0,4886.0
3289,1760002573752548.0,138813972.0,4806.0
3290,1760002573752713.0,138832092.0,4855.0
3291,1760002573752884.0,138855644.0,10266.0
3292,1760002573753053.0,138873732.0,4787.0
3293,1760002573753222.0,138891876.0,4880.0
3294,1760002573753386.0,138910020.0,4880.0
3295,1760002573753551.0,138928144.0,4860.0
3296,1760002573753715.0,138946280.0,4881.0
3297,1760002573753881.0,138964400.0,4855.0
3298,1760002573754050.0,138982540.0,4881.0
3299,1760002573754221.0,139006124.0,10288.0
3300,1760002573754388.0,139024208.0,4786.0
3301,1760002573754615.0,139042292.0,4828.0
3302,1760002573754793.0,139060460.0,4905.0
3303,1760002573754973.0,139083916.0,10168.0
3304,1760002573755145.0,139102004.0,4786.0
3305,1760002573755311.0,139120140.0,4879.0
3306,1760002573755479.0,139138284.0,4879.0
3307,1760002573755651.0,139161788.0,10217.0
3308,1760002573755825.0,139179900.0,4812.0
3309,1760002573756006.0,139198020.0,4854.0
3310,1760002573756188.0,139221548.0,10242.0
3311,1760002573756369.0,139239660.0,4807.0
3312,1760002573756545.0,139257804.0,4886.0
3313,1760002573756718.0,139275972.0,4906.0
3314,1760002573756891.0,139294108.0,4880.0
3315,1760002573757068.0,139312248.0,4880.0
3316,1760002573757243.0,139330360.0,4854.0
3317,1760002573757421.0,139348476.0,4854.0
3318,1760002573757842.0,139366592.0,4854.0
3319,1760002573758178.0,139384656.0,4813.0
3320,1760002573758363.0,139402768.0,4853.0
3321,1760002573758536.0,139420832.0,4805.0
3322,1760002573758765.0,139438972.0,4885.0
3323,1760002573758955.0,139457108.0,4879.0
3324,1760002573759125.0,139475224.0,4854.0
3325,1760002573759298.0,139493364.0,4886.0
3326,1760002573759468.0,139511504.0,4880.0
3327,1760002573759636.0,139529672.0,4906.0
3328,1760002573759805.0,139547784.0,4855.0
3329,1760002573759972.0,139565928.0,4880.0
3330,1760002573760140.0,139584068.0,4880.0
3331,1760002573760308.0,139602184.0,4854.0
3332,1760002573760474.0,139620300.0,4860.0
3333,1760002573760645.0,139638440.0,4880.0
3334,1760002573760813.0,139656552.0,4855.0
3335,1760002573760979.0,139674676.0,4860.0
3336,1760002573761145.0,139692756.0,4828.0
3337,1760002573761311.0,139710872.0,4855.0
3338,1760002573761482.0,139728984.0,4854.0
3339,1760002573761650.0,139747048.0,4807.0
3340,1760002573761816.0,139765188.0,4880.0
3341,1760002573761982.0,139783332.0,4880.0
3342,1760002573762151.0,139801444.0,4860.0
3343,1760002573762318.0,139819556.0,4854.0
3344,1760002573762482.0,139837672.0,4855.0
3345,1760002573762648.0,139855792.0,4861.0
3346,1760002573762815.0,139873956.0,4906.0
3347,1760002573762983.0,139892072.0,4854.0
3348,1760002573763154.0,139910196.0,4861.0
3349,1760002573763322.0,139928304.0,4854.0
3350,1760002573763488.0,139946448.0,4880.0
3351,1760002573763655.0,139964588.0,4880.0
3352,1760002573763825.0,139982732.0,4886.0
3353,1760002573764004.0,140009972.0,13923.0
3354,1760002573764175.0,140028108.0,4831.0
3355,1760002573764347.0,140046252.0,4886.0
3356,1760002573764520.0,140064340.0,4829.0
3357,1760002573764690.0,140082424.0,4828.0
3358,1760002573764866.0,140100516.0,4834.0
3359,1760002573765041.0,140118632.0,4854.0
3360,1760002573765221.0,140136720.0,4828.0
3361,1760002573765391.0,140154808.0,4835.0
3362,1760002573765562.0,140172928.0,4855.0
3363,1760002573765753.0,140191068.0,4882.0
3364,1760002573765926.0,140209216.0,4884.0
3365,1760002573766105.0,140227324.0,4855.0
3366,1760002573766353.0,140245520.0,4932.0
3367,1760002573766867.0,140263664.0,4881.0
3368,1760002573767165.0,140290900.0,13930.0
3369,1760002573767350.0,140309060.0,4854.0
3370,1760002573767588.0,140327204.0,4880.0
3371,1760002573767796.0,140345316.0,4860.0
3372,1760002573768112.0,140363352.0,4780.0
3373,1760002573768299.0,140381392.0,4780.0
3374,1760002573768471.0,140399508.0,4860.0
3375,1760002573768639.0,140417704.0,4931.0
3376,1760002573768807.0,140435844.0,4881.0
3377,1760002573768980.0,140463088.0,13933.0
3378,1760002573769152.0,140481204.0,4806.0
3379,1760002573769323.0,140499340.0,4879.0
3380,1760002573769490.0,140517484.0,4880.0
3381,1760002573769658.0,140535548.0,4806.0
3382,1760002573769822.0,140553720.0,4907.0
3383,1760002573769997.0,140580960.0,13927.0
3384,1760002573770165.0,140599096.0,4834.0
3385,1760002573770331.0,140617240.0,4880.0
3386,1760002573770496.0,140635352.0,4854.0
3387,1760002573770666.0,140653496.0,4886.0
3388,1760002573770835.0,140671632.0,4879.0
3389,1760002573771002.0,140689824.0,4930.0
3390,1760002573771216.0,140708016.0,4931.0
3391,1760002573771392.0,140726156.0,4886.0
3392,1760002573771560.0,140744240.0,4827.0
3393,1760002573771742.0,140762356.0,4854.0
3394,1760002573771911.0,140780472.0,4859.0
3395,1760002573772078.0,140798612.0,4879.0
3396,1760002573772245.0,140816760.0,4880.0
3397,1760002573772411.0,140834900.0,4880.0
3398,1760002573772592.0,140852908.0,4754.0
3399,1760002573772761.0,140871024.0,4854.0
3400,1760002573772937.0,140889148.0,4860.0
3401,1760002573773110.0,140907284.0,4880.0
3402,1760002573773286.0,140925396.0,4854.0
3403,1760002573773464.0,140943412.0,4760.0
3404,1760002573773639.0,140961496.0,4828.0
3405,1760002573773812.0,140979508.0,4753.0
3406,1760002573773987.0,140997516.0,4759.0
3407,1760002573774157.0,141015560.0,4779.0
3408,1760002573774762.0,141033596.0,4780.0
3409,1760002573774942.0,141051712.0,4853.0
3410,1760002573775110.0,141069748.0,4778.0
3411,1760002573775274.0,141087764.0,4759.0
3412,1760002573775440.0,141105872.0,4853.0
3413,1760002573775607.0,141124040.0,4905.0
3414,1760002573775776.0,141142080.0,4783.0
3415,1760002573775940.0,141160140.0,4805.0
3416,1760002573776109.0,141178252.0,4853.0
3417,1760002573776273.0,141196364.0,4854.0
3418,1760002573776437.0,141214400.0,4780.0
3419,1760002573776605.0,141232436.0,4779.0
3420,1760002573776770.0,141250548.0,4860.0
3421,1760002573776934.0,141268744.0,4931.0
3422,1760002573777101.0,141286880.0,4880.0
3423,1760002573777265.0,141304992.0,4853.0
3424,1760002573777433.0,141323108.0,4861.0
3425,1760002573777598.0,141341248.0,4880.0
3426,1760002573777765.0,141359360.0,4854.0
3427,1760002573777930.0,141377528.0,4912.0
3428,1760002573778115.0,141395696.0,4906.0
3429,1760002573778296.0,141422940.0,13927.0
3430,1760002573778470.0,141441084.0,4838.0
3431,1760002573778641.0,141459244.0,4906.0
3432,1760002573778813.0,141477384.0,4881.0
3433,1760002573778983.0,141495528.0,4880.0
3434,1760002573779158.0,141513692.0,4912.0
3435,1760002573779328.0,141531836.0,4880.0
3436,1760002573779508.0,141559080.0,13926.0
3437,1760002573779683.0,141577224.0,4835.0
3438,1760002573779853.0,141595336.0,4854.0
3439,1760002573780029.0,141613448.0,4854.0
3440,1760002573780203.0,141631588.0,4880.0
3441,1760002573780381.0,141649620.0,4780.0
3442,1760002573780558.0,141667764.0,4881.0
3443,1760002573780744.0,141695008.0,13931.0
3444,1760002573780929.0,141713208.0,4905.0
3445,1760002573781159.0,141731380.0,4906.0
3446,1760002573781355.0,141758616.0,13922.0
3447,1760002573781532.0,141776804.0,4886.0
3448,1760002573781721.0,141804044.0,13925.0
3449,1760002573781911.0,141822232.0,4880.0
3450,1760002573782192.0,141849468.0,13929.0
3451,1760002573782432.0,141867656.0,4879.0
3452,1760002573783102.0,141894892.0,13923.0
3453,1760002573783304.0,141913136.0,4937.0
3454,1760002573783482.0,141931272.0,4880.0
3455,1760002573783658.0,141949416.0,4880.0
3456,1760002573783834.0,141976652.0,13924.0
3457,1760002573784018.0,141994836.0,4880.0
3458,1760002573784198.0,142022076.0,13923.0
3459,1760002573784379.0,142040264.0,4879.0
3460,1760002573784552.0,142058404.0,4887.0
3461,1760002573784727.0,142076516.0,4854.0
3462,1760002573784901.0,142094660.0,4880.0
3463,1760002573785077.0,142112832.0,4908.0
3464,1760002573785261.0,142140068.0,13928.0
3465,1760002573785439.0,142158180.0,4806.0
3466,1760002573785619.0,142176324.0,4879.0
3467,1760002573785796.0,142194384.0,4805.0
3468,1760002573785971.0,142212472.0,4831.0
3469,1760002573786148.0,142230592.0,4857.0
3470,1760002573786321.0,142248652.0,4806.0
3471,1760002573786495.0,142266788.0,4880.0
3472,1760002573786669.0,142284928.0,4879.0
3473,1760002573786844.0,142302996.0,4805.0
3474,1760002573787019.0,142321140.0,4880.0
3475,1760002573787200.0,142344820.0,10393.0
3476,1760002573787377.0,142362908.0,4780.0
3477,1760002573787551.0,142381076.0,4910.0
3478,1760002573787726.0,142399184.0,4854.0
3479,1760002573787987.0,142417328.0,4879.0
3480,1760002573788176.0,142435492.0,4905.0
3481,1760002573788351.0,142453632.0,4885.0
3482,1760002573788525.0,142471772.0,4879.0
3483,1760002573788696.0,142489916.0,4880.0
3484,1760002573788875.0,142508028.0,4860.0
3485,1760002573789047.0,142526068.0,4780.0
3486,1760002573789218.0,142544236.0,4906.0
3487,1760002573789402.0,142562400.0,4905.0
3488,1760002573789584.0,142580456.0,4806.0
3489,1760002573789767.0,142598596.0,4880.0
3490,1760002573789950.0,142616736.0,4880.0
3491,1760002573790132.0,142634800.0,4811.0
3492,1760002573790315.0,142652912.0,4854.0
3493,1760002573790496.0,142671024.0,4853.0
3494,1760002573790789.0,142689088.0,4812.0
3495,1760002573791335.0,142707152.0,4806.0
3496,1760002573791593.0,142725320.0,4905.0
3497,1760002573791772.0,142743460.0,4886.0
3498,1760002573791945.0,142761496.0,4779.0
3499,1760002573792199.0,142779636.0,4879.0
3500,1760002573792385.0,142797756.0,4861.0
3501,1760002573792559.0,142815840.0,4828.0
3502,1760002573792732.0,142833984.0,4880.0
3503,1760002573792904.0,142852084.0,4838.0
3504,1760002573793079.0,142870276.0,4932.0
3505,1760002573793252.0,142888444.0,4906.0
3506,1760002573793424.0,142906612.0,4905.0
3507,1760002573793597.0,142924784.0,4912.0
3508,1760002573793770.0,142942928.0,4880.0
3509,1760002573793947.0,142966556.0,10342.0
3510,1760002573794125.0,142984640.0,4780.0
3511,1760002573794306.0,143011892.0,13934.0
3512,1760002573794481.0,143030044.0,4854.0
3513,1760002573794655.0,143048212.0,4906.0
3514,1760002573794852.0,143066380.0,4906.0
3515,1760002573795024.0,143084552.0,4912.0
3516,1760002573795195.0,143102716.0,4906.0
3517,1760002573795381.0,143129956.0,13924.0
3518,1760002573795556.0,143148140.0,4880.0
3519,1760002573795734.0,143166332.0,4931.0
3520,1760002573795909.0,143184500.0,4906.0
3521,1760002573796083.0,143202668.0,4906.0
3522,1760002573796255.0,143220812.0,4881.0
3523,1760002573796428.0,143238920.0,4854.0
3524,1760002573796603.0,143257064.0,4880.0
3525,1760002573796779.0,143275208.0,4879.0
3526,1760002573796960.0,143302452.0,13933.0
3527,1760002573797136.0,143320612.0,4853.0
3528,1760002573797309.0,143338756.0,4880.0
3529,1760002573797489.0,143356924.0,4912.0
3530,1760002573797666.0,143375020.0,4832.0
3531,1760002573797852.0,143402260.0,13927.0
3532,1760002573798039.0,143420428.0,4860.0
3533,1760002573798220.0,143438616.0,4932.0
3534,1760002573798405.0,143456780.0,4906.0
3535,1760002573798751.0,143474948.0,4905.0
3536,1760002573798940.0,143493112.0,4912.0
3537,1760002573799200.0,143511228.0,4854.0
3538,1760002573799414.0,143538472.0,13928.0
3539,1760002573799700.0,143556564.0,4787.0
3540,1760002573799978.0,143574708.0,4880.0
3541,1760002573800318.0,143598340.0,10342.0
3542,1760002573800559.0,143616420.0,4778.0
3543,1760002573800766.0,143634556.0,4880.0
3544,1760002573801006.0,143652652.0,4832.0
3545,1760002573801270.0,143679888.0,13925.0
3546,1760002573801475.0,143698072.0,4879.0
3547,1760002573801667.0,143721628.0,10268.0
3548,1760002573801845.0,143739740.0,4812.0
3549,1760002573802020.0,143757904.0,4905.0
3550,1760002573802195.0,143776044.0,4879.0
3551,1760002573802371.0,143794220.0,4911.0
3552,1760002573802543.0,143812380.0,4905.0
3553,1760002573802716.0,143830548.0,4906.0
3554,1760002573802894.0,143848692.0,4879.0
3555,1760002573803068.0,143866856.0,4912.0
3556,1760002573803241.0,143884996.0,4880.0
3557,1760002573803413.0,143903164.0,4905.0
3558,1760002573803585.0,143921332.0,4905.0
3559,1760002573803759.0,143939444.0,4860.0
3560,1760002573803935.0,143957588.0,4880.0
3561,1760002573804117.0,143975732.0,4880.0
3562,1760002573804291.0,143993900.0,4911.0
3563,1760002573804516.0,144011964.0,4806.0
3564,1760002573804706.0,144030156.0,4931.0
3565,1760002573804884.0,144048324.0,4905.0
3566,1760002573805062.0,144066488.0,4911.0
3567,1760002573805234.0,144084676.0,4931.0
3568,1760002573805406.0,144102816.0,4880.0
3569,1760002573805581.0,144120908.0,4832.0
3570,1760002573805759.0,144139044.0,4879.0
3571,1760002573805941.0,144157180.0,4880.0
3572,1760002573806119.0,144175320.0,4880.0
3573,1760002573806300.0,144193464.0,4886.0
3574,1760002573806483.0,144211596.0,4879.0
3575,1760002573806674.0,144235176.0,10292.0
3576,1760002573806862.0,144253284.0,4805.0
3577,1760002573807050.0,144280524.0,13934.0
3578,1760002573807237.0,144298636.0,4806.0
3579,1760002573807427.0,144325876.0,13923.0
3580,1760002573807613.0,144344032.0,4860.0
3581,1760002573808078.0,144367564.0,10242.0
3582,1760002573808283.0,144385724.0,4853.0
3583,1760002573808466.0,144409408.0,10393.0
3584,1760002573808643.0,144427488.0,4778.0
3585,1760002573808816.0,144445552.0,4805.0
3586,1760002573808989.0,144463744.0,4931.0
3587,1760002573809163.0,144481884.0,4880.0
3588,1760002573809337.0,144500024.0,4880.0
3589,1760002573809508.0,144518168.0,4886.0
3590,1760002573809685.0,144536304.0,4880.0
3591,1760002573809859.0,144554468.0,4905.0
3592,1760002573810033.0,144572636.0,4906.0
3593,1760002573810204.0,144590732.0,4838.0
3594,1760002573810377.0,144608868.0,4880.0
3595,1760002573810554.0,144627004.0,4880.0
3596,1760002573810728.0,144645132.0,4859.0
3597,1760002573810905.0,144672364.0,13927.0
3598,1760002573811080.0,144690500.0,4828.0
3599,1760002573811263.0,144708652.0,4887.0
3600,1760002573811457.0,144735884.0,13927.0
3601,1760002573811633.0,144753972.0,4781.0
3602,1760002573811805.0,144772124.0,4886.0
3603,1760002573811988.0,144799360.0,13926.0
3604,1760002573812162.0,144817516.0,4854.0
3605,1760002573812343.0,144841048.0,10243.0
3606,1760002573812520.0,144859204.0,4853.0
3607,1760002573812692.0,144877312.0,4853.0
3608,1760002573812872.0,144900892.0,10292.0
3609,1760002573813048.0,144918996.0,4804.0
3610,1760002573813232.0,144946240.0,13927.0
3611,1760002573813409.0,144964348.0,4805.0
3612,1760002573813584.0,144982512.0,4906.0
3613,1760002573813772.0,145009748.0,13923.0
3614,1760002573813958.0,145027928.0,4879.0
3615,1760002573814152.0,145051484.0,10268.0
3616,1760002573814339.0,145069592.0,4806.0
3617,1760002573814586.0,145087736.0,4880.0
3618,1760002573814788.0,145114972.0,13929.0
3619,1760002573814967.0,145133112.0,4833.0
3620,1760002573815210.0,145151228.0,4854.0
3621,1760002573815525.0,145178472.0,13933.0
3622,1760002573815795.0,145196628.0,4854.0
3623,1760002573816085.0,145223872.0,13927.0
3624,1760002573816407.0,145242032.0,4859.0
3625,1760002573816646.0,145260144.0,4854.0
3626,1760002573816832.0,145278308.0,4906.0
3627,1760002573817047.0,145296452.0,4880.0
3628,1760002573817280.0,145314564.0,4854.0
3629,1760002573817480.0,145332704.0,4880.0
3630,1760002573817665.0,145350844.0,4880.0
3631,1760002573817841.0,145368984.0,4886.0
3632,1760002573818017.0,145387152.0,4906.0
3633,1760002573818189.0,145405320.0,4906.0
3634,1760002573818363.0,145423464.0,4879.0
3635,1760002573818541.0,145441548.0,4827.0
3636,1760002573818715.0,145459688.0,4881.0
3637,1760002573818887.0,145477852.0,4906.0
3638,1760002573819060.0,145495968.0,4859.0
3639,1760002573819232.0,145514112.0,4880.0
3640,1760002573819410.0,145532248.0,4880.0
3641,1760002573819582.0,145550320.0,4813.0
3642,1760002573819755.0,145568488.0,4906.0
3643,1760002573819928.0,145586632.0,4880.0
3644,1760002573820104.0,145604772.0,4880.0
3645,1760002573820279.0,145622936.0,4912.0
3646,1760002573820455.0,145641100.0,4906.0
3647,1760002573820629.0,145659288.0,4932.0
3648,1760002573820807.0,145677384.0,4832.0
3649,1760002573820981.0,145695496.0,4854.0
3650,1760002573821273.0,145713612.0,4855.0
3651,1760002573821453.0,145731748.0,4879.0
3652,1760002573821628.0,145749916.0,4912.0
3653,1760002573821801.0,145767984.0,4806.0
3654,1760002573821978.0,145786152.0,4906.0
3655,1760002573822157.0,145804300.0,4885.0
3656,1760002573822335.0,145822436.0,4879.0
3657,1760002573822508.0,145840628.0,4931.0
3658,1760002573822695.0,145858692.0,4805.0
3659,1760002573822880.0,145876836.0,4880.0
3660,1760002573823086.0,145900388.0,10267.0
3661,1760002573823281.0,145918500.0,4806.0
3662,1760002573823550.0,145936688.0,4932.0
3663,1760002573823743.0,145954836.0,4886.0
3664,1760002573823922.0,145972968.0,4880.0
3665,1760002573824110.0,145996548.0,10293.0
3666,1760002573824302.0,146014660.0,4806.0
3667,1760002573824752.0,146032880.0,4957.0
3668,1760002573824989.0,146051044.0,4912.0
3669,1760002573825189.0,146069208.0,4906.0
3670,1760002573825375.0,146096444.0,13922.0
3671,1760002573825551.0,146114604.0,4860.0
3672,1760002573825790.0,146141832.0,13922.0
3673,1760002573825978.0,146160044.0,4905.0
3674,1760002573826163.0,146178184.0,4879.0
3675,1760002573826334.0,146196348.0,4906.0
3676,1760002573826502.0,146214536.0,4930.0
3677,1760002573826669.0,146232632.0,4832.0
3678,1760002573826837.0,146250696.0,4812.0
3679,1760002573827003.0,146268860.0,4905.0
3680,1760002573827168.0,146286948.0,4832.0
3681,1760002573827338.0,146305048.0,4837.0
3682,1760002573827508.0,146323208.0,4904.0
3683,1760002573827688.0,146341344.0,4879.0
3684,1760002573827854.0,146359536.0,4931.0
3685,1760002573828024.0,146377628.0,4838.0
3686,1760002573828194.0,146395744.0,4854.0
3687,1760002573828363.0,146413888.0,4880.0
3688,1760002573828531.0,146431964.0,4812.0
3689,1760002573828698.0,146450108.0,4879.0
3690,1760002573828865.0,146468220.0,4854.0
3691,1760002573829043.0,146491652.0,10142.0
3692,1760002573829214.0,146509760.0,4812.0
3693,1760002573829383.0,146527904.0,4881.0
3694,1760002573829552.0,146546048.0,4880.0
3695,1760002573829719.0,146564192.0,4879.0
3696,1760002573829897.0,146587768.0,10287.0
3697,1760002573830075.0,146605904.0,4837.0
3698,1760002573830252.0,146624000.0,4832.0
3699,1760002573830432.0,146642140.0,4880.0
3700,1760002573830610.0,146660200.0,4811.0
3701,1760002573830803.0,146678368.0,4905.0
3702,1760002573830983.0,146696464.0,4832.0
3703,1760002573831193.0,146714600.0,4886.0
3704,1760002573831410.0,146732768.0,4905.0
3705,1760002573831677.0,146750888.0,4858.0
3706,1760002573831963.0,146768976.0,4831.0
3707,1760002573832275.0,146787112.0,4880.0
3708,1760002573832572.0,146805208.0,4832.0
3709,1760002573832883.0,146823300.0,4832.0
3710,1760002573833145.0,146841440.0,4880.0
3711,1760002573833337.0,146868676.0,13923.0
3712,1760002573833512.0,146886808.0,4832.0
3713,1760002573833689.0,146904952.0,4885.0
3714,1760002573833860.0,146923112.0,4905.0
3715,1760002573834036.0,146941280.0,4905.0
3716,1760002573834215.0,146959444.0,4906.0
3717,1760002573834390.0,146982896.0,10168.0
3718,1760002573834560.0,147001008.0,4805.0
3719,1760002573834726.0,147019172.0,4905.0
3720,1760002573834895.0,147037268.0,4832.0
3721,1760002573835071.0,147055428.0,4906.0
3722,1760002573835242.0,147073524.0,4832.0
3723,1760002573835409.0,147091688.0,4906.0
3724,1760002573835576.0,147109880.0,4938.0
3725,1760002573835742.0,147128016.0,4879.0
3726,1760002573835912.0,147146184.0,4904.0
3727,1760002573836077.0,147164376.0,4931.0
3728,1760002573836246.0,147182544.0,4912.0
3729,1760002573836411.0,147200708.0,4905.0
3730,1760002573836577.0,147218896.0,4931.0
3731,1760002573836744.0,147237036.0,4879.0
3732,1760002573836910.0,147255152.0,4860.0
3733,1760002573837074.0,147273240.0,4828.0
3734,1760002573837241.0,147291356.0,4855.0
3735,1760002573837406.0,147309468.0,4860.0
3736,1760002573837574.0,147327584.0,4854.0
3737,1760002573837739.0,147345700.0,4854.0
3738,1760002573837959.0,147363820.0,4860.0
3739,1760002573838137.0,147381908.0,4829.0
3740,1760002573838305.0,147399996.0,4828.0
3741,1760002573838475.0,147418112.0,4860.0
3742,1760002573838644.0,147436224.0,4854.0
3743,1760002573838809.0,147454340.0,4854.0
3744,1760002573838976.0,147472456.0,4854.0
3745,1760002573839142.0,147490464.0,4755.0
3746,1760002573839331.0,147508524.0,4801.0
3747,1760002573839510.0,147526536.0,4760.0
3748,1760002573839692.0,147544548.0,4754.0
3749,1760002573839946.0,147562584.0,4779.0
3750,1760002573840136.0,147580592.0,4754.0
3751,1760002573840318.0,147598760.0,4906.0
3752,1760002573840497.0,147616904.0,4881.0
3753,1760002573840669.0,147635016.0,4854.0
3754,1760002573840841.0,147653156.0,4879.0
3755,1760002573841366.0,147680396.0,13921.0
3756,1760002573841623.0,147698580.0,4886.0
3757,1760002573841800.0,147716744.0,4906.0
3758,1760002573841971.0,147734860.0,4853.0
3759,1760002573842141.0,147752984.0,4860.0
3760,1760002573842326.0,147771068.0,4828.0
3761,1760002573842500.0,147789112.0,4780.0
3762,1760002573842668.0,147807124.0,4760.0
3763,1760002573842834.0,147825168.0,4780.0
3764,1760002573843001.0,147843180.0,4753.0
3765,1760002573843166.0,147861216.0,4779.0
3766,1760002573843336.0,147879232.0,4753.0
3767,1760002573843503.0,147897356.0,4860.0
3768,1760002573843670.0,147915388.0,4780.0
3769,1760002573843834.0,147933504.0,4853.0
3770,1760002573843999.0,147951632.0,4860.0
3771,1760002573844168.0,147969692.0,4806.0
3772,1760002573844334.0,147987728.0,4780.0
3773,1760002573844500.0,148005772.0,4787.0
3774,1760002573844666.0,148023836.0,4806.0
3775,1760002573844829.0,148041900.0,4806.0
3776,1760002573844999.0,148059972.0,4812.0
3777,1760002573845166.0,148078088.0,4854.0
3778,1760002573845333.0,148096152.0,4805.0
3779,1760002573845499.0,148114264.0,4860.0
3780,1760002573845664.0,148132356.0,4832.0
3781,1760002573845830.0,148150420.0,4805.0
3782,1760002573845998.0,148168484.0,4812.0
3783,1760002573846163.0,148186524.0,4779.0
3784,1760002573846329.0,148204572.0,4786.0
3785,1760002573846502.0,148222656.0,4827.0
3786,1760002573846686.0,148240696.0,4780.0
3787,1760002573846876.0,148258708.0,4760.0
3788,1760002573847052.0,148276720.0,4754.0
3789,1760002573847227.0,148294732.0,4753.0
3790,1760002573847405.0,148312768.0,4779.0
3791,1760002573847586.0,148330780.0,4753.0
3792,1760002573847835.0,148348896.0,4860.0
3793,1760002573848019.0,148366940.0,4780.0
3794,1760002573848216.0,148385008.0,4806.0
3795,1760002573848421.0,148403048.0,4787.0
3796,1760002573848649.0,148421164.0,4853.0
3797,1760002573848907.0,148439208.0,4780.0
3798,1760002573849175.0,148457268.0,4808.0
3799,1760002573849413.0,148475308.0,4780.0
3800,1760002573849592.0,148493352.0,4786.0
3801,1760002573849773.0,148511436.0,4828.0
3802,1760002573849944.0,148529500.0,4806.0
3803,1760002573850110.0,148547596.0,4834.0
3804,1760002573850277.0,148565628.0,4781.0
3805,1760002573850442.0,148583664.0,4780.0
3806,1760002573850610.0,148601708.0,4787.0
3807,1760002573850777.0,148619720.0,4754.0
3808,1760002573850944.0,148637740.0,4760.0
3809,1760002573851109.0,148655820.0,4827.0
3810,1760002573851275.0,148673864.0,4779.0
3811,1760002573851441.0,148691988.0,4858.0
3812,1760002573851611.0,148710020.0,4780.0
3813,1760002573851776.0,148728060.0,4781.0
3814,1760002573851942.0,148746148.0,4834.0
3815,1760002573852106.0,148764188.0,4781.0
3816,1760002573852273.0,148782248.0,4802.0
3817,1760002573852441.0,148800288.0,4787.0
3818,1760002573852608.0,148818352.0,4803.0
3819,1760002573852773.0,148836396.0,4787.0
3820,1760002573852939.0,148854432.0,4781.0
3821,1760002573853106.0,148872520.0,4828.0
3822,1760002573853276.0,148890648.0,4861.0
3823,1760002573853441.0,148908756.0,4854.0
3824,1760002573853606.0,148926824.0,4806.0
3825,1760002573853771.0,148944920.0,4834.0
3826,1760002573853936.0,148962956.0,4781.0
3827,1760002573854104.0,148980968.0,4754.0
3828,1760002573854271.0,148998984.0,4760.0
3829,1760002573854435.0,149016996.0,4754.0
3830,1760002573854655.0,149035088.0,4827.0
3831,1760002573854828.0,149053124.0,4781.0
3832,1760002573855002.0,149071240.0,4853.0
3833,1760002573855169.0,149089316.0,4812.0
3834,1760002573855337.0,149107424.0,4854.0
3835,1760002573855503.0,149125464.0,4780.0
3836,1760002573855671.0,149143616.0,4885.0
3837,1760002573855937.0,149161676.0,4806.0
3838,1760002573856398.0,149179688.0,4754.0
3839,1760002573856578.0,149197728.0,4784.0
3840,1760002573856748.0,149215792.0,4801.0
3841,1760002573856913.0,149233808.0,4753.0
3842,1760002573857083.0,149251924.0,4859.0
3843,1760002573857251.0,149270040.0,4854.0
3844,1760002573857418.0,149288156.0,4854.0
3845,1760002573857583.0,149306196.0,4786.0
3846,1760002573857749.0,149324204.0,4753.0
3847,1760002573857919.0,149342320.0,4853.0
3848,1760002573858087.0,149360388.0,4806.0
3849,1760002573858254.0,149378504.0,4854.0
3850,1760002573858420.0,149396600.0,4831.0
3851,1760002573858586.0,149414688.0,4828.0
3852,1760002573858756.0,149432700.0,4755.0
3853,1760002573858925.0,149450840.0,4880.0
3854,1760002573859092.0,149468872.0,4780.0
3855,1760002573859258.0,149486988.0,4854.0
3856,1760002573859425.0,149505104.0,4853.0
3857,1760002573859592.0,149523140.0,4780.0
3858,1760002573859758.0,149541224.0,4827.0
3859,1760002573859922.0,149559264.0,4785.0
3860,1760002573860088.0,149577356.0,4828.0
3861,1760002573860253.0,149595424.0,4806.0
3862,1760002573860422.0,149613536.0,4859.0
3863,1760002573860587.0,149631652.0,4854.0
3864,1760002573860753.0,149649748.0,4832.0
3865,1760002573860917.0,149667872.0,4860.0
3866,1760002573861083.0,149685980.0,4854.0
3867,1760002573861251.0,149704048.0,4805.0
3868,1760002573861418.0,149722120.0,4811.0
3869,1760002573861583.0,149740256.0,4879.0
3870,1760002573861749.0,149758372.0,4853.0
3871,1760002573861913.0,149776540.0,4906.0
3872,1760002573862080.0,149794680.0,4885.0
3873,1760002573862247.0,149812824.0,4879.0
3874,1760002573862411.0,149830936.0,4853.0
3875,1760002573862575.0,149848948.0,4759.0
3876,1760002573862740.0,149867088.0,4879.0
3877,1760002573862904.0,149885156.0,4806.0
3878,1760002573863071.0,149903224.0,4812.0
3879,1760002573863239.0,149921364.0,4879.0
3880,1760002573863404.0,149939428.0,4805.0
3881,1760002573863568.0,149957468.0,4787.0
3882,1760002573863732.0,149975552.0,4827.0
3883,1760002573863899.0,149993620.0,4805.0
3884,1760002573864069.0,150011684.0,4811.0
3885,1760002573864241.0,150029824.0,4879.0
3886,1760002573864410.0,150047892.0,4806.0
3887,1760002573864582.0,150065932.0,4785.0
3888,1760002573864766.0,150084000.0,4805.0
3889,1760002573865033.0,150102044.0,4786.0
3890,1760002573865230.0,150120104.0,4805.0
3891,1760002573865420.0,150138140.0,4780.0
3892,1760002573865652.0,150156232.0,4834.0
3893,1760002573865824.0,150174300.0,4806.0
3894,1760002573865991.0,150192416.0,4854.0
3895,1760002573866158.0,150210484.0,4812.0
3896,1760002573866331.0,150228604.0,4854.0
3897,1760002573866498.0,150246688.0,4828.0
3898,1760002573866667.0,150264780.0,4834.0
3899,1760002573866834.0,150282896.0,4854.0
3900,1760002573867002.0,150301012.0,4854.0
3901,1760002573867168.0,150319140.0,4860.0
3902,1760002573867335.0,150337252.0,4853.0
3903,1760002573867508.0,150355288.0,4780.0
3904,1760002573867676.0,150373436.0,4885.0
3905,1760002573867842.0,150391576.0,4879.0
3906,1760002573868009.0,150409692.0,4854.0
3907,1760002573868175.0,150427804.0,4854.0
3908,1760002573868346.0,150445924.0,4860.0
3909,1760002573868511.0,150463960.0,4779.0
3910,1760002573868678.0,150482128.0,4905.0
3911,1760002573868843.0,150500244.0,4860.0
3912,1760002573869010.0,150518412.0,4905.0
3913,1760002573869178.0,150536556.0,4879.0
3914,1760002573869345.0,150554692.0,4879.0
3915,1760002573869510.0,150572752.0,4806.0
3916,1760002573869677.0,150590896.0,4880.0
3917,1760002573869841.0,150609036.0,4880.0
3918,1760002573870011.0,150627180.0,4884.0
3919,1760002573870177.0,150645272.0,4831.0
3920,1760002573870344.0,150663440.0,4905.0
3921,1760002573870510.0,150681556.0,4859.0
3922,1760002573870682.0,150699652.0,4831.0
3923,1760002573870851.0,150717792.0,4879.0
3924,1760002573871019.0,150735936.0,4881.0
3925,1760002573871193.0,150753996.0,4806.0
3926,1760002573871360.0,150772060.0,4806.0
3927,1760002573871525.0,150790208.0,4885.0
3928,1760002573871691.0,150808340.0,4879.0
3929,1760002573871858.0,150826408.0,4806.0
3930,1760002573872023.0,150844520.0,4854.0
3931,1760002573872188.0,150862580.0,4807.0
3932,1760002573872358.0,150880696.0,4854.0
3933,1760002573872526.0,150898812.0,4853.0
3934,1760002573872696.0,150916904.0,4832.0
3935,1760002573872862.0,150935016.0,4853.0
3936,1760002573873028.0,150953156.0,4879.0
3937,1760002573873194.0,150971224.0,4812.0
3938,1760002573873359.0,150989336.0,4854.0
3939,1760002573873528.0,151007476.0,4879.0
3940,1760002573873693.0,151025544.0,4812.0
3941,1760002573873858.0,151043684.0,4878.0
3942,1760002573874022.0,151061828.0,4880.0
3943,1760002573874188.0,151079900.0,4812.0
3944,1760002573874356.0,151098068.0,4905.0
3945,1760002573874521.0,151116188.0,4858.0
3946,1760002573874687.0,151134304.0,4854.0
3947,1760002573874854.0,151152392.0,4828.0
3948,1760002573875023.0,151170456.0,4805.0
3949,1760002573875190.0,151188592.0,4880.0
3950,1760002573875355.0,151206684.0,4831.0
3951,1760002573875520.0,151224800.0,4857.0
3952,1760002573875685.0,151242888.0,4832.0
3953,1760002573875850.0,151261004.0,4854.0
3954,1760002573876017.0,151279120.0,4854.0
3955,1760002573876182.0,151297264.0,4879.0
3956,1760002573876347.0,151315360.0,4838.0
3957,1760002573876510.0,151333496.0,4880.0
3958,1760002573876675.0,151351588.0,4832.0
3959,1760002573876840.0,151369680.0,4838.0
3960,1760002573877009.0,151387796.0,4854.0
3961,1760002573877173.0,151405936.0,4879.0
3962,1760002573877338.0,151424012.0,4812.0
3963,1760002573877503.0,151442100.0,4831.0
3964,1760002573877669.0,151460192.0,4832.0
3965,1760002573877835.0,151478316.0,4860.0
3966,1760002573878013.0,151496452.0,4879.0
3967,1760002573878171.0,151514596.0,4879.0
3968,1760002573878330.0,151532712.0,4854.0
3969,1760002573878488.0,151550856.0,4885.0
3970,1760002573878651.0,151568996.0,4879.0
3971,1760002573878810.0,151587136.0,4879.0
3972,1760002573878970.0,151605208.0,4812.0
3973,1760002573879128.0,151623304.0,4832.0
3974,1760002573879287.0,151641368.0,4805.0
3975,1760002573879449.0,151659432.0,4811.0
3976,1760002573879609.0,151677544.0,4853.0
3977,1760002573879769.0,151695636.0,4831.0
3978,1760002573879929.0,151713680.0,4785.0
3979,1760002573880105.0,151740916.0,13925.0
3980,1760002573880268.0,151759028.0,4805.0
3981,1760002573880426.0,151777216.0,4938.0
3982,1760002573880584.0,151795308.0,4832.0
3983,1760002573880796.0,151813352.0,4779.0
3984,1760002573880971.0,151831420.0,4812.0
3985,1760002573881155.0,151849488.0,4806.0
3986,1760002573881359.0,151867560.0,4807.0
3987,1760002573881525.0,151885628.0,4812.0
3988,1760002573881691.0,151903744.0,4855.0
3989,1760002573881854.0,151921860.0,4855.0
3990,1760002573882021.0,151940000.0,4886.0
3991,1760002573882182.0,151958092.0,4829.0
3992,1760002573882344.0,151976236.0,4880.0
3993,1760002573882505.0,151994348.0,4861.0
3994,1760002573882666.0,152012488.0,4880.0
3995,1760002573882828.0,152030632.0,4880.0
3996,1760002573882994.0,152048776.0,4880.0
3997,1760002573883158.0,152066940.0,4906.0
3998,1760002573883321.0,152085080.0,4880.0
3999,1760002573883484.0,152103192.0,4854.0
4000,1760002573883648.0,152121312.0,4861.0
4001,1760002573883815.0,152139456.0,4881.0
4002,1760002573883991.0,152157644.0,4931.0
4003,1760002573884145.0,152175740.0,4832.0
4004,1760002573884302.0,152193908.0,4905.0
4005,1760002573884463.0,152221144.0,13924.0
4006,1760002573884626.0,152239328.0,4880.0
4007,1760002573884783.0,152257424.0,4839.0
4008,1760002573884939.0,152275564.0,4879.0
4009,1760002573885110.0,152293736.0,4906.0
4010,1760002573885268.0,152311900.0,4906.0
4011,1760002573885431.0,152330036.0,4880.0
4012,1760002573885591.0,152348200.0,4905.0
4013,1760002573885750.0,152366368.0,4905.0
4014,1760002573885910.0,152384508.0,4886.0
4015,1760002573886075.0,152411744.0,13924.0
4016,1760002573886241.0,152429904.0,4854.0
4017,1760002573886401.0,152448056.0,4886.0
4018,1760002573886561.0,152466188.0,4880.0
4019,1760002573886720.0,152484304.0,4854.0
4020,1760002573886881.0,152502444.0,4881.0
4021,1760002573887042.0,152520564.0,4861.0
4022,1760002573887204.0,152538676.0,4855.0
4023,1760002573887363.0,152556796.0,4855.0
4024,1760002573887523.0,152574892.0,4838.0
4025,1760002573887683.0,152593008.0,4854.0
4026,1760002573887854.0,152620252.0,13924.0
4027,1760002573888029.0,152638360.0,4812.0
4028,1760002573888184.0,152656504.0,4879.0
4029,1760002573888339.0,152674668.0,4906.0
4030,1760002573888494.0,152692832.0,4906.0
4031,1760002573888656.0,152720068.0,13927.0
4032,1760002573888816.0,152738180.0,4805.0
4033,1760002573888972.0,152756316.0,4879.0
4034,1760002573889139.0,152774452.0,4879.0
4035,1760002573889291.0,152792620.0,4905.0
4036,1760002573889444.0,152810788.0,4905.0
4037,1760002573889593.0,152828964.0,4912.0
4038,1760002573889750.0,152856196.0,13926.0
4039,1760002573889904.0,152874308.0,4807.0
4040,1760002573890141.0,152892360.0,4787.0
4041,1760002573890309.0,152910504.0,4880.0
4042,1760002573890470.0,152937736.0,13922.0
4043,1760002573890624.0,152955928.0,4885.0
4044,1760002573890777.0,152974092.0,4906.0
4045,1760002573890927.0,152992288.0,4932.0
4046,1760002573891088.0,153019524.0,13924.0
4047,1760002573891241.0,153037684.0,4860.0
4048,1760002573891397.0,153064920.0,13923.0
4049,1760002573891550.0,153083032.0,4806.0
4050,1760002573891705.0,153110272.0,13929.0
4051,1760002573891859.0,153128460.0,4880.0
4052,1760002573892016.0,153155696.0,13926.0
4053,1760002573892168.0,153173808.0,4812.0
4054,1760002573892324.0,153201052.0,13926.0
4055,1760002573892474.0,153219188.0,4832.0
4056,1760002573892626.0,153237328.0,4880.0
4057,1760002573892778.0,153255340.0,4754.0
4058,1760002573892928.0,153273484.0,4880.0
4059,1760002573893084.0,153300728.0,13932.0
4060,1760002573893238.0,153318840.0,4805.0
4061,1760002573893389.0,153336856.0,4760.0
4062,1760002573893543.0,153354996.0,4880.0
4063,1760002573893694.0,153373136.0,4880.0
4064,1760002573893845.0,153391156.0,4760.0
4065,1760002573893995.0,153409268.0,4853.0
4066,1760002573894146.0,153427384.0,4854.0
4067,1760002573894300.0,153445476.0,4828.0
4068,1760002573894451.0,153463512.0,4781.0
4069,1760002573894601.0,153481656.0,4880.0
4070,1760002573894753.0,153499800.0,4880.0
4071,1760002573894904.0,153517836.0,4785.0
4072,1760002573895058.0,153536032.0,4930.0
4073,1760002573895209.0,153554172.0,4879.0
4074,1760002573895361.0,153572240.0,4812.0
4075,1760002573895512.0,153590408.0,4905.0
4076,1760002573895663.0,153608548.0,4879.0
4077,1760002573895816.0,153626588.0,4785.0
4078,1760002573895968.0,153644624.0,4778.0
4079,1760002573896119.0,153662740.0,4853.0
4080,1760002573896270.0,153680752.0,4759.0
4081,1760002573896422.0,153698764.0,4753.0
4082,1760002573896575.0,153716780.0,4758.0
4083,1760002573896728.0,153734888.0,4853.0
4084,1760002573896885.0,153752976.0,4827.0
4085,1760002573897040.0,153771016.0,4784.0
4086,1760002573897196.0,153789124.0,4852.0
4087,1760002573897356.0,153807240.0,4853.0
4088,1760002573897569.0,153825252.0,4759.0
4089,1760002573897783.0,153843368.0,4853.0
4090,1760002573897948.0,153861376.0,4753.0
4091,1760002573898107.0,153879392.0,4759.0
4092,1760002573898260.0,153897404.0,4753.0
4093,1760002573898419.0,153915420.0,4760.0
4094,1760002573898571.0,153933556.0,4878.0
4095,1760002573898721.0,153951592.0,4780.0
4096,1760002573898873.0,153969732.0,4879.0
4097,1760002573899029.0,153987764.0,4778.0
4098,1760002573899185.0,154005932.0,4905.0
4099,1760002573899340.0,154033148.0,13906.0
4100,1760002573899495.0,154051260.0,4806.0
4101,1760002573899653.0,154069272.0,4753.0
4102,1760002573899806.0,154087284.0,4759.0
4103,1760002573899965.0,154105296.0,4753.0
4104,1760002573900117.0,154123312.0,4760.0
4105,1760002573900271.0,154141320.0,4754.0
4106,1760002573900426.0,154159332.0,4753.0
4107,1760002573900580.0,154177500.0,4911.0
4108,1760002573900738.0,154195564.0,4806.0
4109,1760002573900891.0,154213600.0,4780.0
4110,1760002573901046.0,154231612.0,4758.0
4111,1760002573901201.0,154249624.0,4753.0
4112,1760002573901367.0,154267672.0,4786.0
4113,1760002573901523.0,154285652.0,4728.0
4114,1760002573901675.0,154303692.0,4779.0
4115,1760002573901826.0,154321756.0,4808.0
4116,1760002573901978.0,154339772.0,4754.0
4117,1760002573902128.0,154357864.0,4827.0
4118,1760002573902283.0,154375872.0,4754.0
4119,1760002573902435.0,154393988.0,4853.0
4120,1760002573902588.0,154412004.0,4759.0
4121,1760002573902739.0,154429988.0,4727.0
4122,1760002573902892.0,154448052.0,4801.0
4123,1760002573903045.0,154466064.0,4759.0
4124,1760002573903198.0,154484104.0,4779.0
4125,1760002573903357.0,154502220.0,4853.0
4126,1760002573903510.0,154520280.0,4806.0
4127,1760002573903663.0,154538472.0,4931.0
4128,1760002573903821.0,154565716.0,13926.0
4129,1760002573903982.0,154583804.0,4779.0
4130,1760002573904153.0,154601844.0,4779.0
4131,1760002573904310.0,154619940.0,4834.0
4132,1760002573904469.0,154638052.0,4853.0
4133,1760002573904625.0,154656120.0,4806.0
4134,1760002573904783.0,154674160.0,4785.0
4135,1760002573904941.0,154692252.0,4827.0
4136,1760002573905101.0,154710264.0,4754.0
4137,1760002573905263.0,154728280.0,4759.0
4138,1760002573905422.0,154746264.0,4727.0
4139,1760002573905585.0,154764280.0,4760.0
4140,1760002573905742.0,154782296.0,4754.0
4141,1760002573905901.0,154800360.0,4802.0
4142,1760002573906057.0,154818376.0,4760.0
4143,1760002573906214.0,154836368.0,4729.0
4144,1760002573906371.0,154854376.0,4759.0
4145,1760002573906528.0,154872364.0,4727.0
4146,1760002573906685.0,154890352.0,4726.0
4147,1760002573906841.0,154908368.0,4753.0
4148,1760002573906997.0,154926380.0,4753.0
4149,1760002573907155.0,154944424.0,4786.0
4150,1760002573907314.0,154962436.0,4754.0
4151,1760002573907471.0,154980448.0,4753.0
4152,1760002573907632.0,154998480.0,4780.0
4153,1760002573907791.0,155016572.0,4828.0
4154,1760002573907950.0,155034588.0,4761.0
4155,1760002573908111.0,155052680.0,4828.0
4156,1760002573908268.0,155070696.0,4753.0
4157,1760002573908425.0,155088788.0,4833.0
4158,1760002573908582.0,155106800.0,4754.0
4159,1760002573908739.0,155124816.0,4754.0
4160,1760002573908898.0,155142828.0,4754.0
4161,1760002573909073.0,155160844.0,4753.0
4162,1760002573909234.0,155178860.0,4760.0
4163,1760002573909397.0,155196952.0,4828.0
4164,1760002573909557.0,155215044.0,4828.0
4165,1760002573909725.0,155233056.0,4760.0
4166,1760002573909886.0,155251120.0,4802.0
4167,1760002573910065.0,155269168.0,4785.0
4168,1760002573910231.0,155287180.0,4755.0
4169,1760002573910399.0,155305296.0,4853.0
4170,1760002573910568.0,155323420.0,4860.0
4171,1760002573910736.0,155341432.0,4754.0
4172,1760002573910901.0,155359444.0,4753.0
4173,1760002573911069.0,155377460.0,4760.0
4174,1760002573911235.0,155395476.0,4753.0
4175,1760002573911404.0,155413492.0,4760.0
4176,1760002573911573.0,155431536.0,4779.0
4177,1760002573911741.0,155449652.0,4854.0
4178,1760002573911907.0,155467720.0,4812.0
4179,1760002573912076.0,155485812.0,4828.0
4180,1760002573912242.0,155503856.0,4780.0
4181,1760002573912413.0,155521948.0,4835.0
4182,1760002573912579.0,155539960.0,4755.0
4183,1760002573912746.0,155558004.0,4780.0
4184,1760002573912912.0,155576124.0,4854.0
4185,1760002573913084.0,155594240.0,4854.0
4186,1760002573913326.0,155612332.0,4828.0
4187,1760002573913512.0,155630448.0,4859.0
4188,1760002573913684.0,155648540.0,4827.0
4189,1760002573913857.0,155666552.0,4754.0
4190,1760002573914033.0,155684596.0,4779.0
4191,1760002573914302.0,155702684.0,4828.0
4192,1760002573914483.0,155720732.0,4785.0
4193,1760002573914652.0,155738768.0,4779.0
4194,1760002573914818.0,155756836.0,4806.0
4195,1760002573914987.0,155774876.0,4786.0
4196,1760002573915159.0,155792916.0,4780.0
4197,1760002573915327.0,155810928.0,4754.0
4198,1760002573915495.0,155828996.0,4807.0
4199,1760002573915675.0,155847112.0,4854.0
4200,1760002573915842.0,155865152.0,4779.0
4201,1760002573916014.0,155883188.0,4779.0
4202,1760002573916183.0,155901308.0,4853.0
4203,1760002573916359.0,155919348.0,4785.0
4204,1760002573916529.0,155937388.0,4779.0
4205,1760002573916698.0,155955404.0,4754.0
4206,1760002573916874.0,155973440.0,4785.0
4207,1760002573917047.0,155991484.0,4781.0
4208,1760002573917215.0,156009532.0,4785.0
4209,1760002573917386.0,156027540.0,4753.0
4210,1760002573917555.0,156045556.0,4754.0
4211,1760002573917738.0,156063648.0,4834.0
4212,1760002573917908.0,156081664.0,4754.0
4213,1760002573918078.0,156099680.0,4754.0
4214,1760002573918247.0,156117764.0,4832.0
4215,1760002573918416.0,156135856.0,4828.0
4216,1760002573918585.0,156153904.0,4786.0
4217,1760002573918752.0,156172016.0,4853.0
4218,1760002573918918.0,156190052.0,4780.0
4219,1760002573919084.0,156208072.0,4760.0
4220,1760002573919249.0,156226112.0,4780.0
4221,1760002573919418.0,156244128.0,4753.0
4222,1760002573919586.0,156262144.0,4760.0
4223,1760002573919753.0,156280160.0,4754.0
4224,1760002573919921.0,156298224.0,4808.0
4225,1760002573920088.0,156316244.0,4754.0
4226,1760002573920254.0,156334256.0,4754.0
4227,1760002573920425.0,156352276.0,4761.0
4228,1760002573920590.0,156370288.0,4755.0
4229,1760002573920763.0,156388304.0,4761.0
4230,1760002573920932.0,156406320.0,4753.0
4231,1760002573921103.0,156424360.0,4780.0
4232,1760002573921274.0,156442376.0,4761.0
4233,1760002573921445.0,156460444.0,4802.0
4234,1760002573921617.0,156478492.0,4787.0
4235,1760002573921867.0,156496604.0,4854.0
4236,1760002573922047.0,156514696.0,4829.0
4237,1760002573922220.0,156532744.0,4786.0
4238,1760002573922386.0,156550752.0,4754.0
4239,1760002573922552.0,156568796.0,4780.0
4240,1760002573922717.0,156586860.0,4808.0
4241,1760002573922883.0,156604904.0,4780.0
4242,1760002573923052.0,156622996.0,4828.0
4243,1760002573923223.0,156641064.0,4812.0
4244,1760002573923389.0,156659108.0,4779.0
4245,1760002573923554.0,156677160.0,4786.0
4246,1760002573923719.0,156695196.0,4780.0
4247,1760002573923892.0,156713288.0,4828.0
4248,1760002573924061.0,156731332.0,4787.0
4249,1760002573924231.0,156749400.0,4807.0
4250,1760002573924400.0,156767516.0,4853.0
4251,1760002573924569.0,156785584.0,4812.0
4252,1760002573924739.0,156803652.0,4806.0
4253,1760002573924908.0,156821696.0,4781.0
4254,1760002573925074.0,156839736.0,4786.0
4255,1760002573925240.0,156857780.0,4780.0
4256,1760002573925408.0,156875824.0,4787.0
4257,1760002573925576.0,156893888.0,4806.0
4258,1760002573925746.0,156911932.0,4781.0
4259,1760002573925912.0,156930032.0,4837.0
4260,1760002573926077.0,156948096.0,4806.0
4261,1760002573926242.0,156966160.0,4806.0
4262,1760002573926407.0,156984204.0,4786.0
4263,1760002573926577.0,157002240.0,4780.0
4264,1760002573926741.0,157020284.0,4780.0
4265,1760002573926908.0,157038356.0,4807.0
4266,1760002573927073.0,157056396.0,4780.0
4267,1760002573927240.0,157074444.0,4786.0
4268,1760002573927409.0,157092476.0,4780.0
4269,1760002573927577.0,157110516.0,4780.0
4270,1760002573927744.0,157128612.0,4833.0
4271,1760002573927910.0,157146724.0,4853.0
4272,1760002573928074.0,157164792.0,4805.0
4273,1760002573928243.0,157182836.0,4786.0
4274,1760002573928410.0,157200900.0,4805.0
4275,1760002573928577.0,157218968.0,4806.0
4276,1760002573928745.0,157237008.0,4786.0
4277,1760002573928913.0,157255076.0,4807.0
4278,1760002573929083.0,157273124.0,4785.0
4279,1760002573929251.0,157291184.0,4806.0
4280,1760002573929421.0,157309296.0,4854.0
4281,1760002573929589.0,157327364.0,4812.0
4282,1760002573929761.0,157345400.0,4781.0
4283,1760002573929933.0,157363464.0,4807.0
4284,1760002573930105.0,157381528.0,4813.0
4285,1760002573930275.0,157399572.0,4780.0
4286,1760002573930504.0,157417612.0,4779.0
4287,1760002573930689.0,157435656.0,4786.0
4288,1760002573930870.0,157453744.0,4828.0
4289,1760002573931045.0,157471836.0,4828.0
4290,1760002573931218.0,157489944.0,4854.0
4291,1760002573931391.0,157508036.0,4828.0
4292,1760002573931604.0,157526148.0,4854.0
4293,1760002573931937.0,157544212.0,4806.0
4294,1760002573932121.0,157562256.0,4780.0
4295,1760002573932298.0,157580324.0,4811.0
4296,1760002573932472.0,157598380.0,4805.0
4297,1760002573932649.0,157616424.0,4779.0
4298,1760002573932823.0,157634512.0,4838.0
4299,1760002573932997.0,157652580.0,4806.0
4300,1760002573933171.0,157670624.0,4780.0
4301,1760002573933339.0,157688668.0,4786.0
4302,1760002573933505.0,157706736.0,4806.0
4303,1760002573933675.0,157724800.0,4806.0
4304,1760002573933842.0,157742864.0,4806.0
4305,1760002573934010.0,157760928.0,4807.0
4306,1760002573934183.0,157778996.0,4812.0
4307,1760002573934356.0,157797032.0,4780.0
4308,1760002573934529.0,157815104.0,4807.0
4309,1760002573934700.0,157833148.0,4786.0
4310,1760002573934868.0,157851216.0,4806.0
4311,1760002573935039.0,157869280.0,4806.0
4312,1760002573935206.0,157887344.0,4811.0
4313,1760002573935372.0,157905408.0,4805.0
4314,1760002573935541.0,157923472.0,4806.0
4315,1760002573935710.0,157941536.0,4808.0
4316,1760002573935875.0,157959580.0,4780.0
4317,1760002573936039.0,157977668.0,4832.0
4318,1760002573936204.0,157995728.0,4806.0
4319,1760002573936372.0,158013796.0,4805.0
4320,1760002573936537.0,158031860.0,4812.0
4321,1760002573936701.0,158049900.0,4780.0
4322,1760002573936865.0,158067968.0,4806.0
4323,1760002573937031.0,158086032.0,4811.0
4324,1760002573937197.0,158104096.0,4806.0
4325,1760002573937361.0,158122160.0,4805.0
4326,1760002573937527.0,158140224.0,4813.0
4327,1760002573937695.0,158158292.0,4806.0
4328,1760002573937863.0,158176356.0,4806.0
4329,1760002573938031.0,158194392.0,4780.0
4330,1760002573938196.0,158212484.0,4827.0
4331,1760002573938363.0,158230556.0,4812.0
4332,1760002573938529.0,158248616.0,4806.0
4333,1760002573938696.0,158266684.0,4807.0
4334,1760002573938931.0,158284756.0,4811.0
4335,1760002573939113.0,158302824.0,4806.0
4336,1760002573939283.0,158320896.0,4806.0
4337,1760002573939450.0,158339008.0,4859.0
4338,1760002573939616.0,158357072.0,4805.0
4339,1760002573939786.0,158375108.0,4780.0
4340,1760002573939952.0,158393200.0,4834.0
4341,1760002573940119.0,158411312.0,4855.0
4342,1760002573940284.0,158429380.0,4806.0
4343,1760002573940455.0,158447496.0,4860.0
4344,1760002573940624.0,158465560.0,4805.0
4345,1760002573940790.0,158483648.0,4828.0
4346,1760002573940955.0,158501764.0,4859.0
4347,1760002573941121.0,158519880.0,4854.0
4348,1760002573941286.0,158538000.0,4854.0
4349,1760002573941454.0,158556112.0,4861.0
4350,1760002573941619.0,158574204.0,4833.0
4351,1760002573941785.0,158592300.0,4832.0
4352,1760002573941950.0,158610368.0,4811.0
4353,1760002573942117.0,158628508.0,4879.0
4354,1760002573942284.0,158646604.0,4832.0
4355,1760002573942450.0,158664676.0,4813.0
4356,1760002573942616.0,158682820.0,4879.0
4357,1760002573942782.0,158700884.0,4806.0
4358,1760002573942948.0,158718952.0,4811.0
4359,1760002573943119.0,158737068.0,4854.0
4360,1760002573943289.0,158755180.0,4854.0
4361,1760002573943458.0,158773256.0,4812.0
4362,1760002573943624.0,158791364.0,4854.0
4363,1760002573943790.0,158809428.0,4806.0
4364,1760002573943959.0,158827500.0,4811.0
4365,1760002573944125.0,158845596.0,4832.0
4366,1760002573944291.0,158863664.0,4806.0
4367,1760002573944457.0,158881780.0,4860.0
4368,1760002573944625.0,158899896.0,4853.0
4369,1760002573944793.0,158918032.0,4880.0
4370,1760002573944959.0,158936108.0,4812.0
4371,1760002573945126.0,158954140.0,4779.0
4372,1760002573945292.0,158972208.0,4806.0
4373,1760002573945458.0,158990320.0,4860.0
4374,1760002573945624.0,159008436.0,4854.0
4375,1760002573945794.0,159026524.0,4832.0
4376,1760002573945961.0,159044624.0,4838.0
4377,1760002573946129.0,159062684.0,4806.0
4378,1760002573946295.0,159080752.0,4806.0
4379,1760002573946462.0,159098844.0,4838.0
4380,1760002573946632.0,159116912.0,4805.0
4381,1760002573946799.0,159134976.0,4806.0
4382,1760002573946964.0,159153064.0,4834.0
4383,1760002573947131.0,159171180.0,4854.0
4384,1760002573947297.0,159189300.0,4854.0
4385,1760002573947471.0,159207364.0,4812.0
4386,1760002573947640.0,159225480.0,4853.0
4387,1760002573947812.0,159243596.0,4854.0
4388,1760002573947983.0,159261692.0,4834.0
4389,1760002573948157.0,159279808.0,4854.0
4390,1760002573948333.0,159297896.0,4828.0
4391,1760002573948553.0,159315988.0,4834.0
4392,1760002573948730.0,159334048.0,4806.0
4393,1760002573948898.0,159352140.0,4828.0
4394,1760002573949064.0,159370216.0,4812.0
4395,1760002573949235.0,159388284.0,4805.0
4396,1760002573949399.0,159406396.0,4853.0
4397,1760002573949565.0,159424524.0,4860.0
4398,1760002573949730.0,159442632.0,4854.0
4399,1760002573949896.0,159460752.0,4854.0
4400,1760002573950064.0,159478864.0,4853.0
4401,1760002573950231.0,159496896.0,4780.0
4402,1760002573950395.0,159514968.0,4806.0
4403,1760002573950561.0,159533068.0,4838.0
4404,1760002573950727.0,159551160.0,4832.0
4405,1760002573950895.0,159569228.0,4807.0
4406,1760002573951063.0,159587300.0,4811.0
4407,1760002573951229.0,159605368.0,4806.0
4408,1760002573951393.0,159623484.0,4854.0
4409,1760002573951561.0,159641560.0,4812.0
4410,1760002573951730.0,159659676.0,4853.0
4411,1760002573951900.0,159677792.0,4854.0
4412,1760002573952069.0,159695860.0,4812.0
4413,1760002573952238.0,159713956.0,4832.0
4414,1760002573952417.0,159732076.0,4854.0
4415,1760002573952592.0,159750220.0,4880.0
4416,1760002573952765.0,159768280.0,4806.0
4417,1760002573952939.0,159786420.0,4879.0
4418,1760002573953108.0,159804564.0,4880.0
4419,1760002573953279.0,159822704.0,4885.0
4420,1760002573953445.0,159840816.0,4853.0
4421,1760002573953616.0,159858932.0,4853.0
4422,1760002573953784.0,159877052.0,4860.0
4423,1760002573953950.0,159895192.0,4879.0
4424,1760002573954115.0,159913308.0,4853.0
4425,1760002573954283.0,159931372.0,4811.0
4426,1760002573954452.0,159949484.0,4853.0
4427,1760002573954620.0,159967628.0,4879.0
4428,1760002573954786.0,159985740.0,4853.0
4429,1760002573954953.0,160003772.0,4780.0
4430,1760002573955128.0,160021884.0,4853.0
4431,1760002573955293.0,160040000.0,4858.0
4432,1760002573955453.0,160058032.0,4780.0
4433,1760002573955615.0,160076172.0,4880.0
4434,1760002573955777.0,160094308.0,4879.0
4435,1760002573955939.0,160112340.0,4780.0
4436,1760002573956102.0,160130484.0,4879.0
4437,1760002573956264.0,160148624.0,4880.0
4438,1760002573956425.0,160166736.0,4856.0
4439,1760002573956586.0,160184876.0,4879.0
4440,1760002573956747.0,160202988.0,4853.0
4441,1760002573956911.0,160221076.0,4834.0
4442,1760002573957071.0,160239140.0,4806.0
4443,1760002573957233.0,160257280.0,4878.0
4444,1760002573957393.0,160275316.0,4786.0
4445,1760002573957555.0,160293404.0,4832.0
4446,1760002573957719.0,160311548.0,4879.0
4447,1760002573957881.0,160329660.0,4860.0
4448,1760002573958054.0,160347800.0,4879.0
4449,1760002573958211.0,160365908.0,4853.0
4450,1760002573958366.0,160384016.0,4838.0
4451,1760002573958530.0,160402120.0,4854.0
4452,1760002573958740.0,160420236.0,4854.0
4453,1760002573958905.0,160438348.0,4854.0
4454,1760002573959064.0,160456384.0,4780.0
4455,1760002573959277.0,160474520.0,4879.0
4456,1760002573959465.0,160492664.0,4879.0
4457,1760002573959666.0,160510776.0,4854.0
4458,1760002573959831.0,160528892.0,4854.0
4459,1760002573959987.0,160547004.0,4854.0
4460,1760002573960153.0,160565120.0,4860.0
4461,1760002573960344.0,160583204.0,4828.0
4462,1760002573960509.0,160601240.0,4780.0
4463,1760002573960664.0,160619380.0,4886.0
4464,1760002573960818.0,160637496.0,4853.0
4465,1760002573960970.0,160655580.0,4827.0
4466,1760002573961210.0,160673668.0,4834.0
4467,1760002573961373.0,160691780.0,4854.0
4468,1760002573961525.0,160709892.0,4853.0
4469,1760002573961677.0,160727980.0,4835.0
4470,1760002573961826.0,160746068.0,4828.0
4471,1760002573961988.0,160764180.0,4854.0
4472,1760002573962143.0,160782320.0,4885.0
4473,1760002573962296.0,160800408.0,4829.0
4474,1760002573962452.0,160818464.0,4803.0
4475,1760002573962611.0,160836580.0,4860.0
4476,1760002573962786.0,160854672.0,4828.0
4477,1760002573963041.0,160872788.0,4854.0
4478,1760002573963206.0,160890956.0,4906.0
4479,1760002573963415.0,160908964.0,4755.0
4480,1760002573963666.0,160927048.0,4828.0
4481,1760002573963891.0,160945180.0,4861.0
4482,1760002573964068.0,160963316.0,4881.0
4483,1760002573964241.0,160990556.0,13924.0
4484,1760002573964411.0,161008700.0,4835.0
4485,1760002573964710.0,161026808.0,4854.0
4486,1760002573964886.0,161044868.0,4802.0
4487,1760002573965044.0,161062880.0,4761.0
4488,1760002573965202.0,161080940.0,4803.0
4489,1760002573965359.0,161099032.0,4828.0
4490,1760002573965515.0,161117120.0,4834.0
4491,1760002573965673.0,161135180.0,4803.0
4492,1760002573965836.0,161153272.0,4828.0
4493,1760002573966004.0,161180516.0,13931.0
4494,1760002573966196.0,161198604.0,4780.0
4495,1760002573966365.0,161216720.0,4854.0
4496,1760002573966533.0,161234836.0,4859.0
4497,1760002573966702.0,161252952.0,4854.0
4498,1760002573966869.0,161271040.0,4828.0
4499,1760002573967064.0,161289128.0,4835.0
4500,1760002573967265.0,161307188.0,4802.0
4501,1760002573967443.0,161325248.0,4802.0
4502,1760002573967616.0,161343308.0,4808.0
4503,1760002573967788.0,161361400.0,4829.0
4504,1760002573967960.0,161379544.0,4882.0
4505,1760002573968130.0,161397664.0,4861.0
4506,1760002573968298.0,161415780.0,4855.0
4507,1760002573968471.0,161433896.0,4856.0
4508,1760002573968641.0,161452008.0,4861.0
4509,1760002573968815.0,161470152.0,4881.0
4510,1760002573968986.0,161488272.0,4855.0
4511,1760002573969156.0,161506388.0,4855.0
4512,1760002573969334.0,161524448.0,4803.0
4513,1760002573969512.0,161542536.0,4829.0
4514,1760002573969687.0,161560636.0,4835.0
4515,1760002573969857.0,161578772.0,4881.0
4516,1760002573970026.0,161596888.0,4855.0
4517,1760002573970197.0,161615032.0,4880.0
4518,1760002573970367.0,161633148.0,4861.0
4519,1760002573970535.0,161651312.0,4906.0
4520,1760002573970703.0,161669456.0,4880.0
4521,1760002573970907.0,161688252.0,5534.0
4522,1760002573971112.0,161706296.0,4780.0
4523,1760002573971287.0,161724448.0,4886.0
4524,1760002573971462.0,161743184.0,5476.0
4525,1760002573971779.0,161761312.0,4859.0
4526,1760002573972019.0,161779368.0,4802.0
4527,1760002573972241.0,161797380.0,4754.0
4528,1760002573972418.0,161815464.0,4834.0
4529,1760002573972589.0,161833580.0,4854.0
4530,1760002573972761.0,161851700.0,4854.0
4531,1760002573972935.0,161869784.0,4834.0
4532,1760002573973121.0,161887900.0,4854.0
4533,1760002573973317.0,161906068.0,4906.0
4534,1760002573973549.0,161924212.0,4879.0
4535,1760002573973724.0,161942296.0,4827.0
4536,1760002573973897.0,161960412.0,4854.0
4537,1760002573974079.0,161978448.0,4780.0
4538,1760002573974273.0,161996560.0,4853.0
4539,1760002573974463.0,162014756.0,4932.0
4540,1760002573974639.0,162032892.0,4880.0
4541,1760002573974811.0,162051036.0,4885.0
4542,1760002573974992.0,162069120.0,4828.0
4543,1760002573975178.0,162087236.0,4854.0
4544,1760002573975351.0,162105336.0,4838.0
4545,1760002573975522.0,162123504.0,4906.0
4546,1760002573975820.0,162150748.0,13926.0
4547,1760002573976011.0,162168840.0,4786.0
4548,1760002573976182.0,162186976.0,4880.0
4549,1760002573976349.0,162205088.0,4855.0
4550,1760002573976515.0,162223204.0,4855.0
4551,1760002573976682.0,162241236.0,4779.0
4552,1760002573976850.0,162259404.0,4905.0
4553,1760002573977021.0,162277516.0,4853.0
4554,1760002573977190.0,162295660.0,4884.0
4555,1760002573977362.0,162313772.0,4854.0
4556,1760002573977532.0,162331912.0,4879.0
4557,1760002573977706.0,162350052.0,4884.0
4558,1760002573977880.0,162368220.0,4904.0
4559,1760002573978054.0,162386384.0,4906.0
4560,1760002573978223.0,162404524.0,4880.0
4561,1760002573978396.0,162422692.0,4912.0
4562,1760002573978572.0,162440836.0,4880.0
4563,1760002573978747.0,162458948.0,4854.0
4564,1760002573978923.0,162477100.0,4885.0
4565,1760002573979116.0,162504336.0,13927.0
4566,1760002573979296.0,162522448.0,4806.0
4567,1760002573979470.0,162540552.0,4839.0
4568,1760002573979646.0,162558764.0,4957.0
4569,1760002573979826.0,162586008.0,13928.0
4570,1760002573980007.0,162604116.0,4806.0
4571,1760002573980189.0,162622224.0,4854.0
4572,1760002573980377.0,162640364.0,4879.0
4573,1760002573980558.0,162658508.0,4880.0
4574,1760002573980735.0,162676644.0,4885.0
4575,1760002573980913.0,162694788.0,4880.0
4576,1760002573981094.0,162712952.0,4906.0
4577,1760002573981291.0,162740192.0,13931.0
4578,1760002573981476.0,162758280.0,4779.0
4579,1760002573981672.0,162785524.0,13927.0
4580,1760002573981870.0,162803636.0,4812.0
4581,1760002573982055.0,162830872.0,13923.0
4582,1760002573982235.0,162848984.0,4807.0
4583,1760002573982408.0,162867128.0,4886.0
4584,1760002573982586.0,162885264.0,4879.0
4585,1760002573982909.0,162903456.0,4930.0
4586,1760002573983210.0,162921596.0,4879.0
4587,1760002573983448.0,162939736.0,4879.0
4588,1760002573983757.0,162957880.0,4879.0
4589,1760002573984119.0,162975964.0,4828.0
4590,1760002573984377.0,162994080.0,4860.0
4591,1760002573984672.0,163012220.0,4879.0
4592,1760002573984952.0,163030364.0,4879.0
4593,1760002573985132.0,163048512.0,4885.0
4594,1760002573985315.0,163066644.0,4879.0
4595,1760002573985605.0,163084788.0,4880.0
4596,1760002573985809.0,163102928.0,4879.0
4597,1760002573986134.0,163121016.0,4834.0
4598,1760002573986313.0,163139104.0,4827.0
4599,1760002573986484.0,163157220.0,4853.0
4600,1760002573986665.0,163175308.0,4834.0
4601,1760002573986846.0,163193428.0,4854.0
4602,1760002573987035.0,163211596.0,4907.0
4603,1760002573987350.0,163229752.0,4887.0
4604,1760002573987611.0,163247888.0,4880.0
4605,1760002573987798.0,163265948.0,4803.0
4606,1760002573988062.0,163284040.0,4829.0
4607,1760002573988480.0,163302048.0,4755.0
4608,1760002573988760.0,163320164.0,4853.0
4609,1760002573989060.0,163338288.0,4861.0
4610,1760002573989488.0,163356424.0,4880.0
4611,1760002573989821.0,163374536.0,4853.0
4612,1760002573990135.0,163392676.0,4879.0
4613,1760002573990442.0,163410816.0,4885.0
4614,1760002573990646.0,163428960.0,4879.0
4615,1760002573990822.0,163447128.0,4905.0
4616,1760002573990997.0,163465300.0,4906.0
4617,1760002573991185.0,163483336.0,4779.0
4618,1760002573991420.0,163501372.0,4779.0
4619,1760002573991651.0,163519552.0,4911.0
4620,1760002573991892.0,163537660.0,4854.0
4621,1760002573992071.0,163555744.0,4827.0
4622,1760002573992247.0,163573864.0,4855.0
4623,1760002573992417.0,163591900.0,4780.0
4624,1760002573992586.0,163610096.0,4932.0
4625,1760002573992754.0,163628264.0,4906.0
4626,1760002573992923.0,163646432.0,4912.0
4627,1760002573993100.0,163673672.0,13924.0
4628,1760002573993270.0,163691784.0,4806.0
4629,1760002573993442.0,163709924.0,4886.0
4630,1760002573993612.0,163728016.0,4828.0
4631,1760002573993786.0,163746028.0,4753.0
4632,1760002573994002.0,163764172.0,4885.0
4633,1760002573994202.0,163782312.0,4879.0
4634,1760002573994422.0,163800452.0,4879.0
4635,1760002573994600.0,163818524.0,4811.0
4636,1760002573994775.0,163845764.0,13927.0
4637,1760002573994945.0,163863872.0,4806.0
4638,1760002573995111.0,163882024.0,4886.0
4639,1760002573995277.0,163900104.0,4828.0
4640,1760002573995445.0,163918144.0,4780.0
4641,1760002573995855.0,163945392.0,13933.0
4642,1760002573996049.0,163963524.0,4829.0
4643,1760002573996218.0,163981584.0,4802.0
4644,1760002573996388.0,163999624.0,4787.0
4645,1760002573996560.0,164017708.0,4828.0
4646,1760002573996828.0,164035720.0,4754.0
4647,1760002573997036.0,164053808.0,4828.0
4648,1760002573997210.0,164071864.0,4802.0
4649,1760002573997379.0,164089884.0,4760.0
4650,1760002573997550.0,164107968.0,4828.0
4651,1760002573997719.0,164126008.0,4780.0
4652,1760002573997929.0,164144156.0,4886.0
4653,1760002573998101.0,164162236.0,4828.0
4654,1760002573998272.0,164180324.0,4828.0
4655,1760002573998442.0,164198336.0,4760.0
4656,1760002573998612.0,164216480.0,4881.0
4657,1760002573998784.0,164234596.0,4855.0
4658,1760002573998953.0,164252660.0,4809.0
4659,1760002573999119.0,164270720.0,4802.0
4660,1760002573999289.0,164288784.0,4803.0
4661,1760002573999489.0,164306824.0,4786.0
4662,1760002573999712.0,164324836.0,4753.0
4663,1760002574000008.0,164342948.0,4854.0
4664,1760002574000317.0,164361040.0,4834.0
4665,1760002574000632.0,164379080.0,4780.0
4666,1760002574000939.0,164397196.0,4854.0
4667,1760002574001248.0,164415284.0,4830.0
4668,1760002574001625.0,164433324.0,4780.0
4669,1760002574001961.0,164451440.0,4854.0
4670,1760002574002171.0,164469556.0,4854.0
4671,1760002574002364.0,164487672.0,4853.0
4672,1760002574002568.0,164505712.0,4781.0
4673,1760002574002747.0,164523824.0,4853.0
4674,1760002574003036.0,164541836.0,4754.0
4675,1760002574003345.0,164559848.0,4758.0
4676,1760002574003610.0,164577908.0,4802.0
4677,1760002574003791.0,164595924.0,4754.0
4678,1760002574003961.0,164614040.0,4860.0
4679,1760002574004129.0,164632052.0,4755.0
4680,1760002574004318.0,164650168.0,4854.0
4681,1760002574004554.0,164668312.0,4886.0
4682,1760002574004734.0,164686400.0,4828.0
4683,1760002574004907.0,164704440.0,4780.0
4684,1760002574005077.0,164722452.0,4761.0
4685,1760002574005453.0,164740544.0,4827.0
4686,1760002574005637.0,164758564.0,4760.0
4687,1760002574005807.0,164776648.0,4828.0
4688,1760002574006019.0,164794660.0,4754.0
4689,1760002574006200.0,164812776.0,4859.0
4690,1760002574006378.0,164830868.0,4828.0
4691,1760002574006556.0,164848856.0,4728.0
4692,1760002574006784.0,164866868.0,4759.0
4693,1760002574007011.0,164884908.0,4781.0
4694,1760002574007278.0,164902996.0,4827.0
4695,1760002574007457.0,164921028.0,4780.0
4696,1760002574007722.0,164939040.0,4755.0
4697,1760002574007972.0,164957132.0,4834.0
4698,1760002574008147.0,164975144.0,4755.0
4699,1760002574008454.0,164993236.0,4827.0
4700,1760002574008687.0,165011248.0,4760.0
4701,1760002574008964.0,165029260.0,4754.0
4702,1760002574009192.0,165047328.0,4807.0
4703,1760002574009454.0,165065336.0,4755.0
4704,1760002574009638.0,165083452.0,4853.0
4705,1760002574012030.0,165101464.0,4760.0
4706,1760002574028573.0,165119556.0,4828.0
4707,1760002574048831.0,165137644.0,4827.0
4708,1760002574065457.0,165155656.0,4760.0
4709,1760002574081797.0,165173692.0,4780.0
4710,1760002574102193.0,165191784.0,4828.0
4711,1760002574118670.0,165209864.0,4831.0
4712,1760002574138855.0,165228004.0,4880.0
4713,1760002574155434.0,165246116.0,4854.0
4714,1760002574175915.0,165264156.0,4786.0
4715,1760002574192523.0,165282168.0,4754.0
4716,1760002574208785.0,165300204.0,4786.0
4717,1760002574229299.0,165318272.0,4805.0
4718,1760002574245643.0,165336356.0,4827.0
4719,1760002574265861.0,165354396.0,4786.0
4720,1760002574282493.0,165372484.0,4828.0
4721,1760002574298892.0,165390524.0,4780.0
4722,1760002574319425.0,165408640.0,4860.0
4723,1760002574335704.0,165426652.0,4754.0
4724,1760002574356217.0,165444744.0,4828.0
4725,1760002574372617.0,165462756.0,4754.0
4726,1760002574392964.0,165480872.0,4853.0
4727,1760002574409545.0,165498860.0,4734.0
4728,1760002574425888.0,165516924.0,4802.0
4729,1760002574446323.0,165534936.0,4755.0
4730,1760002574462725.0,165553056.0,4860.0
4731,1760002574482935.0,165571144.0,4828.0
4732,1760002574499579.0,165589132.0,4729.0
4733,1760002574515967.0,165607144.0,4753.0
4734,1760002574536352.0,165625156.0,4754.0
4735,1760002574552829.0,165643312.0,4885.0
4736,1760002574573044.0,165661316.0,4754.0
4737,1760002574589793.0,165679304.0,4728.0
4738,1760002574606072.0,165697316.0,4759.0
4739,1760002574626572.0,165715328.0,4753.0
4740,1760002574642906.0,165733424.0,4834.0
4741,1760002574663361.0,165751436.0,4754.0
4742,1760002574679758.0,165769528.0,4828.0
4743,1760002574696096.0,165787540.0,4760.0
4744,1760002574716700.0,165805608.0,4806.0
4745,1760002574733035.0,165823692.0,4828.0
4746,1760002574753518.0,165841808.0,4859.0
4747,1760002574769810.0,165859824.0,4753.0
4748,1760002574790090.0,165877916.0,4828.0
4749,1760002574806911.0,165895952.0,4785.0
4750,1760002574823101.0,165913992.0,4779.0
4751,1760002574843583.0,165932088.0,4833.0
4752,1760002574860307.0,165950096.0,4753.0
4753,1760002574880566.0,165968132.0,4780.0
4754,1760002574896856.0,165986248.0,4860.0
4755,1760002574913166.0,166004264.0,4754.0
4756,1760002574933746.0,166022380.0,4854.0
4757,1760002574950137.0,166040492.0,4860.0
4758,1760002574970591.0,166058500.0,4753.0
4759,1760002574986930.0,166076492.0,4728.0
4760,1760002575007366.0,166094600.0,4854.0
4761,1760002575032106.0,166121844.0,13926.0
4762,1760002575052194.0,166139728.0,4588.0
4763,1760002575068989.0,166157384.0,4392.0
4764,1760002575089311.0,166177264.0,6614.0
4765,1760002575105753.0,166195412.0,4884.0
4766,1760002575126204.0,166213524.0,4860.0
4767,1760002575142501.0,166231568.0,4781.0
4768,1760002575158891.0,166248920.0,4094.0
4769,1760002575179393.0,166267872.0,5696.0
4770,1760002575195813.0,166286016.0,4880.0
4771,1760002575216172.0,166304084.0,4806.0
4772,1760002575232689.0,166322236.0,4886.0
4773,1760002575253072.0,166340296.0,4803.0
4774,1760002575269770.0,166358384.0,4828.0
4775,1760002575285934.0,166376508.0,4860.0
4776,1760002575306455.0,166394592.0,4828.0
4777,1760002575322765.0,166412704.0,4854.0
4778,1760002575343301.0,166430848.0,4881.0
4779,1760002575359782.0,166448964.0,4855.0
4780,1760002575379922.0,166467080.0,4855.0
4781,1760002575396741.0,166485192.0,4854.0
4782,1760002575412892.0,166503236.0,4787.0
4783,1760002575433343.0,166521624.0,5131.0
4784,1760002575449748.0,166540024.0,5142.0
4785,1760002575470322.0,166558088.0,4803.0
4786,1760002575486659.0,166576200.0,4854.0
4787,1760002575507103.0,166594304.0,4853.0
4788,1760002575523488.0,166612496.0,4933.0
4789,1760002575543921.0,166630796.0,5042.0
4790,1760002575560609.0,166648812.0,4760.0
4791,1760002575576705.0,166666772.0,4702.0
4792,1760002575597280.0,166684716.0,4681.0
4793,1760002575613558.0,166702564.0,4591.0
4794,1760002575629916.0,166720384.0,4566.0
4795,1760002575650498.0,166738124.0,4481.0
4796,1760002575666783.0,166755828.0,4451.0
4797,1760002575683153.0,166771152.0,2084.0
4798,1760002575699466.0,166785900.0,1508.0
4799,1760002575711883.0,166800816.0,1672.0
4800,1760002575728322.0,166815776.0,1725.0
4801,1760002575744682.0,166833268.0,4236.0
4802,1760002575761057.0,166847928.0,1417.0
4803,1760002575773315.0,166862520.0,1355.0
4804,1760002575789793.0,166877220.0,1457.0
4805,1760002575802028.0,166892156.0,1704.0
4806,1760002575818334.0,166906728.0,1338.0
4807,1760002575834703.0,166921384.0,1417.0
4808,1760002575851254.0,166938476.0,3844.0
4809,1760002575867578.0,166955436.0,3706.0
4810,1760002575883910.0,166972532.0,3846.0
4811,1760002575900242.0,166989520.0,3731.0
4812,1760002575916671.0,167006460.0,3682.0
4813,1760002575933123.0,167023088.0,3383.0
4814,1760002575953405.0,167039640.0,3301.0
4815,1760002575969864.0,167056184.0,3293.0
4816,1760002575986124.0,167072716.0,3284.0
4817,1760002576002495.0,167089272.0,3304.0
4818,1760002576018849.0,167105800.0,3270.0
4819,1760002576035326.0,167122336.0,3284.0
4820,1760002576051680.0,167138852.0,3267.0
4821,1760002576068272.0,167155384.0,3284.0
4822,1760002576084694.0,167171916.0,3285.0
4823,1760002576101154.0,167188448.0,3284.0
4824,1760002576117576.0,167205044.0,3344.0
4825,1760002576133927.0,167221572.0,3284.0
4826,1760002576150096.0,167238296.0,3473.0
4827,1760002576166401.0,167254884.0,3334.0
4828,1760002576182839.0,167271572.0,3434.0
4829,1760002576199219.0,167288136.0,3317.0
4830,1760002576215666.0,167305044.0,3655.0
4831,1760002576232099.0,167319888.0,1603.0
4832,1760002576248329.0,167334636.0,1507.0
4833,1760002576260721.0,167349564.0,1688.0
4834,1760002576277232.0,167364324.0,1524.0
4835,1760002576293422.0,167379268.0,1703.0
4836,1760002576305762.0,167394068.0,1558.0
4837,1760002576322280.0,167409104.0,1795.0
4838,1760002576338370.0,167424428.0,2084.0
4839,1760002576350812.0,167439364.0,1694.0
4840,1760002576367351.0,167454272.0,1671.0
4841,1760002576383367.0,167469232.0,1718.0
4842,1760002576395883.0,167484192.0,1725.0
4843,1760002576412414.0,167499336.0,1902.0
4844,1760002576428582.0,167514356.0,1780.0
4845,1760002576440884.0,167529392.0,1801.0
4846,1760002576457447.0,167544424.0,1794.0
4847,1760002576473497.0,167559504.0,1840.0
4848,1760002576486037.0,167574760.0,2008.0
4849,1760002576502375.0,167590024.0,2023.0
4850,1760002576518808.0,167605296.0,2023.0
4851,1760002576535038.0,167620536.0,2008.0
4852,1760002576547495.0,167635872.0,2097.0
4853,1760002576564346.0,167651124.0,2008.0
4854,1760002576580483.0,167666528.0,2165.0
4855,1760002576592488.0,167681768.0,1993.0
4856,1760002576608808.0,167697004.0,1993.0
4857,1760002576625448.0,167712252.0,2008.0
4858,1760002576641439.0,167727484.0,1993.0
4859,1760002576653902.0,167742664.0,1932.0
4860,1760002576670220.0,167757776.0,1877.0
4861,1760002576686732.0,167772812.0,1795.0
4862,1760002576698962.0,167787784.0,1734.0
4863,1760002576715325.0,167802744.0,1724.0
4864,1760002576731507.0,167817604.0,1620.0
4865,1760002576743991.0,167832408.0,1576.0
4866,1760002576760317.0,167847188.0,1536.0
4867,1760002576776437.0,167861880.0,1457.0
4868,1760002576789041.0,167876500.0,1389.0
4869,1760002576805432.0,167891072.0,1332.0
4870,1760002576817713.0,167905572.0,1260.0
4871,1760002576834131.0,167920072.0,1267.0
4872,1760002576846703.0,167934484.0,1174.0
4873,1760002576862738.0,167948784.0,1061.0
4874,1760002576875130.0,167963080.0,1061.0
4875,1760002576891474.0,167977304.0,987.0
4876,1760002576903712.0,167991452.0,967.0
4877,1760002576920053.0,168005496.0,871.0
4878,1760002576932393.0,168019608.0,930.0
4879,1760002576944772.0,168033660.0,871.0
4880,1760002576960985.0,168047684.0,831.0
4881,1760002576973515.0,168061568.0,711.0
4882,1760002576989533.0,168075436.0,691.0
4883,1760002577002052.0,168089268.0,651.0
4884,1760002577014366.0,168103064.0,612.0
4885,1760002577030827.0,168116808.0,571.0
4886,1760002577043002.0,168130524.0,538.0
4887,1760002577059115.0,168144180.0,472.0
4888,1760002577071746.0,168157832.0,477.0
4889,1760002577083936.0,168171468.0,459.0
4890,1760002577096201.0,168185088.0,434.0
4891,1760002577112714.0,168198604.0,345.0
4892,1760002577124875.0,168212184.0,402.0
4893,1760002577137114.0,168225740.0,383.0
4894,1760002577153321.0,168239260.0,339.0
4895,1760002577165829.0,168252756.0,320.0
4896,1760002577178093.0,168266204.0,269.0
4897,1760002577194361.0,168279720.0,345.0
4898,1760002577206775.0,168293188.0,288.0
4899,1760002577219178.0,168306668.0,307.0
4900,1760002577235212.0,168320172.0,320.0
4901,1760002577247640.0,168333672.0,320.0
4902,1760002577260125.0,168347172.0,326.0
4903,1760002577272350.0,168360620.0,269.0
4904,1760002577288568.0,168374060.0,269.0
4905,1760002577301004.0,168387508.0,269.0
4906,1760002577313250.0,168401032.0,339.0
4907,1760002577329647.0,168414488.0,282.0
4908,1760002577342170.0,168427952.0,288.0
4909,1760002577354262.0,168441396.0,269.0
4910,1760002577366504.0,168454840.0,269.0
4911,1760002577382898.0,168468320.0,307.0
4912,1760002577395210.0,168481852.0,345.0
4913,1760002577407470.0,168495400.0,376.0
4914,1760002577423913.0,168508976.0,402.0
4915,1760002577436464.0,168522552.0,402.0
4916,1760002577448538.0,168536184.0,453.0
4917,1760002577464700.0,168549792.0,433.0
4918,1760002577477389.0,168563448.0,478.0
4919,1760002577489409.0,168577124.0,491.0
4920,1760002577505797.0,168590892.0,591.0
4921,1760002577518134.0,168604732.0,658.0
4922,1760002577530483.0,168618624.0,712.0
4923,1760002577546882.0,168632580.0,771.0
4924,1760002577559054.0,168646636.0,877.0
4925,1760002577575477.0,168660748.0,930.0
4926,1760002577587712.0,168674896.0,968.0
4927,1760002577603942.0,168689140.0,1061.0
4928,1760002577616402.0,168703584.0,1211.0
4929,1760002577632859.0,168718144.0,1321.0
4930,1760002577645112.0,168732768.0,1383.0
4931,1760002577661653.0,168747504.0,1502.0
4932,1760002577677831.0,168762408.0,1661.0
4933,1760002577690129.0,168777452.0,1810.0
4934,1760002577706466.0,168792640.0,1947.0
4935,1760002577722931.0,168807964.0,2084.0
4936,1760002577739197.0,168823356.0,2152.0
4937,1760002577751536.0,168838924.0,2327.0
4938,1760002577767905.0,168854640.0,2469.0
4939,1760002577784294.0,168870532.0,2646.0
4940,1760002577800898.0,168886540.0,2763.0
4941,1760002577817212.0,168902724.0,2938.0
4942,1760002577833421.0,168919052.0,3078.0
4943,1760002577849864.0,168935524.0,3222.0
4944,1760002577866446.0,168952128.0,3360.0
4945,1760002577882615.0,168968888.0,3507.0
4946,1760002577898972.0,168985784.0,3641.0
4947,1760002577915325.0,169002832.0,3804.0
4948,1760002577935836.0,169020004.0,3921.0
4949,1760002577952359.0,169037332.0,4074.0
4950,1760002577968610.0,169054764.0,4179.0
4951,1760002577985014.0,169072292.0,4278.0
4952,1760002578005308.0,169089944.0,4394.0
4953,1760002578021900.0,169107728.0,4524.0
4954,1760002578038219.0,169125620.0,4640.0
4955,1760002578058848.0,169143584.0,4701.0
4956,1760002578075141.0,169161620.0,4785.0
4957,1760002578095653.0,169179704.0,4826.0
4958,1760002578111961.0,169197900.0,4936.0
4959,1760002578132324.0,169216076.0,4906.0
4960,1760002578148722.0,169234180.0,4853.0
4961,1760002578165105.0,169252500.0,5063.0
4962,1760002578185866.0,169270688.0,4932.0
4963,1760002578202144.0,169289012.0,5068.0
4964,1760002578222609.0,169307096.0,4833.0
4965,1760002578238982.0,169325264.0,4906.0
4966,1760002578259471.0,169343376.0,4853.0
4967,1760002578275792.0,169361416.0,4781.0
4968,1760002578296230.0,169379612.0,4941.0
4969,1760002578312771.0,169397616.0,4748.0
4970,1760002578329060.0,169415528.0,4654.0
4971,1760002578349513.0,169433404.0,4616.0
4972,1760002578366091.0,169451068.0,4412.0
4973,1760002578382264.0,169468512.0,4192.0
4974,1760002578402722.0,169486136.0,4372.0
4975,1760002578419153.0,169503532.0,4146.0
4976,1760002578435619.0,169520636.0,3846.0
4977,1760002578451959.0,169537728.0,3838.0
4978,1760002578468258.0,169554844.0,3869.0
4979,1760002578484644.0,169571796.0,3698.0
4980,1760002578505132.0,169588652.0,3605.0
4981,1760002578521504.0,169605332.0,3427.0
4982,1760002578537883.0,169621944.0,3366.0
4983,1760002578554348.0,169638464.0,3275.0
4984,1760002578570679.0,169654072.0,2367.0
4985,1760002578587044.0,169670416.0,3098.0
4986,1760002578603433.0,169686640.0,2978.0
4987,1760002578619750.0,169702776.0,2888.0
4988,1760002578632162.0,169718880.0,2857.0
4989,1760002578648479.0,169734900.0,2775.0
4990,1760002578664852.0,169750796.0,2646.0
4991,1760002578681237.0,169766644.0,2605.0
4992,1760002578697800.0,169782392.0,2505.0
4993,1760002578713872.0,169798024.0,2388.0
4994,1760002578730393.0,169813620.0,2353.0
4995,1760002578742737.0,169829136.0,2272.0
4996,1760002578759101.0,169844596.0,2218.0
4997,1760002578775723.0,169860028.0,2191.0
4998,1760002578791941.0,169875468.0,2192.0
4999,1760002578804140.0,169890796.0,2098.0
5000,1760002578820500.0,169906124.0,2084.0
5001,1760002578836911.0,169921420.0,2054.0
5002,1760002578853347.0,169936684.0,2024.0
5003,1760002578865567.0,169951900.0,1977.0
5004,1760002578881930.0,169967076.0,1932.0
5005,1760002578898309.0,169982232.0,1917.0
5006,1760002578914472.0,169997408.0,1932.0
5007,1760002578927053.0,170012556.0,1916.0
5008,1760002578943578.0,170027680.0,1886.0
5009,1760002578959796.0,170042824.0,1901.0
5010,1760002578972106.0,170057936.0,1871.0
5011,1760002578988415.0,170073064.0,1892.0
5012,1760002579004671.0,170088160.0,1856.0
5013,1760002579017094.0,170103304.0,1901.0
5014,1760002579033508.0,170118416.0,1871.0
5015,1760002579049973.0,170133496.0,1847.0
5016,1760002579062181.0,170148576.0,1840.0
5017,1760002579078561.0,170163656.0,1840.0
5018,1760002579095089.0,170178784.0,1886.0
5019,1760002579111288.0,170193912.0,1892.0
5020,1760002579123624.0,170209008.0,1855.0
5021,1760002579139930.0,170224108.0,1855.0
5022,1760002579156051.0,170239176.0,1825.0
5023,1760002579168594.0,170254292.0,1877.0
5024,1760002579185243.0,170269372.0,1840.0
5025,1760002579201414.0,170284420.0,1809.0
5026,1760002579213721.0,170299456.0,1794.0
5027,1760002579230223.0,170314504.0,1810.0
5028,1760002579246534.0,170329496.0,1749.0
5029,1760002579258810.0,170344508.0,1770.0
5030,1760002579275164.0,170359492.0,1749.0
5031,1760002579291624.0,170374472.0,1734.0
5032,1760002579303825.0,170389468.0,1755.0
5033,1760002579320257.0,170404404.0,1688.0
5034,1760002579336464.0,170419344.0,1704.0
5035,1760002579348914.0,170434276.0,1693.0
5036,1760002579365430.0,170449216.0,1703.0
5037,1760002579381578.0,170464172.0,1725.0
5038,1760002579393947.0,170479068.0,1654.0
5039,1760002579410317.0,170493984.0,1678.0
5040,1760002579426582.0,170508856.0,1638.0
5041,1760002579438995.0,170523748.0,1655.0
5042,1760002579455435.0,170538600.0,1621.0
5043,1760002579467637.0,170553480.0,1638.0
5044,1760002579483987.0,170568356.0,1637.0
5045,1760002579500418.0,170583200.0,1603.0
5046,1760002579512664.0,170598148.0,1710.0
5047,1760002579529364.0,170613008.0,1621.0
5048,1760002579545483.0,170627832.0,1592.0
5049,1760002579557743.0,170642732.0,1655.0
5050,1760002579574331.0,170657672.0,1710.0
5051,1760002579590460.0,170672480.0,1569.0
5052,1760002579602806.0,170687308.0,1593.0
5053,1760002579619281.0,170702152.0,1604.0
5054,1760002579631497.0,170717004.0,1609.0
5055,1760002579647819.0,170731816.0,1569.0
5056,1760002579664123.0,170746744.0,1694.0
5057,1760002579676540.0,170761520.0,1536.0
5058,1760002579693062.0,170776296.0,1542.0
5059,1760002579709251.0,170791076.0,1536.0
5060,1760002579721601.0,170805936.0,1626.0
5061,1760002579738060.0,170820748.0,1570.0
5062,1760002579750289.0,170835504.0,1518.0
5063,1760002579766811.0,170850264.0,1525.0
5064,1760002579782830.0,170865024.0,1519.0
5065,1760002579795348.0,170879784.0,1525.0
5066,1760002579811784.0,170894560.0,1536.0
5067,1760002579823983.0,170909336.0,1542.0
5068,1760002579840325.0,170924132.0,1552.0
5069,1760002579856741.0,170938852.0,1484.0
5070,1760002579868992.0,170953560.0,1474.0
5071,1760002579885487.0,170968220.0,1416.0
5072,1760002579897711.0,170982880.0,1423.0
5073,1760002579914388.0,170997488.0,1372.0
5074,1760002579930388.0,171012104.0,1372.0
5075,1760002579942790.0,171026704.0,1366.0
5076,1760002579959155.0,171041224.0,1285.0
5077,1760002579971430.0,171055764.0,1304.0
5078,1760002579987686.0,171070264.0,1267.0
5079,1760002580000192.0,171084708.0,1211.0
5080,1760002580016439.0,171099116.0,1173.0
5081,1760002580028854.0,171113492.0,1136.0
5082,1760002580045102.0,171127828.0,1099.0
5083,1760002580057532.0,171142140.0,1080.0
5084,1760002580073750.0,171156380.0,1005.0
5085,1760002580086176.0,171170600.0,986.0
5086,1760002580102531.0,171184772.0,986.0
5087,1760002580114778.0,171198868.0,911.0
5088,1760002580131074.0,171212880.0,831.0
5089,1760002580143424.0,171226864.0,811.0
5090,1760002580155702.0,171240860.0,811.0
5091,1760002580172186.0,171254732.0,697.0
5092,1760002580184385.0,171268564.0,651.0
5093,1760002580200754.0,171282340.0,598.0
5094,1760002580213308.0,171296096.0,572.0
5095,1760002580225359.0,171309832.0,558.0
5096,1760002580241578.0,171323544.0,531.0
5097,1760002580254115.0,171337156.0,433.0
5098,1760002580266310.0,171350732.0,402.0
5099,1760002580282486.0,171364256.0,345.0
5100,1760002580295236.0,171377704.0,269.0
5101,1760002580307328.0,171391200.0,320.0
5102,1760002580319549.0,171404628.0,250.0
5103,1760002580335985.0,171418068.0,269.0
5104,1760002580348210.0,171431516.0,269.0
5105,1760002580360483.0,171444960.0,269.0
5106,1760002580376873.0,171458408.0,269.0
5107,1760002580389316.0,171471856.0,269.0
5108,1760002580401467.0,171485304.0,263.0
5109,1760002580413809.0,171498720.0,244.0
5110,1760002580430299.0,171512140.0,250.0
5111,1760002580442472.0,171525604.0,288.0
5112,1760002580454689.0,171539088.0,307.0
5113,1760002580470925.0,171552592.0,326.0
5114,1760002580483527.0,171566148.0,376.0
5115,1760002580495670.0,171579740.0,415.0
5116,1760002580512109.0,171593376.0,459.0
5117,1760002580524399.0,171607056.0,497.0
5118,1760002580536654.0,171620724.0,490.0
5119,1760002580553014.0,171634504.0,597.0
5120,1760002580565271.0,171648340.0,651.0
5121,1760002580577529.0,171662208.0,697.0
5122,1760002580594157.0,171676200.0,811.0
5123,1760002580606369.0,171690272.0,891.0
5124,1760002580622714.0,171704424.0,968.0
5125,1760002580634939.0,171718604.0,1005.0
5126,1760002580651402.0,171732960.0,1117.0
5127,1760002580663618.0,171747392.0,1191.0
5128,1760002580680152.0,171761944.0,1315.0
5129,1760002580692310.0,171776636.0,1457.0
5130,1760002580708609.0,171791480.0,1604.0
5131,1760002580725104.0,171806488.0,1765.0
5132,1760002580737317.0,171821616.0,1887.0
5133,1760002580753678.0,171836952.0,2097.0
5134,1760002580770352.0,171852444.0,2246.0
5135,1760002580786781.0,171868120.0,2434.0
5136,1760002580803019.0,171883924.0,2553.0
5137,1760002580819294.0,171899952.0,2781.0
5138,1760002580835539.0,171916116.0,2919.0
5139,1760002580851703.0,171932480.0,3118.0
5140,1760002580868337.0,171949020.0,3292.0
5141,1760002580884736.0,171965776.0,3500.0
5142,1760002580901297.0,171982740.0,3713.0
5143,1760002580917759.0,171999912.0,3913.0
5144,1760002580933925.0,172017288.0,4121.0
5145,1760002580954250.0,172034848.0,4300.0
5146,1760002580970972.0,172052584.0,4483.0
5147,1760002580987189.0,172070480.0,4640.0
5148,1760002581007638.0,172088560.0,4822.0
5149,1760002581024012.0,172106616.0,4803.0
5150,1760002581044411.0,172124672.0,4797.0
5151,1760002581061059.0,172142704.0,4770.0
5152,1760002581077275.0,172160712.0,4745.0
5153,1760002581097743.0,172178820.0,4849.0
5154,1760002581114159.0,172196848.0,4776.0
5155,1760002581134380.0,172214860.0,4749.0
5156,1760002581150888.0,172232912.0,4797.0
5157,1760002581167294.0,172250944.0,4776.0
5158,1760002581187951.0,172269076.0,4875.0
5159,1760002581204261.0,172287136.0,4796.0
5160,1760002581224695.0,172305216.0,4828.0
5161,1760002581241474.0,172323176.0,4697.0
5162,1760002581257504.0,172341156.0,4729.0
5163,1760002581278088.0,172359188.0,4769.0
5164,1760002581294491.0,172377220.0,4770.0
5165,1760002581314641.0,172395280.0,4796.0
5166,1760002581331182.0,172413340.0,4796.0
5167,1760002581347629.0,172431380.0,4776.0
5168,1760002581368230.0,172449460.0,4823.0
5169,1760002581384458.0,172467488.0,4770.0
5170,1760002581404951.0,172485500.0,4755.0
5171,1760002581421397.0,172503528.0,4769.0
5172,1760002581441712.0,172521660.0,4874.0
5173,1760002581458378.0,172539712.0,4801.0
5174,1760002581474565.0,172557772.0,4796.0
5175,1760002581495133.0,172575856.0,4822.0
5176,1760002581515490.0,172595844.0,6717.0
5177,1760002581531917.0,172613896.0,4795.0
5178,1760002581552279.0,172631956.0,4801.0
5179,1760002581568740.0,172652084.0,6858.0
5180,1760002581589190.0,172672184.0,6832.0
5181,1760002581609670.0,172692268.0,6817.0
5182,1760002581630251.0,172710252.0,4723.0
5183,1760002581646604.0,172728340.0,4828.0
5184,1760002581667264.0,172748340.0,6739.0
5185,1760002581683464.0,172766372.0,4770.0
5186,1760002581703864.0,172784508.0,4879.0
5187,1760002581720289.0,172802588.0,4822.0
5188,1760002581740904.0,172822624.0,6764.0
5189,1760002581761526.0,172842676.0,6790.0
5190,1760002581777630.0,172860680.0,4748.0
5191,1760002581798124.0,172880764.0,6817.0
5192,1760002581818634.0,172898824.0,4796.0
5193,1760002581839068.0,172918860.0,6763.0
5194,1760002581855439.0,172936964.0,4848.0
5195,1760002581876348.0,172956972.0,6738.0
5196,1760002581892318.0,172975028.0,4802.0
5197,1760002581912742.0,172995152.0,6853.0
5198,1760002581933256.0,173015268.0,6848.0
5199,1760002581953599.0,173033296.0,4775.0
5200,1760002581974192.0,173053384.0,6817.0
5201,1760002581990839.0,173071392.0,4749.0
5202,1760002582011244.0,173091452.0,6796.0
5203,1760002582031537.0,173111464.0,6739.0
5204,1760002582048016.0,173129492.0,4776.0
5205,1760002582068447.0,173149380.0,6618.0
5206,1760002582084774.0,173167484.0,4854.0
5207,1760002582105406.0,173185592.0,4847.0
5208,1760002582121687.0,173203676.0,4822.0
5209,1760002582142103.0,173223132.0,6190.0
5210,1760002582158681.0,173241188.0,4802.0
5211,1760002582179001.0,173260356.0,5901.0
5212,1760002582199553.0,173279344.0,5718.0
5213,1760002582215784.0,173298104.0,5493.0
5214,1760002582236476.0,173316656.0,5293.0
5215,1760002582252724.0,173334984.0,5068.0
5216,1760002582273290.0,173353108.0,4864.0
5217,1760002582289654.0,173370988.0,4624.0
5218,1760002582305950.0,173388596.0,4352.0
5219,1760002582326243.0,173405948.0,4095.0
5220,1760002582343030.0,173423036.0,3830.0
5221,1760002582359476.0,173439872.0,3589.0
5222,1760002582375621.0,173456448.0,3317.0
5223,1760002582391950.0,173472756.0,3068.0
5224,1760002582408555.0,173488768.0,2764.0
5225,1760002582424886.0,173504564.0,2547.0
5226,1760002582440982.0,173520060.0,2253.0
5227,1760002582453402.0,173535240.0,1938.0
5228,1760002582470004.0,173550180.0,1703.0
5229,1760002582486196.0,173564824.0,1406.0
5230,1760002582498512.0,173579216.0,1155.0
5231,1760002582514561.0,173593440.0,986.0
5232,1760002582527408.0,173607236.0,611.0
5233,1760002582539447.0,173620796.0,383.0
5234,1760002582555710.0,173634320.0,345.0
5235,1760002582568074.0,173647936.0,433.0
5236,1760002582580366.0,173661628.0,512.0
5237,1760002582596735.0,173675384.0,577.0
5238,1760002582609478.0,173689156.0,592.0
5239,1760002582621372.0,173703008.0,677.0
5240,1760002582637591.0,173716884.0,691.0
5241,1760002582650005.0,173730756.0,698.0
5242,1760002582662269.0,173744672.0,731.0
5243,1760002582678862.0,173758604.0,751.0
5244,1760002582691009.0,173772476.0,691.0
5245,1760002582715509.0,173794288.0,8588.0
5246,1760002582731962.0,173812836.0,5278.0
5247,1760002582748321.0,173829276.0,3192.0
5248,1760002582768817.0,173847728.0,5188.0
5249,1760002582781273.0,173861228.0,269.0
5250,1760002582793540.0,173874960.0,558.0
5251,1760002582809886.0,173888412.0,269.0
5252,1760002582822215.0,173901948.0,358.0
5253,1760002582834365.0,173915372.0,244.0
5254,1760002582846650.0,173928752.0,212.0
5255,1760002582863038.0,173942104.0,174.0
5256,1760002582875615.0,173955448.0,174.0
5257,1760002582887556.0,173968876.0,250.0
5258,1760002582903931.0,173982316.0,269.0
5259,1760002582916457.0,173995824.0,326.0
5260,1760002582928558.0,174009460.0,453.0
5261,1760002582944866.0,174023172.0,532.0
5262,1760002582957438.0,174036948.0,598.0
5263,1760002582981750.0,174060532.0,10347.0
5264,1760002583002062.0,174080636.0,6791.0
5265,1760002583018709.0,174098612.0,4721.0
5266,1760002583035027.0,174116696.0,4828.0
5267,1760002583055620.0,174134828.0,4874.0
5268,1760002583071866.0,174152860.0,4774.0
5269,1760002583092122.0,174170992.0,4879.0
5270,1760002583108704.0,174189072.0,4822.0
5271,1760002583129356.0,174208404.0,6068.0
5272,1760002583145601.0,174226412.0,4754.0
5273,1760002583165823.0,174244492.0,4822.0
5274,1760002583182419.0,174262652.0,4900.0
5275,1760002583202910.0,174280740.0,4828.0
5276,1760002583219400.0,174298772.0,4774.0
5277,1760002583235752.0,174316852.0,4822.0
5278,1760002583256301.0,174334932.0,4828.0
5279,1760002583272563.0,174353012.0,4822.0
5280,1760002583293060.0,174371116.0,4848.0
5281,1760002583309612.0,174389200.0,4828.0
5282,1760002583325810.0,174407264.0,4801.0
5283,1760002583346417.0,174425320.0,4797.0
5284,1760002583362669.0,174443408.0,4828.0
5285,1760002583383148.0,174461488.0,4822.0
5286,1760002583399517.0,174479600.0,4848.0
5287,1760002583419968.0,174497708.0,4855.0
5288,1760002583436727.0,174515788.0,4822.0
5289,1760002583452969.0,174533872.0,4827.0
5290,1760002583473411.0,174551956.0,4833.0
5291,1760002583489652.0,174570048.0,4827.0
5292,1760002583510121.0,174587888.0,4587.0
5293,1760002583526743.0,174605604.0,4454.0
5294,1760002583542918.0,174623436.0,4582.0
5295,1760002583563442.0,174640892.0,4199.0
5296,1760002583580085.0,174658392.0,4246.0
5297,1760002583596210.0,174675656.0,4011.0
5298,1760002583612582.0,174692880.0,3970.0
5299,1760002583632787.0,174710480.0,4345.0
5300,1760002583649234.0,174727512.0,3780.0
5301,1760002583665785.0,174744600.0,3828.0
5302,1760002583682191.0,174761524.0,3674.0
5303,1760002583698555.0,174778384.0,3606.0
5304,1760002583714943.0,174795184.0,3558.0
5305,1760002583731269.0,174811984.0,3546.0
5306,1760002583747774.0,174828688.0,3451.0
5307,1760002583768109.0,174845372.0,3432.0
5308,1760002583784483.0,174862052.0,3433.0
5309,1760002583800905.0,174878736.0,3433.0
5310,1760002583817372.0,174895420.0,3435.0
5311,1760002583833680.0,174912068.0,3400.0
5312,1760002583850206.0,174928756.0,3441.0
5313,1760002583866724.0,174945436.0,3427.0
5314,1760002583882844.0,174962080.0,3399.0
5315,1760002583899181.0,174978724.0,3391.0
5316,1760002583915550.0,174995440.0,3466.0
5317,1760002583932017.0,175012068.0,3377.0
5318,1760002583948339.0,175028728.0,3408.0
5319,1760002583964721.0,175045528.0,3556.0
5320,1760002583985244.0,175062860.0,4073.0
5321,1760002584001522.0,175079604.0,3492.0
5322,1760002584018008.0,175096324.0,3474.0
5323,1760002584034558.0,175113076.0,3499.0
5324,1760002584050834.0,175129848.0,3517.0
5325,1760002584067125.0,175146800.0,3705.0
5326,1760002584083495.0,175163908.0,3855.0
5327,1760002584103933.0,175180676.0,3515.0
5328,1760002584120363.0,175197344.0,3410.0
5329,1760002584136833.0,175214016.0,3424.0
5330,1760002584152942.0,175230792.0,3531.0
5331,1760002584169343.0,175247452.0,3401.0
5332,1760002584186330.0,175264104.0,3410.0
5333,1760002584202411.0,175280828.0,3474.0
5334,1760002584218729.0,175297500.0,3424.0
5335,1760002584235033.0,175314184.0,3427.0
5336,1760002584251406.0,175330900.0,3465.0
5337,1760002584267909.0,175347648.0,3499.0
5338,1760002584284202.0,175364372.0,3468.0
5339,1760002584300557.0,175381076.0,3457.0
5340,1760002584317215.0,175395260.0,949.0
5341,1760002584329260.0,175409372.0,930.0
5342,1760002584345779.0,175423512.0,955.0
5343,1760002584357954.0,175437484.0,791.0
5344,1760002584374313.0,175451500.0,831.0
5345,1760002584386601.0,175465392.0,717.0
5346,1760002584398858.0,175479348.0,771.0
5347,1760002584415409.0,175493264.0,731.0
5348,1760002584427569.0,175507128.0,691.0
5349,1760002584444031.0,175521048.0,731.0
5350,1760002584456269.0,175534824.0,598.0
5351,1760002584468542.0,175548636.0,631.0
5352,1760002584484974.0,175562432.0,617.0
5353,1760002584497300.0,175576208.0,592.0
5354,1760002584513582.0,175589916.0,531.0
5355,1760002584526250.0,175603652.0,557.0
5356,1760002584538151.0,175617324.0,491.0
5357,1760002584554468.0,175630940.0,440.0
5358,1760002584567009.0,175644540.0,420.0
5359,1760002584579141.0,175658064.0,339.0
5360,1760002584591540.0,175671616.0,376.0
5361,1760002584607890.0,175685156.0,364.0
5362,1760002584620074.0,175698660.0,326.0
5363,1760002584632341.0,175712200.0,364.0
5364,1760002584648733.0,175725648.0,263.0
5365,1760002584661253.0,175739124.0,301.0
5366,1760002584673290.0,175752588.0,288.0
5367,1760002584689654.0,175766020.0,250.0
5368,1760002584702058.0,175779464.0,269.0
5369,1760002584714308.0,175792912.0,269.0
5370,1760002584726508.0,175806356.0,269.0
5371,1760002584742993.0,175819808.0,269.0
5372,1760002584755249.0,175833252.0,263.0
5373,1760002584767544.0,175846696.0,263.0
5374,1760002584783698.0,175860140.0,269.0
5375,1760002584796544.0,175873584.0,269.0
5376,1760002584808499.0,175887032.0,269.0
5377,1760002584820743.0,175900480.0,269.0
5378,1760002584837172.0,175913904.0,250.0
5379,1760002584849443.0,175927336.0,250.0
5380,1760002584861859.0,175940796.0,282.0
5381,1760002584878083.0,175954244.0,263.0
5382,1760002584890511.0,175967768.0,345.0
5383,1760002584902678.0,175981288.0,344.0
5384,1760002584914927.0,175994812.0,345.0
5385,1760002584931237.0,176008436.0,433.0
5386,1760002584943653.0,176022144.0,537.0
5387,1760002584959951.0,176035868.0,538.0
5388,1760002584972566.0,176049632.0,591.0
5389,1760002584984567.0,176063448.0,637.0
5390,1760002585001021.0,176077360.0,731.0
5391,1760002585013289.0,176091352.0,811.0
5392,1760002585029570.0,176105408.0,877.0
5393,1760002585042206.0,176119560.0,967.0
5394,1760002585054229.0,176133804.0,1061.0
5395,1760002585070870.0,176148172.0,1136.0
5396,1760002585086932.0,176162648.0,1248.0
5397,1760002585099285.0,176177304.0,1417.0
5398,1760002585115704.0,176192044.0,1508.0
5399,1760002585127954.0,176206956.0,1671.0
5400,1760002585144241.0,176222024.0,1825.0
5401,1760002585160510.0,176237272.0,2007.0
5402,1760002585177119.0,176252704.0,2192.0
5403,1760002585189373.0,176268228.0,2286.0
5404,1760002585205771.0,176283944.0,2468.0
5405,1760002585222113.0,176299836.0,2651.0
5406,1760002585238740.0,176315928.0,2845.0
5407,1760002585255026.0,176332144.0,2968.0
5408,1760002585271332.0,176348524.0,3128.0
5409,1760002585287869.0,176365056.0,3285.0
5410,1760002585304076.0,176381760.0,3458.0
5411,1760002585320398.0,176398652.0,3641.0
5412,1760002585337105.0,176415712.0,3804.0
5413,1760002585357418.0,176432916.0,3946.0
5414,1760002585373826.0,176450256.0,4089.0
5415,1760002585390138.0,176467732.0,4220.0
5416,1760002585406444.0,176485336.0,4351.0
5417,1760002585427006.0,176503060.0,4464.0
5418,1760002585443310.0,176520900.0,4587.0
5419,1760002585463705.0,176538852.0,4690.0
5420,1760002585480388.0,176556996.0,4889.0
5421,1760002585496560.0,176575052.0,4795.0
5422,1760002585517079.0,176593036.0,4721.0
5423,1760002585533431.0,176610996.0,4699.0
5424,1760002585553980.0,176629072.0,4821.0
5425,1760002585570517.0,176647108.0,4775.0
5426,1760002585586686.0,176665188.0,4822.0
5427,1760002585607183.0,176683196.0,4747.0
5428,1760002585623516.0,176701156.0,4702.0
5429,1760002585643965.0,176719140.0,4722.0
5430,1760002585660609.0,176737100.0,4702.0
5431,1760002585676756.0,176755152.0,4795.0
5432,1760002585697371.0,176773184.0,4769.0
5433,1760002585713637.0,176791412.0,4974.0
5434,1760002585734017.0,176809464.0,4795.0
5435,1760002585750519.0,176827520.0,4795.0
5436,1760002585766844.0,176845576.0,4795.0
5437,1760002585787519.0,176863608.0,4769.0
5438,1760002585803716.0,176881640.0,4775.0
5439,1760002585824490.0,176899672.0,4769.0
5440,1760002585840597.0,176917800.0,4873.0
5441,1760002585860996.0,176935832.0,4779.0
5442,1760002585877643.0,176953840.0,4748.0
5443,1760002585893869.0,176971896.0,4799.0
5444,1760002585914391.0,176989880.0,4720.0
5445,1760002585930742.0,177007912.0,4774.0
5446,1760002585951120.0,177025920.0,4749.0
5447,1760002585967682.0,177044000.0,4822.0
5448,1760002585983951.0,177062056.0,4796.0
5449,1760002586004322.0,177080108.0,4802.0
5450,1760002586020807.0,177098116.0,4746.0
5451,1760002586041019.0,177116100.0,4726.0
5452,1760002586057668.0,177134180.0,4821.0
5453,1760002586074107.0,177152236.0,4794.0
5454,1760002586094518.0,177170292.0,4802.0
5455,1760002586110902.0,177188324.0,4770.0
5456,1760002586131218.0,177206404.0,4821.0
5457,1760002586147743.0,177224432.0,4769.0
5458,1760002586167976.0,177242512.0,4821.0
5459,1760002586184812.0,177260572.0,4801.0
5460,1760002586201006.0,177278668.0,4847.0
5461,1760002586221356.0,177296700.0,4770.0
5462,1760002586237874.0,177314804.0,4854.0
5463,1760002586258383.0,177332864.0,4795.0
5464,1760002586275002.0,177350920.0,4796.0
5465,1760002586291178.0,177368980.0,4801.0
5466,1760002586311773.0,177387088.0,4847.0
5467,1760002586327984.0,177405220.0,4874.0
5468,1760002586348377.0,177423300.0,4827.0
5469,1760002586364823.0,177441384.0,4822.0
5470,1760002586385104.0,177459464.0,4821.0
5471,1760002586401916.0,177477568.0,4854.0
5472,1760002586418081.0,177495600.0,4769.0
5473,1760002586438645.0,177513660.0,4795.0
5474,1760002586454932.0,177531712.0,4801.0
5475,1760002586475401.0,177549744.0,4769.0
5476,1760002586491804.0,177567784.0,4776.0
5477,1760002586508249.0,177585856.0,4821.0
5478,1760002586528816.0,177603888.0,4769.0
5479,1760002586545060.0,177621968.0,4827.0
5480,1760002586565521.0,177639996.0,4769.0
5481,1760002586581871.0,177658056.0,4795.0
5482,1760002586598406.0,177676116.0,4802.0
5483,1760002586618961.0,177694168.0,4796.0
5484,1760002586635163.0,177712100.0,4676.0
5485,1760002586655636.0,177729844.0,4481.0
5486,1760002586672171.0,177747336.0,4241.0
5487,1760002586688418.0,177764604.0,4011.0
5488,1760002586704742.0,177781628.0,3778.0
5489,1760002586721145.0,177798404.0,3525.0
5490,1760002586737824.0,177814936.0,3284.0
5491,1760002586753928.0,177831232.0,3048.0
5492,1760002586770297.0,177847272.0,2793.0
5493,1760002586786696.0,177863072.0,2552.0
5494,1760002586803291.0,177878600.0,2286.0
5495,1760002586819550.0,177893868.0,2023.0
5496,1760002586831741.0,177908864.0,1749.0
5497,1760002586848249.0,177923588.0,1485.0
5498,1760002586864354.0,177938012.0,1192.0
5499,1760002586877089.0,177952252.0,1005.0
5500,1760002586889104.0,177966196.0,711.0
5501,1760002586905271.0,177979824.0,452.0
5502,1760002586917809.0,177993308.0,307.0
5503,1760002586930268.0,178006832.0,345.0
5504,1760002586946229.0,178020488.0,472.0
5505,1760002586958708.0,178034176.0,511.0
5506,1760002586971058.0,178047928.0,577.0
5507,1760002586987217.0,178061688.0,571.0
5508,1760002586999723.0,178075528.0,657.0
5509,1760002587015759.0,178089504.0,791.0
5510,1760002587032178.0,178105988.0,3292.0
5511,1760002587048593.0,178122504.0,3267.0
5512,1760002587065215.0,178140328.0,4560.0
5513,1760002587081670.0,178158308.0,4723.0
5514,1760002587101906.0,178175996.0,4430.0
5515,1760002587118540.0,178193872.0,4607.0
5516,1760002587134904.0,178211720.0,4598.0
5517,1760002587151092.0,178225492.0,532.0
5518,1760002587163507.0,178239012.0,345.0
5519,1760002587179557.0,178253168.0,967.0
5520,1760002587196239.0,178271148.0,4777.0
5521,1760002587212713.0,178289116.0,4711.0
5522,1760002587233172.0,178306880.0,4508.0
5523,1760002587249621.0,178324092.0,3961.0
5524,1760002587265938.0,178341804.0,4455.0
5525,1760002587286363.0,178359752.0,4690.0
5526,1760002587302753.0,178377856.0,4843.0
5527,1760002587319446.0,178395836.0,4716.0
5528,1760002587339761.0,178413844.0,4743.0
5529,1760002587356013.0,178431848.0,4750.0
5530,1760002587376482.0,178449852.0,4743.0
5531,1760002587392872.0,178467864.0,4749.0
5532,1760002587409227.0,178485864.0,4743.0
5533,1760002587429865.0,178503884.0,4764.0
5534,1760002587446166.0,178521960.0,4822.0
5535,1760002587466408.0,178539984.0,4768.0
5536,1760002587483029.0,178558060.0,4816.0
5537,1760002587499320.0,178576084.0,4764.0
5538,1760002587520011.0,178594064.0,4717.0
5539,1760002587536218.0,178612068.0,4749.0
5540,1760002587556723.0,178630092.0,4765.0
5541,1760002587573291.0,178647704.0,4356.0
5542,1760002587589467.0,178665604.0,4642.0
5543,1760002587610000.0,178683608.0,4744.0
5544,1760002587626337.0,178701188.0,4330.0
5545,1760002587642674.0,178719116.0,4665.0
5546,1760002587663351.0,178736728.0,4356.0
5547,1760002587679587.0,178754608.0,4624.0
5548,1760002587696260.0,178772264.0,4398.0
5549,1760002587716359.0,178790164.0,4649.0
5550,1760002587732805.0,178808168.0,4743.0
5551,1760002587753285.0,178826196.0,4776.0
5552,1760002587769891.0,178844176.0,4716.0
5553,1760002587786112.0,178862224.0,4789.0
5554,1760002587806383.0,178880252.0,4772.0
5555,1760002587822887.0,178898280.0,4769.0
5556,1760002587843434.0,178916284.0,4750.0
5557,1760002587859825.0,178934316.0,4769.0
5558,1760002587876121.0,178952320.0,4742.0
5559,1760002587896739.0,178969932.0,4346.0
5560,1760002587913048.0,178987836.0,4646.0
5561,1760002587929369.0,179005504.0,4403.0
5562,1760002587949904.0,179023452.0,4692.0
5563,1760002587966263.0,179041012.0,4304.0
5564,1760002587986497.0,179058916.0,4644.0
5565,1760002588003041.0,179076652.0,4477.0
5566,1760002588019562.0,179094536.0,4623.0
5567,1760002588039909.0,179112220.0,4424.0
5568,1760002588052287.0,179127428.0,1962.0
5569,1760002588068893.0,179142576.0,1901.0
5570,1760002588085046.0,179160108.0,4272.0
5571,1760002588101541.0,179174848.0,1502.0
5572,1760002588113682.0,179189440.0,1355.0
5573,1760002588134130.0,179206584.0,3888.0
5574,1760002588146458.0,179221144.0,1321.0
5575,1760002588162613.0,179235692.0,1321.0
5576,1760002588175079.0,179250100.0,1173.0
5577,1760002588191647.0,179264640.0,1298.0
5578,1760002588203814.0,179279080.0,1205.0
5579,1760002588220343.0,179293564.0,1248.0
5580,1760002588232450.0,179308136.0,1338.0
5581,1760002588248994.0,179322488.0,1117.0
5582,1760002588261127.0,179336916.0,1192.0
5583,1760002588277775.0,179351488.0,1338.0
5584,1760002588293687.0,179365924.0,1192.0
5585,1760002588306272.0,179380272.0,1117.0
5586,1760002588322552.0,179394676.0,1167.0
5587,1760002588338885.0,179410800.0,2879.0
5588,1760002588351269.0,179426936.0,2888.0
5589,1760002588367857.0,179441308.0,1136.0
5590,1760002588379942.0,179455584.0,1042.0
5591,1760002588396539.0,179469920.0,1098.0
5592,1760002588408640.0,179484216.0,1061.0
5593,1760002588425189.0,179498552.0,1099.0
5594,1760002588437234.0,179512776.0,986.0
5595,1760002588453705.0,179528764.0,2793.0
5596,1760002588469998.0,179544736.0,2728.0
5597,1760002588486384.0,179560756.0,2775.0
5598,1760002588502775.0,179576700.0,2699.0
5599,1760002588519120.0,179590920.0,986.0
5600,1760002588531490.0,179605280.0,1174.0
5601,1760002588547794.0,179619648.0,1136.0
5602,1760002588560292.0,179633904.0,1023.0
5603,1760002588576474.0,179648184.0,1043.0
5604,1760002588588834.0,179662460.0,1042.0
5605,1760002588605410.0,179678724.0,3018.0
5606,1760002588621599.0,179694928.0,2958.0
5607,1760002588637947.0,179710508.0,2326.0
5608,1760002588650287.0,179725080.0,1338.0
5609,1760002588666603.0,179741216.0,2888.0
5610,1760002588683140.0,179756192.0,1733.0
5611,1760002588699237.0,179770916.0,1491.0
5612,1760002588711693.0,179787072.0,2908.0
5613,1760002588727987.0,179801772.0,1456.0
5614,1760002588744224.0,179815976.0,968.0
5615,1760002588757020.0,179830088.0,930.0
5616,1760002588769055.0,179844088.0,817.0
5617,1760002588785520.0,179858016.0,751.0
5618,1760002588797757.0,179871888.0,691.0
5619,1760002588814057.0,179885656.0,591.0
5620,1760002588826585.0,179899388.0,558.0
5621,1760002588838677.0,179913080.0,511.0
5622,1760002588855043.0,179926844.0,577.0
5623,1760002588867393.0,179940576.0,551.0
5624,1760002588879677.0,179954236.0,478.0
5625,1760002588896023.0,179967892.0,477.0
5626,1760002588908295.0,179981532.0,453.0
5627,1760002588920536.0,179995108.0,401.0
5628,1760002588936952.0,180008688.0,402.0
5629,1760002588949417.0,180022268.0,402.0
5630,1760002588961541.0,180035772.0,319.0
5631,1760002588977877.0,180049316.0,358.0
5632,1760002588990393.0,180062820.0,326.0
5633,1760002589002545.0,180076284.0,288.0
5634,1760002589014810.0,180089708.0,250.0
5635,1760002589031149.0,180103152.0,269.0
5636,1760002589043501.0,180116596.0,263.0
5637,1760002589055749.0,180130040.0,263.0
5638,1760002589072087.0,180143488.0,269.0
5639,1760002589084352.0,180156940.0,269.0
5640,1760002589096709.0,180170388.0,269.0
5641,1760002589108925.0,180183836.0,269.0
5642,1760002589125449.0,180197284.0,269.0
5643,1760002589137633.0,180210740.0,269.0
5644,1760002589149874.0,180224232.0,319.0
5645,1760002589166060.0,180237656.0,250.0
5646,1760002589178762.0,180251136.0,307.0
5647,1760002589190929.0,180264600.0,288.0
5648,1760002589203308.0,180278104.0,326.0
5649,1760002589219609.0,180291568.0,288.0
5650,1760002589231813.0,180305112.0,358.0
5651,1760002589244127.0,180318652.0,364.0
5652,1760002589260598.0,180332252.0,420.0
5653,1760002589272819.0,180345892.0,458.0
5654,1760002589285102.0,180359544.0,472.0
5655,1760002589301492.0,180373284.0,558.0
5656,1760002589313809.0,180387076.0,611.0
5657,1760002589330099.0,180400936.0,677.0
5658,1760002589342713.0,180414892.0,771.0
5659,1760002589354742.0,180428868.0,791.0
5660,1760002589371299.0,180442972.0,930.0
5661,1760002589383397.0,180457120.0,967.0
5662,1760002589399812.0,180471348.0,1042.0
5663,1760002589412056.0,180485812.0,1230.0
5664,1760002589428528.0,180500316.0,1267.0
5665,1760002589440786.0,180514940.0,1383.0
5666,1760002589457109.0,180529716.0,1536.0
5667,1760002589473448.0,180544628.0,1671.0
5668,1760002589485798.0,180559672.0,1809.0
5669,1760002589502154.0,180574880.0,1962.0
5670,1760002589518638.0,180590216.0,2097.0
5671,1760002589534875.0,180605716.0,2259.0
5672,1760002589547243.0,180621388.0,2428.0
5673,1760002589563708.0,180637240.0,2611.0
5674,1760002589580000.0,180653312.0,2822.0
5675,1760002589596361.0,180669548.0,2987.0
5676,1760002589612746.0,180685964.0,3172.0
5677,1760002589629141.0,180702580.0,3361.0
5678,1760002589645480.0,180719368.0,3540.0
5679,1760002589665841.0,180736340.0,3722.0
5680,1760002589682487.0,180753504.0,3904.0
5681,1760002589699009.0,180770844.0,4084.0
5682,1760002589715186.0,180788340.0,4245.0
5683,1760002589735567.0,180806036.0,4439.0
5684,1760002589752159.0,180823848.0,4555.0
5685,1760002589768410.0,180841824.0,4717.0
5686,1760002589788741.0,180859876.0,4796.0
5687,1760002589805258.0,180877924.0,4790.0
5688,1760002589825634.0,180895972.0,4790.0
5689,1760002589842260.0,180913556.0,4329.0
5690,1760002589858491.0,180931484.0,4670.0
5691,1760002589878930.0,180949220.0,4475.0
5692,1760002589895575.0,180967140.0,4670.0
5693,1760002589911743.0,180985212.0,4816.0
5694,1760002589932217.0,181002800.0,4330.0
5695,1760002589948607.0,181020748.0,4690.0
5696,1760002589965110.0,181038736.0,4737.0
5697,1760002589985590.0,181056816.0,4816.0
5698,1760002590001832.0,181074864.0,4796.0
5699,1760002590022332.0,181092912.0,4790.0
5700,1760002590038736.0,181110964.0,4790.0
5701,1760002590059108.0,181129012.0,4795.0
5702,1760002590075801.0,181147064.0,4789.0
5703,1760002590091973.0,181165140.0,4815.0
5704,1760002590112513.0,181183184.0,4791.0
5705,1760002590128831.0,181201260.0,4816.0
5706,1760002590149016.0,181219312.0,4795.0
5707,1760002590165563.0,181237360.0,4790.0
5708,1760002590182035.0,181255436.0,4815.0
5709,1760002590202621.0,181273516.0,4822.0
5710,1760002590218931.0,181291588.0,4815.0
5711,1760002590239234.0,181309632.0,4788.0
5712,1760002590255774.0,181327712.0,4823.0
5713,1760002590272135.0,181345764.0,4791.0
5714,1760002590292798.0,181363816.0,4790.0
5715,1760002590309045.0,181381812.0,4742.0
5716,1760002590329576.0,181399888.0,4816.0
5717,1760002590345951.0,181417924.0,4771.0
5718,1760002590366144.0,181435972.0,4790.0
5719,1760002590382758.0,181454052.0,4816.0
5720,1760002590399285.0,181472100.0,4797.0
5721,1760002590419700.0,181490152.0,4791.0
5722,1760002590436016.0,181508228.0,4815.0
5723,1760002590456455.0,181526276.0,4790.0
5724,1760002590472855.0,181544332.0,4790.0
5725,1760002590489154.0,181562412.0,4821.0
5726,1760002590509881.0,181580452.0,4790.0
5727,1760002590526090.0,181598508.0,4792.0
5728,1760002590546766.0,181616560.0,4797.0
5729,1760002590562983.0,181634616.0,4791.0
5730,1760002590583164.0,181652672.0,4792.0
5731,1760002590599899.0,181670724.0,4797.0
5732,1760002590616168.0,181688800.0,4816.0
5733,1760002590636780.0,181706852.0,4792.0
5734,1760002590653049.0,181724868.0,4764.0
5735,1760002590673563.0,181742948.0,4816.0
5736,1760002590690313.0,181761004.0,4797.0
5737,1760002590706340.0,181779076.0,4816.0
5738,1760002590726755.0,181797156.0,4816.0
5739,1760002590743447.0,181815204.0,4796.0
5740,1760002590763781.0,181833236.0,4769.0
5741,1760002590780072.0,181851288.0,4794.0
5742,1760002590796459.0,181869316.0,4775.0
5743,1760002590817023.0,181887364.0,4790.0
5744,1760002590833294.0,181905396.0,4775.0
5745,1760002590853808.0,181923444.0,4790.0
5746,1760002590870183.0,181941520.0,4816.0
5747,1760002590890541.0,181959572.0,4796.0
5748,1760002590907199.0,181977652.0,4816.0
5749,1760002590923386.0,181995700.0,4790.0
5750,1760002590943982.0,182013732.0,4775.0
5751,1760002590960263.0,182031736.0,4743.0
5752,1760002590980702.0,182049744.0,4749.0
5753,1760002590997095.0,182067768.0,4769.0
5754,1760002591013533.0,182085756.0,4727.0
5755,1760002591033945.0,182103480.0,4464.0
5756,1760002591050539.0,182120952.0,4214.0
5757,1760002591066745.0,182138168.0,3960.0
5758,1760002591083141.0,182155124.0,3703.0
5759,1760002591099466.0,182171812.0,3434.0
5760,1760002591115851.0,182188256.0,3197.0
5761,1760002591132258.0,182204440.0,2934.0
5762,1760002591148625.0,182220340.0,2657.0
5763,1760002591165033.0,182236012.0,2433.0
5764,1760002591181353.0,182251368.0,2111.0
5765,1760002591197727.0,182266448.0,1840.0
5766,1760002591210194.0,182281376.0,1688.0
5767,1760002591226547.0,182295928.0,1321.0
5768,1760002591238768.0,182310244.0,1079.0
5769,1760002591254991.0,182324296.0,811.0
5770,1760002591267430.0,182337964.0,490.0
5771,1760002591279660.0,182351404.0,269.0
5772,1760002591296087.0,182364984.0,402.0
5773,1760002591308386.0,182378656.0,490.0
5774,1760002591320688.0,182392432.0,591.0
5775,1760002591337141.0,182406348.0,731.0
5776,1760002591349344.0,182420464.0,936.0
5777,1760002591365725.0,182437000.0,3335.0
5778,1760002591382073.0,182453712.0,3459.0
5779,1760002591402627.0,182472916.0,5941.0
5780,1760002591423063.0,182491888.0,5707.0
5781,1760002591439484.0,182509960.0,4815.0
5782,1760002591455793.0,182528016.0,4795.0
5783,1760002591476466.0,182546036.0,4763.0
5784,1760002591492705.0,182564008.0,4712.0
5785,1760002591513155.0,182581980.0,4718.0
5786,1760002591529527.0,182599976.0,4738.0
5787,1760002591541895.0,182613628.0,421.0
5788,1760002591562385.0,182631572.0,4737.0
5789,1760002591574652.0,182645076.0,269.0
5790,1760002591591042.0,182663072.0,4796.0
5791,1760002591607448.0,182676668.0,358.0
5792,1760002591631942.0,182703820.0,13891.0
5793,1760002591660602.0,182731100.0,13917.0
5794,1760002591689373.0,182758380.0,13923.0
5795,1760002591713937.0,182785632.0,13890.0
5796,1760002591742535.0,182812880.0,13887.0
5797,1760002591762907.0,182830924.0,4747.0
5798,1760002591779571.0,182848928.0,4743.0
5799,1760002591795813.0,182866960.0,4770.0
5800,1760002591816286.0,182884952.0,4737.0
5801,1760002591832622.0,182902956.0,4742.0
5802,1760002591853069.0,182920960.0,4748.0
5803,1760002591869551.0,182938964.0,4741.0
5804,1760002591885916.0,182956976.0,4748.0
5805,1760002591906423.0,182975000.0,4764.0
5806,1760002591922772.0,182992976.0,4716.0
5807,1760002591943164.0,183010920.0,4690.0
5808,1760002591959768.0,183028944.0,4763.0
5809,1760002591975963.0,183046944.0,4744.0
5810,1760002591996530.0,183064944.0,4737.0
5811,1760002592012903.0,183082920.0,4722.0
5812,1760002592033110.0,183100920.0,4737.0
5813,1760002592049848.0,183118900.0,4722.0
5814,1760002592066092.0,183136916.0,4764.0
5815,1760002592086830.0,183154944.0,4764.0
5816,1760002592102968.0,183172968.0,4770.0
5817,1760002592123358.0,183190992.0,4763.0
5818,1760002592140019.0,183209020.0,4769.0
5819,1760002592156177.0,183227016.0,4741.0
5820,1760002592176487.0,183245040.0,4764.0
5821,1760002592193056.0,183263064.0,4769.0
5822,1760002592213510.0,183281116.0,4789.0
5823,1760002592230177.0,183299168.0,4789.0
5824,1760002592246466.0,183317164.0,4737.0
5825,1760002592266817.0,183335112.0,4690.0
5826,1760002592283202.0,183352852.0,4482.0
5827,1760002592299636.0,183370784.0,4670.0
5828,1760002592320142.0,183388776.0,4738.0
5829,1760002592336414.0,183406828.0,4790.0
5830,1760002592356900.0,183424828.0,4746.0
5831,1760002592373277.0,183442856.0,4764.0
5832,1760002592393655.0,183460868.0,4749.0
5833,1760002592410290.0,183478868.0,4743.0
5834,1760002592426513.0,183496896.0,4764.0
5835,1760002592447155.0,183514924.0,4771.0
5836,1760002592463406.0,183532920.0,4738.0
5837,1760002592483585.0,183550896.0,4722.0
5838,1760002592500430.0,183568924.0,4764.0
5839,1760002592516611.0,183586924.0,4739.0
5840,1760002592537155.0,183604916.0,4738.0
5841,1760002592553638.0,183622916.0,4739.0
5842,1760002592573855.0,183640892.0,4721.0
5843,1760002592590592.0,183658920.0,4764.0
5844,1760002592606788.0,183676916.0,4744.0
5845,1760002592627253.0,183694892.0,4716.0
5846,1760002592643587.0,183712892.0,4742.0
5847,1760002592663970.0,183730892.0,4742.0
5848,1760002592680638.0,183748864.0,4716.0
5849,1760002592696897.0,183766864.0,4744.0
5850,1760002592717321.0,183784864.0,4737.0
5851,1760002592733678.0,183802836.0,4721.0
5852,1760002592750013.0,183820812.0,4716.0
5853,1760002592770512.0,183838784.0,4715.0
5854,1760002592786950.0,183856728.0,4690.0
5855,1760002592807443.0,183874780.0,4790.0
5856,1760002592823809.0,183892808.0,4770.0
5857,1760002592840234.0,183910780.0,4713.0
5858,1760002592860585.0,183928372.0,4336.0
5859,1760002592877376.0,183946320.0,4691.0
5860,1760002592897574.0,183964296.0,4718.0
5861,1760002592914412.0,183982292.0,4739.0
5862,1760002592930311.0,184000320.0,4771.0
5863,1760002592950793.0,184018316.0,4738.0
5864,1760002592967185.0,184036344.0,4770.0
5865,1760002592987561.0,184054344.0,4742.0
5866,1760002593004043.0,184072420.0,4815.0
5867,1760002593020386.0,184090448.0,4770.0
5868,1760002593040985.0,184108420.0,4715.0
5869,1760002593057418.0,184126428.0,4749.0
5870,1760002593077740.0,184144400.0,4716.0
5871,1760002593094904.0,184162400.0,4738.0
5872,1760002593110520.0,184180344.0,4691.0
5873,1760002593130833.0,184198344.0,4737.0
5874,1760002593147392.0,184216320.0,4722.0
5875,1760002593167547.0,184234372.0,4791.0
5876,1760002593184359.0,184252372.0,4744.0
5877,1760002593200640.0,184270400.0,4764.0
5878,1760002593221093.0,184288348.0,4691.0
5879,1760002593237746.0,184306320.0,4717.0
5880,1760002593257924.0,184324324.0,4741.0
5881,1760002593274476.0,184342320.0,4744.0
5882,1760002593290717.0,184360320.0,4738.0
5883,1760002593311249.0,184378320.0,4744.0
5884,1760002593327612.0,184396296.0,4716.0
5885,1760002593347831.0,184414316.0,4764.0
5886,1760002593364445.0,184432324.0,4743.0
5887,1760002593380852.0,184450328.0,4743.0
5888,1760002593401413.0,184468356.0,4775.0
5889,1760002593417677.0,184486336.0,4717.0
5890,1760002593437930.0,184504364.0,4769.0
5891,1760002593454726.0,184522380.0,4764.0
5892,1760002593470894.0,184540432.0,4790.0
5893,1760002593491319.0,184558456.0,4770.0
5894,1760002593507797.0,184576484.0,4764.0
5895,1760002593528278.0,184594488.0,4745.0
5896,1760002593544841.0,184612508.0,4765.0
5897,1760002593561051.0,184630560.0,4790.0
5898,1760002593581479.0,184648612.0,4797.0
5899,1760002593597903.0,184666644.0,4768.0
5900,1760002593618367.0,184684664.0,4764.0
5901,1760002593634792.0,184702696.0,4768.0
5902,1760002593651201.0,184720700.0,4743.0
5903,1760002593671555.0,184738688.0,4723.0
5904,1760002593688047.0,184756716.0,4769.0
5905,1760002593708468.0,184774724.0,4744.0
5906,1760002593724892.0,184792768.0,4790.0
5907,1760002593741232.0,184810800.0,4770.0
5908,1760002593761710.0,184828808.0,4749.0
5909,1760002593778107.0,184846856.0,4790.0
5910,1760002593798469.0,184864904.0,4790.0
5911,1760002593815000.0,184882956.0,4790.0
5912,1760002593835242.0,184900988.0,4768.0
5913,1760002593851809.0,184919016.0,4774.0
5914,1760002593868219.0,184937068.0,4795.0
5915,1760002593888743.0,184955100.0,4769.0
5916,1760002593905106.0,184973152.0,4797.0
5917,1760002593925497.0,184991172.0,4765.0
5918,1760002593941982.0,185009228.0,4791.0
5919,1760002593958352.0,185027248.0,4764.0
5920,1760002593978748.0,185045268.0,4764.0
5921,1760002593995225.0,185063320.0,4796.0
5922,1760002594015455.0,185081344.0,4765.0
5923,1760002594032076.0,185099392.0,4789.0
5924,1760002594048425.0,185117412.0,4764.0
5925,1760002594069023.0,185135440.0,4764.0
5926,1760002594085304.0,185153448.0,4749.0
5927,1760002594105508.0,185171476.0,4768.0
5928,1760002594122359.0,185189524.0,4790.0
5929,1760002594138546.0,185207580.0,4797.0
5930,1760002594158859.0,185225612.0,4769.0
5931,1760002594175356.0,185243668.0,4796.0
5932,1760002594195778.0,185261688.0,4764.0
5933,1760002594212272.0,185279692.0,4743.0
5934,1760002594232495.0,185297724.0,4775.0
5935,1760002594249136.0,185315752.0,4769.0
5936,1760002594265534.0,185333760.0,4749.0
